"Predictor","Iteration","Loss_function","RMSE","RMSE_true","Spearman","R2","RMSE_train","RMSE_true_train","Spearman_train","R2_train","Neg_preds","Effect_size","SE","p_value","Failed","Fail_message","AME_true"
"Environment1",1,"GLM",0.984102464454429,0.0868716562301088,0.752220888355342,0.554904556596525,1.01504720660095,0.0770922147167638,0.748746718667967,-0.703933877225514,38,2.10928559305784,0.123566767882159,2.48170117223691e-65,FALSE,NA,2
"Environment1",1,"POISSON",NA,NA,NA,NA,NA,NA,NA,NA,NA,NA,NA,NA,TRUE,"[33m![39m in callr subprocess.
[1mCaused by error[22m in `checkForRemoteErrors(val)`:
[33m![39m one node produced an error: missing value where TRUE/FALSE needed",2
"Environment1",1,"MAE",0.985869784494666,0.221750137849456,0.772677070828331,0.553304454037154,0.959740396855621,0.228464394243633,0.775838895972399,0.623912485623084,37,2.12500478814356,0.195301341731941,1.42548913989077e-27,FALSE,NA,2
"Environment1",1,"MSE",0.97875348420519,0.355131101225409,0.792557022809124,0.559729941178981,0.898298321264767,0.333662083104797,0.798348458711468,0.670524943407799,36,2.14563644264068,0.208236792172338,6.77107808042419e-25,FALSE,NA,2
"Environment1",1,"GAUSSIAN",0.968129337311757,0.259621276667571,0.785450180072029,0.569236128970264,0.929368244394068,0.253676301539149,0.790174754368859,0.647339334229556,37,2.09299030602898,0.171336069328304,2.56280801589141e-34,FALSE,NA,2
"Environment1",1,"NBINOM",1.80676157136271,1.63792232343031,0.729363745498199,-0.500286492270025,1.89320273956897,1.61140835852958,0.734533863346584,-0.463442332585093,0,0.812342119540074,0.601257817077776,0.1766726265008,FALSE,NA,2
"Environment2",1,"GLM",0.984102464454429,0.0868716562301088,0.752220888355342,0.554904556596525,1.01504720660095,0.0770922147167638,0.748746718667967,-0.703933877225514,38,0.417134427941798,0.135251709863176,0.00204145466234453,FALSE,NA,0.4
"Environment2",1,"POISSON",NA,NA,NA,NA,NA,NA,NA,NA,NA,NA,NA,NA,TRUE,"[33m![39m in callr subprocess.
[1mCaused by error[22m in `checkForRemoteErrors(val)`:
[33m![39m one node produced an error: missing value where TRUE/FALSE needed",0.4
"Environment2",1,"MSE",0.97875348420519,0.355131101225409,0.792557022809124,0.559729941178981,0.898298321264767,0.333662083104797,0.798348458711468,0.670524943407799,36,0.27804155696612,0.187613811190045,0.138343289201001,FALSE,NA,0.4
"Environment2",1,"GAUSSIAN",0.968129337311757,0.259621276667571,0.785450180072029,0.569236128970264,0.929368244394068,0.253676301539149,0.790174754368859,0.647339334229556,37,0.320730884060438,0.228763850418029,0.160910070032118,FALSE,NA,0.4
"Environment2",1,"MAE",0.985869784494666,0.221750137849456,0.772677070828331,0.553304454037154,0.959740396855621,0.228464394243633,0.775838895972399,0.623912485623084,37,0.45232871904847,0.1835732956611,0.0137387511472053,FALSE,NA,0.4
"Environment2",1,"NBINOM",1.80676157136271,1.63792232343031,0.729363745498199,-0.500286492270025,1.89320273956897,1.61140835852958,0.734533863346584,-0.463442332585093,0,0.263297208056976,0.14362029155263,0.0667599072005463,FALSE,NA,0.4
"Environment3",1,"GLM",0.984102464454429,0.0868716562301088,0.752220888355342,0.554904556596525,1.01504720660095,0.0770922147167638,0.748746718667967,-0.703933877225514,38,0.109129895294863,0.116846020137641,0.350322821198046,FALSE,NA,0.1
"Environment3",1,"MSE",0.97875348420519,0.355131101225409,0.792557022809124,0.559729941178981,0.898298321264767,0.333662083104797,0.798348458711468,0.670524943407799,36,0.173877594223491,0.158263184862823,0.271915945155812,FALSE,NA,0.1
"Environment3",1,"GAUSSIAN",0.968129337311757,0.259621276667571,0.785450180072029,0.569236128970264,0.929368244394068,0.253676301539149,0.790174754368859,0.647339334229556,37,0.138613872910933,0.169337847709288,0.413035190087901,FALSE,NA,0.1
"Environment3",1,"POISSON",NA,NA,NA,NA,NA,NA,NA,NA,NA,NA,NA,NA,TRUE,"[33m![39m in callr subprocess.
[1mCaused by error[22m in `checkForRemoteErrors(val)`:
[33m![39m one node produced an error: missing value where TRUE/FALSE needed",0.1
"Environment3",1,"MAE",0.985869784494666,0.221750137849456,0.772677070828331,0.553304454037154,0.959740396855621,0.228464394243633,0.775838895972399,0.623912485623084,37,0.112658624783286,0.176996286582969,0.524448783120566,FALSE,NA,0.1
"Environment3",1,"NBINOM",1.80676157136271,1.63792232343031,0.729363745498199,-0.500286492270025,1.89320273956897,1.61140835852958,0.734533863346584,-0.463442332585093,0,-0.0158840847137954,0.202263524118001,0.937405168936691,FALSE,NA,0.1
"Environment1",2,"GLM",0.952667019745,0.109575131181397,0.700456182472989,0.479155901378333,0.911204899272358,0.107429438793482,0.808067201680042,-0.575718461212975,38,2.0330083932572,0.0826808342938528,1.67154227356444e-133,FALSE,NA,2
"Environment1",2,"POISSON",NA,NA,NA,NA,NA,NA,NA,NA,NA,NA,NA,NA,TRUE,"[33m![39m in callr subprocess.
[1mCaused by error[22m in `checkForRemoteErrors(val)`:
[33m![39m one node produced an error: missing value where TRUE/FALSE needed",2
"Environment1",2,"MAE",0.952891693825079,0.182832609823137,0.695654261704682,0.478910203846801,0.89194026300803,0.201446263781063,0.815880897022426,0.638989276642536,38,1.91876119083259,0.202039879265207,2.16142555487524e-21,FALSE,NA,2
"Environment1",2,"MSE",0.931474023828275,0.138530850707461,0.68374549819928,0.502071502338183,0.880061232805643,0.191054827909385,0.819003975099378,0.648541261719571,38,1.89333623983711,0.125501372682014,1.99674094613257e-51,FALSE,NA,2
"Environment1",2,"GAUSSIAN",0.94224769521389,0.153005055500584,0.679327731092437,0.490486548649318,0.879830768298358,0.176932003305958,0.819588989724743,0.648725312911065,38,1.95981567063928,0.169972776136179,9.29557370814113e-31,FALSE,NA,2
"Environment1",2,"NBINOM",1.60351762488083,1.37838395301104,0.688931572629052,-0.475614662568983,1.86492674826305,1.54115086038112,0.811304282607065,-0.578236636186662,0,0.815753921183815,0.465845515147128,0.0799243092434002,FALSE,NA,2
"Environment2",2,"GLM",0.952667019745,0.109575131181397,0.700456182472989,0.479155901378333,0.911204899272358,0.107429438793482,0.808067201680042,-0.575718461212975,38,0.324904351458278,0.106481564465874,0.00227873076291774,FALSE,NA,0.4
"Environment2",2,"POISSON",NA,NA,NA,NA,NA,NA,NA,NA,NA,NA,NA,NA,TRUE,"[33m![39m in callr subprocess.
[1mCaused by error[22m in `checkForRemoteErrors(val)`:
[33m![39m one node produced an error: missing value where TRUE/FALSE needed",0.4
"Environment2",2,"MSE",0.931474023828275,0.138530850707461,0.68374549819928,0.502071502338183,0.880061232805643,0.191054827909385,0.819003975099378,0.648541261719571,38,0.327639156300322,0.131981833854945,0.0130480011847794,FALSE,NA,0.4
"Environment2",2,"GAUSSIAN",0.94224769521389,0.153005055500584,0.679327731092437,0.490486548649318,0.879830768298358,0.176932003305958,0.819588989724743,0.648725312911065,38,0.275594343346267,0.145007543917409,0.0573607487240589,FALSE,NA,0.4
"Environment2",2,"MAE",0.952891693825079,0.182832609823137,0.695654261704682,0.478910203846801,0.89194026300803,0.201446263781063,0.815880897022426,0.638989276642536,38,0.194509112831023,0.175888401068642,0.268784251487319,FALSE,NA,0.4
"Environment2",2,"NBINOM",1.60351762488083,1.37838395301104,0.688931572629052,-0.475614662568983,1.86492674826305,1.54115086038112,0.811304282607065,-0.578236636186662,0,0.0666354894511552,0.102026794854293,0.513680504183174,FALSE,NA,0.4
"Environment3",2,"GLM",0.952667019745,0.109575131181397,0.700456182472989,0.479155901378333,0.911204899272358,0.107429438793482,0.808067201680042,-0.575718461212975,38,0.0810048547702624,0.0895494052241189,0.365686432757277,FALSE,NA,0.1
"Environment3",2,"MSE",0.931474023828275,0.138530850707461,0.68374549819928,0.502071502338183,0.880061232805643,0.191054827909385,0.819003975099378,0.648541261719571,38,0.098495784377199,0.151053842863119,0.514364108491358,FALSE,NA,0.1
"Environment3",2,"GAUSSIAN",0.94224769521389,0.153005055500584,0.679327731092437,0.490486548649318,0.879830768298358,0.176932003305958,0.819588989724743,0.648725312911065,38,0.108896849019598,0.12103828049044,0.368285605235008,FALSE,NA,0.1
"Environment3",2,"POISSON",NA,NA,NA,NA,NA,NA,NA,NA,NA,NA,NA,NA,TRUE,"[33m![39m in callr subprocess.
[1mCaused by error[22m in `checkForRemoteErrors(val)`:
[33m![39m one node produced an error: missing value where TRUE/FALSE needed",0.1
"Environment3",2,"MAE",0.952891693825079,0.182832609823137,0.695654261704682,0.478910203846801,0.89194026300803,0.201446263781063,0.815880897022426,0.638989276642536,38,0.17263414243136,0.215662924362118,0.423431982015399,FALSE,NA,0.1
"Environment3",2,"NBINOM",1.60351762488083,1.37838395301104,0.688931572629052,-0.475614662568983,1.86492674826305,1.54115086038112,0.811304282607065,-0.578236636186662,0,-0.0268462105496247,0.102906477163625,0.794185282514981,FALSE,NA,0.1
"Environment1",3,"GLM",0.992115295163882,0.117357963332632,0.706986794717887,0.471672380686056,0.987959135302586,0.141969995529736,0.806274656866422,-0.487316316825002,36,2.15326415866583,0.139956115812443,2.05482739072617e-53,FALSE,NA,2
"Environment1",3,"POISSON",NA,NA,NA,NA,NA,NA,NA,NA,NA,NA,NA,NA,TRUE,"[33m![39m in callr subprocess.
[1mCaused by error[22m in `checkForRemoteErrors(val)`:
[33m![39m one node produced an error: missing value where TRUE/FALSE needed",2
"Environment1",3,"MAE",1.0078305605517,0.148960304790018,0.703625450180072,0.454802229200419,0.972966311051374,0.165224863077667,0.813509337733443,0.653066207890522,36,2.12449156150222,0.236553815174664,2.68298829420719e-19,FALSE,NA,2
"Environment1",3,"MSE",0.996886107194137,0.233399935990358,0.715054021608644,0.466578996685931,0.916524165227494,0.24879262891462,0.83513537838446,0.692150227334403,37,2.11805793596763,0.232237396815519,7.49666658194623e-20,FALSE,NA,2
"Environment1",3,"GAUSSIAN",0.97000097440868,0.181665260846136,0.719567827130852,0.494962803246568,0.943697414293405,0.213960166001849,0.82574364359109,0.673625268799746,37,2.11945330611244,0.169533342652875,7.30808927878196e-36,FALSE,NA,2
"Environment1",3,"NBINOM",1.50603770232859,1.2760377603921,0.696230492196879,-0.217448819866874,1.84748435690057,1.48204762523635,0.798994974874372,-0.250871036149679,0,1.18453196824767,0.637842858221739,0.0632982671319924,FALSE,NA,2
"Environment2",3,"GLM",0.992115295163882,0.117357963332632,0.706986794717887,0.471672380686056,0.987959135302586,0.141969995529736,0.806274656866422,-0.487316316825002,36,0.483181938014288,0.101536795888135,1.94855298461341e-06,FALSE,NA,0.4
"Environment2",3,"POISSON",NA,NA,NA,NA,NA,NA,NA,NA,NA,NA,NA,NA,TRUE,"[33m![39m in callr subprocess.
[1mCaused by error[22m in `checkForRemoteErrors(val)`:
[33m![39m one node produced an error: missing value where TRUE/FALSE needed",0.4
"Environment2",3,"MSE",0.996886107194137,0.233399935990358,0.715054021608644,0.466578996685931,0.916524165227494,0.24879262891462,0.83513537838446,0.692150227334403,37,0.380230674929435,0.212257279448451,0.0732344291951477,FALSE,NA,0.4
"Environment2",3,"GAUSSIAN",0.97000097440868,0.181665260846136,0.719567827130852,0.494962803246568,0.943697414293405,0.213960166001849,0.82574364359109,0.673625268799746,37,0.473389488394765,0.111576586460579,2.20815651768941e-05,FALSE,NA,0.4
"Environment2",3,"MAE",1.0078305605517,0.148960304790018,0.703625450180072,0.454802229200419,0.972966311051374,0.165224863077667,0.813509337733443,0.653066207890522,36,0.367000109999532,0.169603909796759,0.0304746458172239,FALSE,NA,0.4
"Environment2",3,"NBINOM",1.50603770232859,1.2760377603921,0.696230492196879,-0.217448819866874,1.84748435690057,1.48204762523635,0.798994974874372,-0.250871036149679,0,0.171761255789252,0.26316797417147,0.513970482600573,FALSE,NA,0.4
"Environment3",3,"GLM",0.992115295163882,0.117357963332632,0.706986794717887,0.471672380686056,0.987959135302586,0.141969995529736,0.806274656866422,-0.487316316825002,36,0.279107498775056,0.109019252796865,0.0104621859991156,FALSE,NA,0.1
"Environment3",3,"MSE",0.996886107194137,0.233399935990358,0.715054021608644,0.466578996685931,0.916524165227494,0.24879262891462,0.83513537838446,0.692150227334403,37,0.400187038666918,0.216292361693376,0.0642827898846974,FALSE,NA,0.1
"Environment3",3,"GAUSSIAN",0.97000097440868,0.181665260846136,0.719567827130852,0.494962803246568,0.943697414293405,0.213960166001849,0.82574364359109,0.673625268799746,37,0.292326524219377,0.154233308747511,0.0580456854676921,FALSE,NA,0.1
"Environment3",3,"POISSON",NA,NA,NA,NA,NA,NA,NA,NA,NA,NA,NA,NA,TRUE,"[33m![39m in callr subprocess.
[1mCaused by error[22m in `checkForRemoteErrors(val)`:
[33m![39m one node produced an error: missing value where TRUE/FALSE needed",0.1
"Environment3",3,"MAE",1.0078305605517,0.148960304790018,0.703625450180072,0.454802229200419,0.972966311051374,0.165224863077667,0.813509337733443,0.653066207890522,36,0.124541053626924,0.19601215141638,0.525184424879604,FALSE,NA,0.1
"Environment3",3,"NBINOM",1.50603770232859,1.2760377603921,0.696230492196879,-0.217448819866874,1.84748435690057,1.48204762523635,0.798994974874372,-0.250871036149679,0,0.0498146276592303,0.186833576675078,0.789757388686528,FALSE,NA,0.1
"Environment1",4,"GLM",1.07885014578845,0.189703682923519,0.719759903961585,0.549444388933584,0.99431234747796,0.188745327186568,0.770707267681692,-0.349339386567168,42,1.83988578505281,0.125165342209775,6.48009072739564e-49,FALSE,NA,2
"Environment1",4,"POISSON",NA,NA,NA,NA,NA,NA,NA,NA,NA,NA,NA,NA,TRUE,"[33m![39m in callr subprocess.
[1mCaused by error[22m in `checkForRemoteErrors(val)`:
[33m![39m one node produced an error: missing value where TRUE/FALSE needed",2
"Environment1",4,"MAE",1.05981431501456,0.248519092423441,0.729363745498199,0.56520382386317,0.981238429864181,0.245919953844578,0.780361509037726,0.57262591176806,41,1.66981432123855,0.183109518754865,7.56732869702685e-20,FALSE,NA,2
"Environment1",4,"MSE",1.06197831075105,0.240058641985625,0.716014405762305,0.563426422577749,0.944903820124154,0.237026282856838,0.794853371334283,0.603690667790085,38,1.862988073063,0.154084969297629,1.18340705939702e-33,FALSE,NA,2
"Environment1",4,"GAUSSIAN",1.06312082446237,0.206054922976443,0.709483793517407,0.562486554782365,0.968832644571952,0.211556809770963,0.781540538513463,0.583364168687291,40,1.82034601624683,0.141897268423962,1.1336665579229e-37,FALSE,NA,2
"Environment1",4,"NBINOM",1.91431761558634,1.54858966175083,0.733685474189676,-0.418581020138827,1.79994850467349,1.591982508597,0.771632790819771,-0.438067430221199,0,0.824512837023829,0.374740496022236,0.0277910434332288,FALSE,NA,2
"Environment2",4,"GLM",1.07885014578845,0.189703682923519,0.719759903961585,0.549444388933584,0.99431234747796,0.188745327186568,0.770707267681692,-0.349339386567168,42,0.159851950152792,0.125056658692875,0.201166150219493,FALSE,NA,0.4
"Environment2",4,"POISSON",NA,NA,NA,NA,NA,NA,NA,NA,NA,NA,NA,NA,TRUE,"[33m![39m in callr subprocess.
[1mCaused by error[22m in `checkForRemoteErrors(val)`:
[33m![39m one node produced an error: missing value where TRUE/FALSE needed",0.4
"Environment2",4,"MSE",1.06197831075105,0.240058641985625,0.716014405762305,0.563426422577749,0.944903820124154,0.237026282856838,0.794853371334283,0.603690667790085,38,0.280490378381277,0.199425174407937,0.159577385143243,FALSE,NA,0.4
"Environment2",4,"GAUSSIAN",1.06312082446237,0.206054922976443,0.709483793517407,0.562486554782365,0.968832644571952,0.211556809770963,0.781540538513463,0.583364168687291,40,0.18058047137587,0.140249853103591,0.197898250776023,FALSE,NA,0.4
"Environment2",4,"MAE",1.05981431501456,0.248519092423441,0.729363745498199,0.56520382386317,0.981238429864181,0.245919953844578,0.780361509037726,0.57262591176806,41,0.20480430975737,0.186598113288304,0.272392723529191,FALSE,NA,0.4
"Environment2",4,"NBINOM",1.91431761558634,1.54858966175083,0.733685474189676,-0.418581020138827,1.79994850467349,1.591982508597,0.771632790819771,-0.438067430221199,0,0.063792451494766,0.0817199130856196,0.435024204186038,FALSE,NA,0.4
"Environment3",4,"GLM",1.07885014578845,0.189703682923519,0.719759903961585,0.549444388933584,0.99431234747796,0.188745327186568,0.770707267681692,-0.349339386567168,42,0.262671899056376,0.115322864953181,0.0227439358185306,FALSE,NA,0.1
"Environment3",4,"MSE",1.06197831075105,0.240058641985625,0.716014405762305,0.563426422577749,0.944903820124154,0.237026282856838,0.794853371334283,0.603690667790085,38,0.234016015385969,0.13655526922496,0.0865821542181968,FALSE,NA,0.1
"Environment3",4,"GAUSSIAN",1.06312082446237,0.206054922976443,0.709483793517407,0.562486554782365,0.968832644571952,0.211556809770963,0.781540538513463,0.583364168687291,40,0.243679130672358,0.122254904063929,0.0462389638870728,FALSE,NA,0.1
"Environment3",4,"POISSON",NA,NA,NA,NA,NA,NA,NA,NA,NA,NA,NA,NA,TRUE,"[33m![39m in callr subprocess.
[1mCaused by error[22m in `checkForRemoteErrors(val)`:
[33m![39m one node produced an error: missing value where TRUE/FALSE needed",0.1
"Environment3",4,"MAE",1.05981431501456,0.248519092423441,0.729363745498199,0.56520382386317,0.981238429864181,0.245919953844578,0.780361509037726,0.57262591176806,41,0.177324124370542,0.115408008370872,0.124416393419591,FALSE,NA,0.1
"Environment3",4,"NBINOM",1.91431761558634,1.54858966175083,0.733685474189676,-0.418581020138827,1.79994850467349,1.591982508597,0.771632790819771,-0.438067430221199,0,0.06318438801393,0.135291866955845,0.640483557888085,FALSE,NA,0.1
"Environment1",5,"GLM",0.959727346879682,0.127015871955177,0.80609843937575,0.644820200017141,0.987364547002646,0.109990108576399,0.753033825845646,-0.896288568560255,35,1.91682387627251,0.105222426205265,3.79195987343011e-74,FALSE,NA,2
"Environment1",5,"POISSON",NA,NA,NA,NA,NA,NA,NA,NA,NA,NA,NA,NA,TRUE,"[33m![39m in callr subprocess.
[1mCaused by error[22m in `checkForRemoteErrors(val)`:
[33m![39m one node produced an error: missing value where TRUE/FALSE needed",2
"Environment1",5,"MAE",1.01425664500961,0.315469940743935,0.759903961584634,0.603312750098193,0.921518193983615,0.34608969761935,0.78254406360159,0.624752125383885,33,1.80734664906375,0.178724455974383,4.86395566937614e-24,FALSE,NA,2
"Environment1",5,"MSE",1.02138333174576,0.282127927441564,0.768163265306122,0.597718509267076,0.898845025802405,0.324674191674693,0.796036900922523,0.642990270811712,33,1.79697695271898,0.160463245173614,4.13841703256374e-29,FALSE,NA,2
"Environment1",5,"GAUSSIAN",0.988810096944438,0.234297780413876,0.782953181272509,0.622967920591434,0.924604237750257,0.263554921996434,0.783387084677117,0.622234605014389,33,1.78155276239105,0.150271590858728,2.01391014788988e-32,FALSE,NA,2
"Environment1",5,"NBINOM",1.99326760094098,1.72395671714604,0.827226890756303,-0.532088080436108,1.80679935601094,1.59097942538106,0.743562589064727,-0.442547980259544,0,1.06219982376264,0.474290552687072,0.0251198207396156,FALSE,NA,2
"Environment2",5,"GLM",0.959727346879682,0.127015871955177,0.80609843937575,0.644820200017141,0.987364547002646,0.109990108576399,0.753033825845646,-0.896288568560255,35,0.474079058270396,0.0769353846502575,7.18128749315511e-10,FALSE,NA,0.4
"Environment2",5,"POISSON",NA,NA,NA,NA,NA,NA,NA,NA,NA,NA,NA,NA,TRUE,"[33m![39m in callr subprocess.
[1mCaused by error[22m in `checkForRemoteErrors(val)`:
[33m![39m one node produced an error: missing value where TRUE/FALSE needed",0.4
"Environment2",5,"MSE",1.02138333174576,0.282127927441564,0.768163265306122,0.597718509267076,0.898845025802405,0.324674191674693,0.796036900922523,0.642990270811712,33,0.363824817590937,0.174759925379096,0.0373557197815355,FALSE,NA,0.4
"Environment2",5,"GAUSSIAN",0.988810096944438,0.234297780413876,0.782953181272509,0.622967920591434,0.924604237750257,0.263554921996434,0.783387084677117,0.622234605014389,33,0.375745742320625,0.121935460653345,0.00205951283842002,FALSE,NA,0.4
"Environment2",5,"MAE",1.01425664500961,0.315469940743935,0.759903961584634,0.603312750098193,0.921518193983615,0.34608969761935,0.78254406360159,0.624752125383885,33,0.321748583234497,0.215074972084953,0.13465798682435,FALSE,NA,0.4
"Environment2",5,"NBINOM",1.99326760094098,1.72395671714604,0.827226890756303,-0.532088080436108,1.80679935601094,1.59097942538106,0.743562589064727,-0.442547980259544,0,0.0807212486310123,0.0926423686042496,0.383578863845088,FALSE,NA,0.4
"Environment3",5,"GLM",0.959727346879682,0.127015871955177,0.80609843937575,0.644820200017141,0.987364547002646,0.109990108576399,0.753033825845646,-0.896288568560255,35,-0.0549311904163661,0.125871171427734,0.662540711256898,FALSE,NA,0.1
"Environment3",5,"MSE",1.02138333174576,0.282127927441564,0.768163265306122,0.597718509267076,0.898845025802405,0.324674191674693,0.796036900922523,0.642990270811712,33,-0.0743597221373711,0.163969063453962,0.650189832814586,FALSE,NA,0.1
"Environment3",5,"GAUSSIAN",0.988810096944438,0.234297780413876,0.782953181272509,0.622967920591434,0.924604237750257,0.263554921996434,0.783387084677117,0.622234605014389,33,-0.0921394503110387,0.120891919164707,0.445962219882047,FALSE,NA,0.1
"Environment3",5,"POISSON",NA,NA,NA,NA,NA,NA,NA,NA,NA,NA,NA,NA,TRUE,"[33m![39m in callr subprocess.
[1mCaused by error[22m in `checkForRemoteErrors(val)`:
[33m![39m one node produced an error: missing value where TRUE/FALSE needed",0.1
"Environment3",5,"MAE",1.01425664500961,0.315469940743935,0.759903961584634,0.603312750098193,0.921518193983615,0.34608969761935,0.78254406360159,0.624752125383885,33,-0.119101515215312,0.189393241862246,0.529441817473365,FALSE,NA,0.1
"Environment3",5,"NBINOM",1.99326760094098,1.72395671714604,0.827226890756303,-0.532088080436108,1.80679935601094,1.59097942538106,0.743562589064727,-0.442547980259544,0,-0.117315393798024,0.0795370523857757,0.140218487464779,FALSE,NA,0.1
"Environment1",6,"GLM",1.10569943871058,0.0627357713430222,0.631884753901561,0.347739398294393,0.959427798635998,0.0643153434180437,0.783637590939774,-0.526806695562254,38,2.05159439352214,0.119757478904924,8.67816410260819e-66,FALSE,NA,2
"Environment1",6,"POISSON",NA,NA,NA,NA,NA,NA,NA,NA,NA,NA,NA,NA,TRUE,"[33m![39m in callr subprocess.
[1mCaused by error[22m in `checkForRemoteErrors(val)`:
[33m![39m one node produced an error: missing value where TRUE/FALSE needed",2
"Environment1",6,"MAE",1.11248700021519,0.267072916517484,0.654261704681873,0.339706749255014,0.905195259169873,0.246174646283713,0.810833270831771,0.657825672537458,36,1.99092616428807,0.26831656794935,1.17063562463749e-13,FALSE,NA,2
"Environment1",6,"MSE",1.13481022650331,0.335890410488905,0.640240096038415,0.312941921919301,0.879359475475173,0.31409725730079,0.820679516987925,0.677079381092582,37,2.00451268907171,0.142828932674388,9.60594137491583e-45,FALSE,NA,2
"Environment1",6,"GAUSSIAN",1.11305925568944,0.305498242568165,0.6431212484994,0.339027274149928,0.887219617752798,0.293119360080998,0.818145953648841,0.671280738054012,36,1.95008154606074,0.147691164286383,8.34413346968556e-40,FALSE,NA,2
"Environment1",6,"NBINOM",1.79296361986696,1.58920127842762,0.599039615846339,-0.71510188281131,1.84547755462505,1.53130400665177,0.770399759994,-0.422264649972204,0,0.850482844295646,0.255526517527215,0.000873606127157524,FALSE,NA,2
"Environment2",6,"GLM",1.10569943871058,0.0627357713430222,0.631884753901561,0.347739398294393,0.959427798635998,0.0643153434180437,0.783637590939774,-0.526806695562254,38,0.405002375873726,0.080352979672276,4.64825244990912e-07,FALSE,NA,0.4
"Environment2",6,"POISSON",NA,NA,NA,NA,NA,NA,NA,NA,NA,NA,NA,NA,TRUE,"[33m![39m in callr subprocess.
[1mCaused by error[22m in `checkForRemoteErrors(val)`:
[33m![39m one node produced an error: missing value where TRUE/FALSE needed",0.4
"Environment2",6,"MSE",1.13481022650331,0.335890410488905,0.640240096038415,0.312941921919301,0.879359475475173,0.31409725730079,0.820679516987925,0.677079381092582,37,0.479550107488292,0.106690973509985,6.96491085088066e-06,FALSE,NA,0.4
"Environment2",6,"GAUSSIAN",1.11305925568944,0.305498242568165,0.6431212484994,0.339027274149928,0.887219617752798,0.293119360080998,0.818145953648841,0.671280738054012,36,0.393083221735011,0.0952038427045355,3.6456822460242e-05,FALSE,NA,0.4
"Environment2",6,"MAE",1.11248700021519,0.267072916517484,0.654261704681873,0.339706749255014,0.905195259169873,0.246174646283713,0.810833270831771,0.657825672537458,36,0.337946302667624,0.131038901935919,0.00990934094598757,FALSE,NA,0.4
"Environment2",6,"NBINOM",1.79296361986696,1.58920127842762,0.599039615846339,-0.71510188281131,1.84547755462505,1.53130400665177,0.770399759994,-0.422264649972204,0,-0.0315669704721314,0.113928003515984,0.781720031452454,FALSE,NA,0.4
"Environment3",6,"GLM",1.10569943871058,0.0627357713430222,0.631884753901561,0.347739398294393,0.959427798635998,0.0643153434180437,0.783637590939774,-0.526806695562254,38,0.117935439342199,0.107446187329141,0.272369011699205,FALSE,NA,0.1
"Environment3",6,"MSE",1.13481022650331,0.335890410488905,0.640240096038415,0.312941921919301,0.879359475475173,0.31409725730079,0.820679516987925,0.677079381092582,37,0.0552347577312758,0.17693115951641,0.754902062785079,FALSE,NA,0.1
"Environment3",6,"GAUSSIAN",1.11305925568944,0.305498242568165,0.6431212484994,0.339027274149928,0.887219617752798,0.293119360080998,0.818145953648841,0.671280738054012,36,0.0383304629082664,0.14695209542912,0.79421863403098,FALSE,NA,0.1
"Environment3",6,"POISSON",NA,NA,NA,NA,NA,NA,NA,NA,NA,NA,NA,NA,TRUE,"[33m![39m in callr subprocess.
[1mCaused by error[22m in `checkForRemoteErrors(val)`:
[33m![39m one node produced an error: missing value where TRUE/FALSE needed",0.1
"Environment3",6,"MAE",1.11248700021519,0.267072916517484,0.654261704681873,0.339706749255014,0.905195259169873,0.246174646283713,0.810833270831771,0.657825672537458,36,0.0916077941735784,0.154084633429462,0.552158303475952,FALSE,NA,0.1
"Environment3",6,"NBINOM",1.79296361986696,1.58920127842762,0.599039615846339,-0.71510188281131,1.84547755462505,1.53130400665177,0.770399759994,-0.422264649972204,0,0.0436594124827277,0.0842722161516058,0.604405245926155,FALSE,NA,0.1
"Environment1",7,"GLM",0.901647624931494,0.23184477140908,0.817719087635054,0.666540131923848,0.914240273284339,0.246804937099918,0.745928148203705,-0.754076202533266,43,1.70986044353062,0.120540949008966,1.13639205471144e-45,FALSE,NA,2
"Environment1",7,"POISSON",NA,NA,NA,NA,NA,NA,NA,NA,NA,NA,NA,NA,TRUE,"[33m![39m in callr subprocess.
[1mCaused by error[22m in `checkForRemoteErrors(val)`:
[33m![39m one node produced an error: missing value where TRUE/FALSE needed",2
"Environment1",7,"MAE",0.97749292957223,0.337601989651884,0.814357743097239,0.60808026083406,0.905037907590471,0.307724879170165,0.758690467261682,0.581987839039267,39,1.71985106693581,0.244855195855837,2.15679408190659e-12,FALSE,NA,2
"Environment1",7,"MSE",0.996234880662948,0.323716371136537,0.787563025210084,0.592907243687092,0.861706335260793,0.292063790577978,0.77579239480987,0.621056948264668,41,1.69430184397116,0.19238234530037,1.28596137645953e-18,FALSE,NA,2
"Environment1",7,"GAUSSIAN",0.970095817919403,0.315045117482306,0.800048019207683,0.613989469399525,0.880703012333342,0.289074184774398,0.766876171904298,0.604164865175937,41,1.63005341989361,0.159174580122575,1.30338514393303e-24,FALSE,NA,2
"Environment1",7,"NBINOM",1.90413924780284,1.58501315403042,0.811668667466987,-0.487192879497379,1.71468668024119,1.60482399829221,0.745784144603615,-0.500461736909313,0,0.606734830488774,0.320534439920125,0.0583731656236592,FALSE,NA,2
"Environment2",7,"GLM",0.901647624931494,0.23184477140908,0.817719087635054,0.666540131923848,0.914240273284339,0.246804937099918,0.745928148203705,-0.754076202533266,43,0.585210702008003,0.0857899223321647,9.01331873733978e-12,FALSE,NA,0.4
"Environment2",7,"POISSON",NA,NA,NA,NA,NA,NA,NA,NA,NA,NA,NA,NA,TRUE,"[33m![39m in callr subprocess.
[1mCaused by error[22m in `checkForRemoteErrors(val)`:
[33m![39m one node produced an error: missing value where TRUE/FALSE needed",0.4
"Environment2",7,"MSE",0.996234880662948,0.323716371136537,0.787563025210084,0.592907243687092,0.861706335260793,0.292063790577978,0.77579239480987,0.621056948264668,41,0.580585214450286,0.173728865707997,0.000832057927267451,FALSE,NA,0.4
"Environment2",7,"GAUSSIAN",0.970095817919403,0.315045117482306,0.800048019207683,0.613989469399525,0.880703012333342,0.289074184774398,0.766876171904298,0.604164865175937,41,0.58181417287817,0.151518954512949,0.000123095886547835,FALSE,NA,0.4
"Environment2",7,"MAE",0.97749292957223,0.337601989651884,0.814357743097239,0.60808026083406,0.905037907590471,0.307724879170165,0.758690467261682,0.581987839039267,39,0.484239924198555,0.214015130757678,0.0236576801725385,FALSE,NA,0.4
"Environment2",7,"NBINOM",1.90413924780284,1.58501315403042,0.811668667466987,-0.487192879497379,1.71468668024119,1.60482399829221,0.745784144603615,-0.500461736909313,0,0.13515061438805,0.0667965056989267,0.0430403073673937,FALSE,NA,0.4
"Environment3",7,"GLM",0.901647624931494,0.23184477140908,0.817719087635054,0.666540131923848,0.914240273284339,0.246804937099918,0.745928148203705,-0.754076202533266,43,-0.17880837569002,0.095172896470744,0.0602753409629349,FALSE,NA,0.1
"Environment3",7,"MSE",0.996234880662948,0.323716371136537,0.787563025210084,0.592907243687092,0.861706335260793,0.292063790577978,0.77579239480987,0.621056948264668,41,-0.0946640118377691,0.142102787407765,0.505305153695699,FALSE,NA,0.1
"Environment3",7,"GAUSSIAN",0.970095817919403,0.315045117482306,0.800048019207683,0.613989469399525,0.880703012333342,0.289074184774398,0.766876171904298,0.604164865175937,41,-0.139630886691553,0.175300866001371,0.425729057105204,FALSE,NA,0.1
"Environment3",7,"POISSON",NA,NA,NA,NA,NA,NA,NA,NA,NA,NA,NA,NA,TRUE,"[33m![39m in callr subprocess.
[1mCaused by error[22m in `checkForRemoteErrors(val)`:
[33m![39m one node produced an error: missing value where TRUE/FALSE needed",0.1
"Environment3",7,"MAE",0.97749292957223,0.337601989651884,0.814357743097239,0.60808026083406,0.905037907590471,0.307724879170165,0.758690467261682,0.581987839039267,39,-0.0592396796097601,0.222468389679825,0.790020816711711,FALSE,NA,0.1
"Environment3",7,"NBINOM",1.90413924780284,1.58501315403042,0.811668667466987,-0.487192879497379,1.71468668024119,1.60482399829221,0.745784144603615,-0.500461736909313,0,0.011440342519126,0.0557241301940227,0.837335240243358,FALSE,NA,0.1
"Environment1",8,"GLM",0.996571527116548,0.14729177747241,0.81406962785114,0.638885872728151,1.10264839130637,0.14593055195658,0.730624765619141,-0.789631491929394,35,2.16769383820995,0.120517511246271,2.4836110316198e-72,FALSE,NA,2
"Environment1",8,"POISSON",NA,NA,NA,NA,NA,NA,NA,NA,NA,NA,NA,NA,TRUE,"[33m![39m in callr subprocess.
[1mCaused by error[22m in `checkForRemoteErrors(val)`:
[33m![39m one node produced an error: missing value where TRUE/FALSE needed",2
"Environment1",8,"MAE",1.12438019796705,0.336382157841243,0.737142857142857,0.540321802086079,1.05698242655908,0.314220365854073,0.757152928823221,0.586260309963573,37,1.8509194462439,0.191790224976109,4.87976878612512e-22,FALSE,NA,2
"Environment1",8,"MSE",1.08831753015473,0.302282963777136,0.776614645858343,0.569335792993366,1.02748227826726,0.294118151931397,0.768994224855622,0.609032793467948,36,2.00941351046599,0.25026997674491,9.82835845891007e-16,FALSE,NA,2
"Environment1",8,"GAUSSIAN",1.09483393682526,0.315824249631213,0.775174069627851,0.564163065772287,1.04237882968225,0.302671729469405,0.761068026700668,0.597614042658594,35,2.05551653632987,0.205047318007757,1.18844558918548e-23,FALSE,NA,2
"Environment1",8,"NBINOM",1.91241850691177,1.69484161390245,0.772004801920768,-0.329821667471795,1.98406956219905,1.54049425949931,0.726135153378835,-0.457825157203998,0,0.511723185403447,0.376231029604182,0.173788725922796,FALSE,NA,2
"Environment2",8,"GLM",0.996571527116548,0.14729177747241,0.81406962785114,0.638885872728151,1.10264839130637,0.14593055195658,0.730624765619141,-0.789631491929394,35,0.386328454661744,0.111058389595599,0.000504027795279823,FALSE,NA,0.4
"Environment2",8,"POISSON",NA,NA,NA,NA,NA,NA,NA,NA,NA,NA,NA,NA,TRUE,"[33m![39m in callr subprocess.
[1mCaused by error[22m in `checkForRemoteErrors(val)`:
[33m![39m one node produced an error: missing value where TRUE/FALSE needed",0.4
"Environment2",8,"MSE",1.08831753015473,0.302282963777136,0.776614645858343,0.569335792993366,1.02748227826726,0.294118151931397,0.768994224855622,0.609032793467948,36,0.36354951839744,0.163070205515309,0.0257869752100579,FALSE,NA,0.4
"Environment2",8,"GAUSSIAN",1.09483393682526,0.315824249631213,0.775174069627851,0.564163065772287,1.04237882968225,0.302671729469405,0.761068026700668,0.597614042658594,35,0.348090565370514,0.139149724266909,0.0123649543787279,FALSE,NA,0.4
"Environment2",8,"MAE",1.12438019796705,0.336382157841243,0.737142857142857,0.540321802086079,1.05698242655908,0.314220365854073,0.757152928823221,0.586260309963573,37,0.295456660135467,0.170190452688457,0.0825575655328603,FALSE,NA,0.4
"Environment2",8,"NBINOM",1.91241850691177,1.69484161390245,0.772004801920768,-0.329821667471795,1.98406956219905,1.54049425949931,0.726135153378835,-0.457825157203998,0,0.224216421512936,0.184585883072774,0.224480637253872,FALSE,NA,0.4
"Environment3",8,"GLM",0.996571527116548,0.14729177747241,0.81406962785114,0.638885872728151,1.10264839130637,0.14593055195658,0.730624765619141,-0.789631491929394,35,-0.0452754132050976,0.147353756355943,0.758648072082229,FALSE,NA,0.1
"Environment3",8,"MSE",1.08831753015473,0.302282963777136,0.776614645858343,0.569335792993366,1.02748227826726,0.294118151931397,0.768994224855622,0.609032793467948,36,-0.128097881800524,0.204787301295479,0.531631975645074,FALSE,NA,0.1
"Environment3",8,"GAUSSIAN",1.09483393682526,0.315824249631213,0.775174069627851,0.564163065772287,1.04237882968225,0.302671729469405,0.761068026700668,0.597614042658594,35,-0.0703406793501931,0.150178200797095,0.639511850617616,FALSE,NA,0.1
"Environment3",8,"POISSON",NA,NA,NA,NA,NA,NA,NA,NA,NA,NA,NA,NA,TRUE,"[33m![39m in callr subprocess.
[1mCaused by error[22m in `checkForRemoteErrors(val)`:
[33m![39m one node produced an error: missing value where TRUE/FALSE needed",0.1
"Environment3",8,"MAE",1.12438019796705,0.336382157841243,0.737142857142857,0.540321802086079,1.05698242655908,0.314220365854073,0.757152928823221,0.586260309963573,37,-0.103884500307206,0.180012963289429,0.563875584795337,FALSE,NA,0.1
"Environment3",8,"NBINOM",1.91241850691177,1.69484161390245,0.772004801920768,-0.329821667471795,1.98406956219905,1.54049425949931,0.726135153378835,-0.457825157203998,0,-0.08599420562118,0.127100412245746,0.498669432693761,FALSE,NA,0.1
"Environment1",9,"GLM",1.2060543009087,0.0984600367901704,0.691620648259304,0.519760152163607,0.922770249806225,0.0996369517527393,0.798012450311258,-0.746424712229872,39,2.10603078418976,0.132894294457165,1.46488023589799e-56,FALSE,NA,2
"Environment1",9,"POISSON",NA,NA,NA,NA,NA,NA,NA,NA,NA,NA,NA,NA,TRUE,"[33m![39m in callr subprocess.
[1mCaused by error[22m in `checkForRemoteErrors(val)`:
[33m![39m one node produced an error: missing value where TRUE/FALSE needed",2
"Environment1",9,"MAE",1.23205893602055,0.235852348543067,0.681440576230492,0.498827266280522,0.897537245408736,0.261050793619132,0.812963324083102,0.641529618552271,39,1.94631826362014,0.201107216274534,3.73912007940716e-22,FALSE,NA,2
"Environment1",9,"MSE",1.22392138411663,0.168677171777942,0.684417767106843,0.505425734409524,0.86902965648315,0.191364467138104,0.823897097427436,0.663939465767187,38,1.9202496141959,0.148346259048951,2.5281215411609e-38,FALSE,NA,2
"Environment1",9,"GAUSSIAN",1.22560021308404,0.186047241911153,0.690180072028811,0.504068008216734,0.878556653658306,0.189189002567317,0.817412435310883,0.656530749053714,38,1.94973871645331,0.113798853349175,8.39072502090446e-66,FALSE,NA,2
"Environment1",9,"NBINOM",2.08170852403227,1.64609949801505,0.716014405762305,-0.430751830820373,1.8369855341161,1.5479534323871,0.80476711917798,-0.50161912619804,0,0.945928351389814,0.313961033692196,0.00258777333695305,FALSE,NA,2
"Environment2",9,"GLM",1.2060543009087,0.0984600367901704,0.691620648259304,0.519760152163607,0.922770249806225,0.0996369517527393,0.798012450311258,-0.746424712229872,39,0.510676659678815,0.120178044317052,2.14406949177392e-05,FALSE,NA,0.4
"Environment2",9,"POISSON",NA,NA,NA,NA,NA,NA,NA,NA,NA,NA,NA,NA,TRUE,"[33m![39m in callr subprocess.
[1mCaused by error[22m in `checkForRemoteErrors(val)`:
[33m![39m one node produced an error: missing value where TRUE/FALSE needed",0.4
"Environment2",9,"MSE",1.22392138411663,0.168677171777942,0.684417767106843,0.505425734409524,0.86902965648315,0.191364467138104,0.823897097427436,0.663939465767187,38,0.551092525324697,0.151880304133407,0.000285110247682977,FALSE,NA,0.4
"Environment2",9,"GAUSSIAN",1.22560021308404,0.186047241911153,0.690180072028811,0.504068008216734,0.878556653658306,0.189189002567317,0.817412435310883,0.656530749053714,38,0.56026525109692,0.144070257537256,0.000100727167273359,FALSE,NA,0.4
"Environment2",9,"MAE",1.23205893602055,0.235852348543067,0.681440576230492,0.498827266280522,0.897537245408736,0.261050793619132,0.812963324083102,0.641529618552271,39,0.538993676940387,0.189763276731495,0.00450643928368854,FALSE,NA,0.4
"Environment2",9,"NBINOM",2.08170852403227,1.64609949801505,0.716014405762305,-0.430751830820373,1.8369855341161,1.5479534323871,0.80476711917798,-0.50161912619804,0,0.21293860164579,0.121022367532465,0.0784929764526726,FALSE,NA,0.4
"Environment3",9,"GLM",1.2060543009087,0.0984600367901704,0.691620648259304,0.519760152163607,0.922770249806225,0.0996369517527393,0.798012450311258,-0.746424712229872,39,-0.00644944305902306,0.121317274712444,0.957603002480036,FALSE,NA,0.1
"Environment3",9,"MSE",1.22392138411663,0.168677171777942,0.684417767106843,0.505425734409524,0.86902965648315,0.191364467138104,0.823897097427436,0.663939465767187,38,0.0326589536842657,0.139076658877476,0.814343015621815,FALSE,NA,0.1
"Environment3",9,"GAUSSIAN",1.22560021308404,0.186047241911153,0.690180072028811,0.504068008216734,0.878556653658306,0.189189002567317,0.817412435310883,0.656530749053714,38,0.0492544024988929,0.119588659445641,0.680438257508879,FALSE,NA,0.1
"Environment3",9,"POISSON",NA,NA,NA,NA,NA,NA,NA,NA,NA,NA,NA,NA,TRUE,"[33m![39m in callr subprocess.
[1mCaused by error[22m in `checkForRemoteErrors(val)`:
[33m![39m one node produced an error: missing value where TRUE/FALSE needed",0.1
"Environment3",9,"MAE",1.23205893602055,0.235852348543067,0.681440576230492,0.498827266280522,0.897537245408736,0.261050793619132,0.812963324083102,0.641529618552271,39,0.0550511172123806,0.175419452910247,0.753653490619619,FALSE,NA,0.1
"Environment3",9,"NBINOM",2.08170852403227,1.64609949801505,0.716014405762305,-0.430751830820373,1.8369855341161,1.5479534323871,0.80476711917798,-0.50161912619804,0,-0.0849404296272436,0.0783933029362968,0.278579274095059,FALSE,NA,0.1
"Environment1",10,"GLM",0.903538461281527,0.11297055668008,0.774021608643457,0.621989448285787,1.01293624981528,0.132255450101504,0.786574664366609,-0.444751062270037,36,2.17657254817279,0.116837919489851,1.87016804436177e-77,FALSE,NA,2
"Environment1",10,"POISSON",NA,NA,NA,NA,NA,NA,NA,NA,NA,NA,NA,NA,FALSE,NA,2
"Environment1",10,"MAE",0.928106400951831,0.252857114461779,0.752412965186074,0.60115314627149,0.964409706673178,0.266187771661147,0.808296707417686,0.644002073285523,33,2.05819341101497,0.180763198697886,4.90281191465579e-30,FALSE,NA,2
"Environment1",10,"MSE",0.932881443891764,0.270771649866254,0.745210084033613,0.597038509977524,0.925826861967138,0.274166619215699,0.822557563939099,0.671916886662539,40,2.06276948676072,0.146335320237876,4.00872052105286e-45,FALSE,NA,2
"Environment1",10,"GAUSSIAN",0.923666626013856,0.283405534582134,0.75875150060024,0.604959939988388,0.949400952564833,0.275403293222134,0.813443336083402,0.654996382179144,39,2.02517109239846,0.105321032674796,2.13501143085944e-82,FALSE,NA,2
"Environment1",10,"NBINOM",1.61869023105789,1.31423534085995,0.737334933973589,-0.213215991374,1.87756341219907,1.47049375333436,0.800397509937748,-0.349315627447214,0,0.914287738948961,0.44245095250578,0.0387892139992481,FALSE,NA,2
"Environment2",10,"GLM",0.903538461281527,0.11297055668008,0.774021608643457,0.621989448285787,1.01293624981528,0.132255450101504,0.786574664366609,-0.444751062270037,36,0.436346908250102,0.129806124024355,0.000775125237850335,FALSE,NA,0.4
"Environment2",10,"POISSON",NA,NA,NA,NA,NA,NA,NA,NA,NA,NA,NA,NA,FALSE,NA,0.4
"Environment2",10,"MSE",0.932881443891764,0.270771649866254,0.745210084033613,0.597038509977524,0.925826861967138,0.274166619215699,0.822557563939099,0.671916886662539,40,0.319576291530269,0.153411239589517,0.037238938325247,FALSE,NA,0.4
"Environment2",10,"GAUSSIAN",0.923666626013856,0.283405534582134,0.75875150060024,0.604959939988388,0.949400952564833,0.275403293222134,0.813443336083402,0.654996382179144,39,0.410233860286768,0.184371281830752,0.0260784134387267,FALSE,NA,0.4
"Environment2",10,"MAE",0.928106400951831,0.252857114461779,0.752412965186074,0.60115314627149,0.964409706673178,0.266187771661147,0.808296707417686,0.644002073285523,33,0.354766810190318,0.231805406643395,0.125905140031352,FALSE,NA,0.4
"Environment2",10,"NBINOM",1.61869023105789,1.31423534085995,0.737334933973589,-0.213215991374,1.87756341219907,1.47049375333436,0.800397509937748,-0.349315627447214,0,0.0685454366465604,0.0998115284659131,0.492241107077692,FALSE,NA,0.4
"Environment3",10,"GLM",0.903538461281527,0.11297055668008,0.774021608643457,0.621989448285787,1.01293624981528,0.132255450101504,0.786574664366609,-0.444751062270037,36,0.0523514871322192,0.092248826946666,0.57037248090429,FALSE,NA,0.1
"Environment3",10,"MSE",0.932881443891764,0.270771649866254,0.745210084033613,0.597038509977524,0.925826861967138,0.274166619215699,0.822557563939099,0.671916886662539,40,0.037969280275116,0.148569294298929,0.798285870748952,FALSE,NA,0.1
"Environment3",10,"GAUSSIAN",0.923666626013856,0.283405534582134,0.75875150060024,0.604959939988388,0.949400952564833,0.275403293222134,0.813443336083402,0.654996382179144,39,0.0342561750307286,0.134267658601897,0.798620006073736,FALSE,NA,0.1
"Environment3",10,"POISSON",NA,NA,NA,NA,NA,NA,NA,NA,NA,NA,NA,NA,FALSE,NA,0.1
"Environment3",10,"MAE",0.928106400951831,0.252857114461779,0.752412965186074,0.60115314627149,0.964409706673178,0.266187771661147,0.808296707417686,0.644002073285523,33,0.0545206592388631,0.196364244341518,0.781280550368215,FALSE,NA,0.1
"Environment3",10,"NBINOM",1.61869023105789,1.31423534085995,0.737334933973589,-0.213215991374,1.87756341219907,1.47049375333436,0.800397509937748,-0.349315627447214,0,0.108019601922253,0.117438519583941,0.357678833906559,FALSE,NA,0.1
"Environment1",11,"GLM",1.08396395703358,0.154701876661428,0.675294117647059,0.493727842771878,1.02407148636478,0.140422729951527,0.746501162529063,-0.454501059954846,44,1.88933601056448,0.125554714888443,3.56316019368739e-51,FALSE,NA,2
"Environment1",11,"POISSON",NA,NA,NA,NA,NA,NA,NA,NA,NA,NA,NA,NA,TRUE,"[33m![39m in callr subprocess.
[1mCaused by error[22m in `checkForRemoteErrors(val)`:
[33m![39m one node produced an error: missing value where TRUE/FALSE needed",2
"Environment1",11,"MAE",1.10325468399519,0.213408812755883,0.676638655462185,0.475547789432108,0.987858797144107,0.209013909723325,0.758721968049201,0.581807847098432,43,1.71883080242865,0.192881589950938,5.04256316217237e-19,FALSE,NA,2
"Environment1",11,"MSE",1.117830338295,0.268001245577582,0.646482593037215,0.461598643968918,0.948554315392302,0.282145540342449,0.776906922673067,0.614423511138935,41,1.77281142006,0.15522669540232,3.29229259736005e-30,FALSE,NA,2
"Environment1",11,"GAUSSIAN",1.09706061066334,0.233282599645303,0.658775510204082,0.481420189305716,0.972436979433756,0.221210486260424,0.764936623415586,0.594763022743321,41,1.80930644027982,0.18078898207726,1.40798907704499e-23,FALSE,NA,2
"Environment1",11,"NBINOM",1.80791883721711,1.47344838537264,0.666170468187275,-0.408355259561157,2.03992761978726,1.74127911334161,0.74609615240381,-0.783264040960476,0,0.975096706664836,0.858019453675526,0.255768037040774,FALSE,NA,2
"Environment2",11,"GLM",1.08396395703358,0.154701876661428,0.675294117647059,0.493727842771878,1.02407148636478,0.140422729951527,0.746501162529063,-0.454501059954846,44,0.499228432207182,0.156676231009651,0.00144070249837241,FALSE,NA,0.4
"Environment2",11,"POISSON",NA,NA,NA,NA,NA,NA,NA,NA,NA,NA,NA,NA,TRUE,"[33m![39m in callr subprocess.
[1mCaused by error[22m in `checkForRemoteErrors(val)`:
[33m![39m one node produced an error: missing value where TRUE/FALSE needed",0.4
"Environment2",11,"MSE",1.117830338295,0.268001245577582,0.646482593037215,0.461598643968918,0.948554315392302,0.282145540342449,0.776906922673067,0.614423511138935,41,0.535384184370781,0.193125398202762,0.00556770834661104,FALSE,NA,0.4
"Environment2",11,"GAUSSIAN",1.09706061066334,0.233282599645303,0.658775510204082,0.481420189305716,0.972436979433756,0.221210486260424,0.764936623415586,0.594763022743321,41,0.469490894070397,0.128706028116708,0.000264519027061271,FALSE,NA,0.4
"Environment2",11,"MAE",1.10325468399519,0.213408812755883,0.676638655462185,0.475547789432108,0.987858797144107,0.209013909723325,0.758721968049201,0.581807847098432,43,0.513476162050916,0.200278670081896,0.0103530640917821,FALSE,NA,0.4
"Environment2",11,"NBINOM",1.80791883721711,1.47344838537264,0.666170468187275,-0.408355259561157,2.03992761978726,1.74127911334161,0.74609615240381,-0.783264040960476,0,0.30570550109388,0.299051646241263,0.306662661470373,FALSE,NA,0.4
"Environment3",11,"GLM",1.08396395703358,0.154701876661428,0.675294117647059,0.493727842771878,1.02407148636478,0.140422729951527,0.746501162529063,-0.454501059954846,44,0.0123286282900906,0.132786319830542,0.926026207405692,FALSE,NA,0.1
"Environment3",11,"MSE",1.117830338295,0.268001245577582,0.646482593037215,0.461598643968918,0.948554315392302,0.282145540342449,0.776906922673067,0.614423511138935,41,0.0224918249778711,0.169801849763086,0.894621055962188,FALSE,NA,0.1
"Environment3",11,"GAUSSIAN",1.09706061066334,0.233282599645303,0.658775510204082,0.481420189305716,0.972436979433756,0.221210486260424,0.764936623415586,0.594763022743321,41,-0.000586719131249993,0.120503912049865,0.996115210877409,FALSE,NA,0.1
"Environment3",11,"POISSON",NA,NA,NA,NA,NA,NA,NA,NA,NA,NA,NA,NA,TRUE,"[33m![39m in callr subprocess.
[1mCaused by error[22m in `checkForRemoteErrors(val)`:
[33m![39m one node produced an error: missing value where TRUE/FALSE needed",0.1
"Environment3",11,"MAE",1.10325468399519,0.213408812755883,0.676638655462185,0.475547789432108,0.987858797144107,0.209013909723325,0.758721968049201,0.581807847098432,43,-0.00121612303983056,0.177181136318695,0.994523580788933,FALSE,NA,0.1
"Environment3",11,"NBINOM",1.80791883721711,1.47344838537264,0.666170468187275,-0.408355259561157,2.03992761978726,1.74127911334161,0.74609615240381,-0.783264040960476,0,-0.0128841101292685,0.104656735077787,0.902021358575486,FALSE,NA,0.1
"Environment1",12,"GLM",1.04902593299001,0.0753973917387848,0.839519807923169,0.676713853578948,1.07431199337785,0.0696406301608149,0.755396384909623,-0.684196777901031,35,2.02753608790594,0.0997099291168555,6.38869968482849e-92,FALSE,NA,2
"Environment1",12,"POISSON",NA,NA,NA,NA,NA,NA,NA,NA,NA,NA,NA,NA,TRUE,"[33m![39m in callr subprocess.
[1mCaused by error[22m in `serverSocket(port = port)`:
[33m![39m creation of server socket failed: port 11991 cannot be opened",2
"Environment1",12,"MAE",1.0915586419463,0.185417431622957,0.830876350540216,0.649967161293171,1.04736440154485,0.158555105867742,0.769220730518263,0.571496476160426,33,1.86149395107199,0.151460102383439,1.02094174625634e-34,FALSE,NA,2
"Environment1",12,"MSE",1.14839894272018,0.260412927740206,0.803409363745498,0.612563784913017,0.961067183045063,0.246620297056745,0.807276681917048,0.639200210011227,33,1.88388768008281,0.215928137236891,2.67111627575686e-18,FALSE,NA,2
"Environment1",12,"GAUSSIAN",1.14963711553725,0.22082738775386,0.815990396158463,0.611727887945812,1.00588141385066,0.18132554148639,0.789267231680792,0.604767774936459,35,1.83604873290751,0.194745479543163,4.18220934751792e-21,FALSE,NA,2
"Environment1",12,"NBINOM",2.0582368858384,1.49927177941814,0.822232893157263,-0.24452996956514,1.82677825201932,1.53261273558996,0.741048526213155,-0.303558258911649,0,0.949513260085733,0.359995629145672,0.00835026710775817,FALSE,NA,2
"Environment2",12,"GLM",1.04902593299001,0.0753973917387848,0.839519807923169,0.676713853578948,1.07431199337785,0.0696406301608149,0.755396384909623,-0.684196777901031,35,0.380341392033675,0.150814659211485,0.0116718698275917,FALSE,NA,0.4
"Environment2",12,"POISSON",NA,NA,NA,NA,NA,NA,NA,NA,NA,NA,NA,NA,TRUE,"[33m![39m in callr subprocess.
[1mCaused by error[22m in `serverSocket(port = port)`:
[33m![39m creation of server socket failed: port 11991 cannot be opened",0.4
"Environment2",12,"MSE",1.14839894272018,0.260412927740206,0.803409363745498,0.612563784913017,0.961067183045063,0.246620297056745,0.807276681917048,0.639200210011227,33,0.203230408693329,0.282156395348731,0.471355233717066,FALSE,NA,0.4
"Environment2",12,"GAUSSIAN",1.14963711553725,0.22082738775386,0.815990396158463,0.611727887945812,1.00588141385066,0.18132554148639,0.789267231680792,0.604767774936459,35,0.216514655718755,0.180979301673571,0.231559857564562,FALSE,NA,0.4
"Environment2",12,"MAE",1.0915586419463,0.185417431622957,0.830876350540216,0.649967161293171,1.04736440154485,0.158555105867742,0.769220730518263,0.571496476160426,33,0.363126840526056,0.142183730244359,0.010651564390305,FALSE,NA,0.4
"Environment2",12,"NBINOM",2.0582368858384,1.49927177941814,0.822232893157263,-0.24452996956514,1.82677825201932,1.53261273558996,0.741048526213155,-0.303558258911649,0,0.0630064689335771,0.0923091169239116,0.494885204053661,FALSE,NA,0.4
"Environment3",12,"GLM",1.04902593299001,0.0753973917387848,0.839519807923169,0.676713853578948,1.07431199337785,0.0696406301608149,0.755396384909623,-0.684196777901031,35,0.198135191721861,0.154155909094272,0.198690638562861,FALSE,NA,0.1
"Environment3",12,"MSE",1.14839894272018,0.260412927740206,0.803409363745498,0.612563784913017,0.961067183045063,0.246620297056745,0.807276681917048,0.639200210011227,33,0.0833174136301604,0.265134980866024,0.753334762384397,FALSE,NA,0.1
"Environment3",12,"GAUSSIAN",1.14963711553725,0.22082738775386,0.815990396158463,0.611727887945812,1.00588141385066,0.18132554148639,0.789267231680792,0.604767774936459,35,0.0993835600629682,0.171589806381925,0.562459168485333,FALSE,NA,0.1
"Environment3",12,"POISSON",NA,NA,NA,NA,NA,NA,NA,NA,NA,NA,NA,NA,TRUE,"[33m![39m in callr subprocess.
[1mCaused by error[22m in `serverSocket(port = port)`:
[33m![39m creation of server socket failed: port 11991 cannot be opened",0.1
"Environment3",12,"MAE",1.0915586419463,0.185417431622957,0.830876350540216,0.649967161293171,1.04736440154485,0.158555105867742,0.769220730518263,0.571496476160426,33,0.207988213490666,0.210136129177312,0.322282417319924,FALSE,NA,0.1
"Environment3",12,"NBINOM",2.0582368858384,1.49927177941814,0.822232893157263,-0.24452996956514,1.82677825201932,1.53261273558996,0.741048526213155,-0.303558258911649,0,0.165501792564077,0.0837968306169889,0.0482640148228431,FALSE,NA,0.1
"Environment1",13,"GLM",0.927250762823603,0.183301373378594,0.801296518607443,0.661705206467961,0.944861304436587,0.16037488485021,0.783073576839421,-0.984738997982425,29,2.21875466900427,0.158186762195983,1.0781677829768e-44,FALSE,NA,2
"Environment1",13,"POISSON",NA,NA,NA,NA,NA,NA,NA,NA,NA,NA,NA,NA,TRUE,"[33m![39m in callr subprocess.
[1mCaused by error[22m in `checkForRemoteErrors(val)`:
[33m![39m one node produced an error: missing value where TRUE/FALSE needed",2
"Environment1",13,"MAE",0.959746805266096,0.320106014926899,0.788235294117647,0.637578239529978,0.919503935932698,0.315358047381458,0.793720843021076,0.633067954606455,27,2.11489531840384,0.165875370245251,3.12122827450902e-37,FALSE,NA,2
"Environment1",13,"MSE",0.990706689361763,0.350292455356607,0.761440576230492,0.613818819174264,0.886078009696972,0.272338625918096,0.805818645466137,0.659260584756729,29,2.18434005315602,0.180531998999247,1.06305635510021e-33,FALSE,NA,2
"Environment1",13,"GAUSSIAN",0.951594050072095,0.288039902920861,0.781320528211285,0.643709410971631,0.903205834825939,0.245696008388928,0.798021450536263,0.645960331287372,29,2.15275257066637,0.152256296026674,2.18348991825183e-45,FALSE,NA,2
"Environment1",13,"NBINOM",1.7241769407283,1.44802062703997,0.792460984393757,-0.169673310576166,1.73625338390109,1.45340199568513,0.783949598739969,-0.308291943453999,0,0.973894324536213,0.323317348249281,0.00259367448375201,FALSE,NA,2
"Environment2",13,"GLM",0.927250762823603,0.183301373378594,0.801296518607443,0.661705206467961,0.944861304436587,0.16037488485021,0.783073576839421,-0.984738997982425,29,0.337579762899998,0.141278378020365,0.0168729238674353,FALSE,NA,0.4
"Environment2",13,"POISSON",NA,NA,NA,NA,NA,NA,NA,NA,NA,NA,NA,NA,TRUE,"[33m![39m in callr subprocess.
[1mCaused by error[22m in `checkForRemoteErrors(val)`:
[33m![39m one node produced an error: missing value where TRUE/FALSE needed",0.4
"Environment2",13,"MSE",0.990706689361763,0.350292455356607,0.761440576230492,0.613818819174264,0.886078009696972,0.272338625918096,0.805818645466137,0.659260584756729,29,0.269546005914046,0.183313378673834,0.141450477702556,FALSE,NA,0.4
"Environment2",13,"GAUSSIAN",0.951594050072095,0.288039902920861,0.781320528211285,0.643709410971631,0.903205834825939,0.245696008388928,0.798021450536263,0.645960331287372,29,0.290210614242926,0.135153740461104,0.0317723567246246,FALSE,NA,0.4
"Environment2",13,"MAE",0.959746805266096,0.320106014926899,0.788235294117647,0.637578239529978,0.919503935932698,0.315358047381458,0.793720843021076,0.633067954606455,27,0.195229709612505,0.123611751781254,0.114249327958961,FALSE,NA,0.4
"Environment2",13,"NBINOM",1.7241769407283,1.44802062703997,0.792460984393757,-0.169673310576166,1.73625338390109,1.45340199568513,0.783949598739969,-0.308291943453999,0,0.106634682728392,0.147941810804869,0.471039956294463,FALSE,NA,0.4
"Environment3",13,"GLM",0.927250762823603,0.183301373378594,0.801296518607443,0.661705206467961,0.944861304436587,0.16037488485021,0.783073576839421,-0.984738997982425,29,0.123124101941239,0.131924378250515,0.350668695890214,FALSE,NA,0.1
"Environment3",13,"MSE",0.990706689361763,0.350292455356607,0.761440576230492,0.613818819174264,0.886078009696972,0.272338625918096,0.805818645466137,0.659260584756729,29,0.0794331476035441,0.177233596512078,0.654020875644444,FALSE,NA,0.1
"Environment3",13,"GAUSSIAN",0.951594050072095,0.288039902920861,0.781320528211285,0.643709410971631,0.903205834825939,0.245696008388928,0.798021450536263,0.645960331287372,29,0.164486342604232,0.100056490459156,0.100189679192808,FALSE,NA,0.1
"Environment3",13,"POISSON",NA,NA,NA,NA,NA,NA,NA,NA,NA,NA,NA,NA,TRUE,"[33m![39m in callr subprocess.
[1mCaused by error[22m in `checkForRemoteErrors(val)`:
[33m![39m one node produced an error: missing value where TRUE/FALSE needed",0.1
"Environment3",13,"MAE",0.959746805266096,0.320106014926899,0.788235294117647,0.637578239529978,0.919503935932698,0.315358047381458,0.793720843021076,0.633067954606455,27,0.155022852516571,0.183974807555225,0.399434919587022,FALSE,NA,0.1
"Environment3",13,"NBINOM",1.7241769407283,1.44802062703997,0.792460984393757,-0.169673310576166,1.73625338390109,1.45340199568513,0.783949598739969,-0.308291943453999,0,-0.00603081043962473,0.10335511123446,0.953469535138037,FALSE,NA,0.1
"Environment1",14,"GLM",1.06693458749794,0.0740531629275551,0.698055222088836,0.484992914149542,1.02297275072279,0.0712396080313454,0.768236705917648,-0.67515063849626,43,1.95775174565682,0.1229367832925,4.25928225544878e-57,FALSE,NA,2
"Environment1",14,"POISSON",NA,NA,NA,NA,NA,NA,NA,NA,NA,NA,NA,NA,FALSE,NA,2
"Environment1",14,"MAE",1.00324586393442,0.239601333332978,0.689315726290516,0.54464262795494,0.981557523786559,0.222299627528628,0.790291757293932,0.613539195895548,43,1.89800293548405,0.138609646564786,1.11562996512076e-42,FALSE,NA,2
"Environment1",14,"MSE",1.0587928653313,0.282616434938243,0.692100840336135,0.49282290898425,0.957495770514306,0.271087966784552,0.798187954698868,0.632254244331884,37,1.96798947181925,0.175820038236899,4.40235094489663e-29,FALSE,NA,2
"Environment1",14,"GAUSSIAN",1.05969157484728,0.258623718797547,0.698919567827131,0.491961553873501,0.970959210438186,0.226134547021567,0.793980349508738,0.621839718964153,39,2.00417141286936,0.160879065192848,1.27096134872668e-35,FALSE,NA,2
"Environment1",14,"NBINOM",2.02031570272629,1.55476285889699,0.686434573829532,-0.846613876822387,1.8387912855902,1.59745674217263,0.767329183229581,-0.35624707402315,0,1.06663352168866,0.446521066964263,0.0169051503673718,FALSE,NA,2
"Environment2",14,"GLM",1.06693458749794,0.0740531629275551,0.698055222088836,0.484992914149542,1.02297275072279,0.0712396080313454,0.768236705917648,-0.67515063849626,43,0.383676646112968,0.0826660785604178,3.46252904904611e-06,FALSE,NA,0.4
"Environment2",14,"POISSON",NA,NA,NA,NA,NA,NA,NA,NA,NA,NA,NA,NA,FALSE,NA,0.4
"Environment2",14,"MSE",1.0587928653313,0.282616434938243,0.692100840336135,0.49282290898425,0.957495770514306,0.271087966784552,0.798187954698868,0.632254244331884,37,0.23798284592542,0.168142898136169,0.156962773267154,FALSE,NA,0.4
"Environment2",14,"GAUSSIAN",1.05969157484728,0.258623718797547,0.698919567827131,0.491961553873501,0.970959210438186,0.226134547021567,0.793980349508738,0.621839718964153,39,0.335537987947118,0.162361716388737,0.0387711261457195,FALSE,NA,0.4
"Environment2",14,"MAE",1.00324586393442,0.239601333332978,0.689315726290516,0.54464262795494,0.981557523786559,0.222299627528628,0.790291757293932,0.613539195895548,43,0.145208967556082,0.197177378546024,0.461464021722854,FALSE,NA,0.4
"Environment2",14,"NBINOM",2.02031570272629,1.55476285889699,0.686434573829532,-0.846613876822387,1.8387912855902,1.59745674217263,0.767329183229581,-0.35624707402315,0,0.0345377718710117,0.0697817725663352,0.620642662789833,FALSE,NA,0.4
"Environment3",14,"GLM",1.06693458749794,0.0740531629275551,0.698055222088836,0.484992914149542,1.02297275072279,0.0712396080313454,0.768236705917648,-0.67515063849626,43,0.140792555743219,0.116572273850269,0.227135544102202,FALSE,NA,0.1
"Environment3",14,"MSE",1.0587928653313,0.282616434938243,0.692100840336135,0.49282290898425,0.957495770514306,0.271087966784552,0.798187954698868,0.632254244331884,37,0.178116682346071,0.210903102458475,0.398366195101618,FALSE,NA,0.1
"Environment3",14,"GAUSSIAN",1.05969157484728,0.258623718797547,0.698919567827131,0.491961553873501,0.970959210438186,0.226134547021567,0.793980349508738,0.621839718964153,39,0.222196558428841,0.127781474331864,0.0820559990652932,FALSE,NA,0.1
"Environment3",14,"POISSON",NA,NA,NA,NA,NA,NA,NA,NA,NA,NA,NA,NA,FALSE,NA,0.1
"Environment3",14,"MAE",1.00324586393442,0.239601333332978,0.689315726290516,0.54464262795494,0.981557523786559,0.222299627528628,0.790291757293932,0.613539195895548,43,0.121532170234495,0.170091551009933,0.474911670865045,FALSE,NA,0.1
"Environment3",14,"NBINOM",2.02031570272629,1.55476285889699,0.686434573829532,-0.846613876822387,1.8387912855902,1.59745674217263,0.767329183229581,-0.35624707402315,0,0.0781755572424087,0.0983646499049595,0.426757452154543,FALSE,NA,0.1
"Environment1",15,"GLM",0.939135350669429,0.176095727278198,0.676446578631453,0.393217575367353,0.883489030762962,0.154913937135688,0.817605940148504,-0.719942019383775,41,2.11137089112409,0.0835249495878157,5.53074206167486e-141,FALSE,NA,2
"Environment1",15,"POISSON",NA,NA,NA,NA,NA,NA,NA,NA,NA,NA,NA,NA,TRUE,"[33m![39m in callr subprocess.
[1mCaused by error[22m in `checkForRemoteErrors(val)`:
[33m![39m one node produced an error: missing value where TRUE/FALSE needed",2
"Environment1",15,"MAE",0.913049351200533,0.150501258982695,0.678175270108043,0.426458139834665,0.868802990973224,0.136469666915335,0.827878196954924,0.67958605113704,41,1.91968078287691,0.180415250257717,1.9340867704796e-26,FALSE,NA,2
"Environment1",15,"MSE",0.920976776159089,0.184339792630281,0.67875150060024,0.416455508230408,0.854371814702108,0.175083073663496,0.831182779569489,0.690142062943977,41,1.93874512206018,0.0980079847481797,4.29700939164891e-87,FALSE,NA,2
"Environment1",15,"GAUSSIAN",0.923936413047997,0.184755608168927,0.6737575030012,0.41269894257627,0.860238251509162,0.182538812325129,0.829778744468612,0.685872252791479,41,1.93683279466629,0.174729164336467,1.48730301842643e-28,FALSE,NA,2
"Environment1",15,"NBINOM",1.57372300476016,1.58631324684725,0.673469387755102,-0.70385723581963,1.7379034801187,1.46201970722948,0.820661516537914,-0.282094701511341,0,0.912110766817208,0.457661909627933,0.0462637007655502,FALSE,NA,2
"Environment2",15,"GLM",0.939135350669429,0.176095727278198,0.676446578631453,0.393217575367353,0.883489030762962,0.154913937135688,0.817605940148504,-0.719942019383775,41,0.59539887720126,0.102310081194925,5.90054287443656e-09,FALSE,NA,0.4
"Environment2",15,"POISSON",NA,NA,NA,NA,NA,NA,NA,NA,NA,NA,NA,NA,TRUE,"[33m![39m in callr subprocess.
[1mCaused by error[22m in `checkForRemoteErrors(val)`:
[33m![39m one node produced an error: missing value where TRUE/FALSE needed",0.4
"Environment2",15,"MSE",0.920976776159089,0.184339792630281,0.67875150060024,0.416455508230408,0.854371814702108,0.175083073663496,0.831182779569489,0.690142062943977,41,0.617934142468865,0.0991079874264549,4.51899219564662e-10,FALSE,NA,0.4
"Environment2",15,"GAUSSIAN",0.923936413047997,0.184755608168927,0.6737575030012,0.41269894257627,0.860238251509162,0.182538812325129,0.829778744468612,0.685872252791479,41,0.594244636863066,0.108426300196248,4.23809482326045e-08,FALSE,NA,0.4
"Environment2",15,"MAE",0.913049351200533,0.150501258982695,0.678175270108043,0.426458139834665,0.868802990973224,0.136469666915335,0.827878196954924,0.67958605113704,41,0.558613716907515,0.109251891169335,3.16947108541504e-07,FALSE,NA,0.4
"Environment2",15,"NBINOM",1.57372300476016,1.58631324684725,0.673469387755102,-0.70385723581963,1.7379034801187,1.46201970722948,0.820661516537914,-0.282094701511341,0,0.0778312567536252,0.0583133986658203,0.18197251227971,FALSE,NA,0.4
"Environment3",15,"GLM",0.939135350669429,0.176095727278198,0.676446578631453,0.393217575367353,0.883489030762962,0.154913937135688,0.817605940148504,-0.719942019383775,41,0.260191544198938,0.128315027504207,0.042585175156529,FALSE,NA,0.1
"Environment3",15,"MSE",0.920976776159089,0.184339792630281,0.67875150060024,0.416455508230408,0.854371814702108,0.175083073663496,0.831182779569489,0.690142062943977,41,0.192903197186712,0.114056305148803,0.0907799078595539,FALSE,NA,0.1
"Environment3",15,"GAUSSIAN",0.923936413047997,0.184755608168927,0.6737575030012,0.41269894257627,0.860238251509162,0.182538812325129,0.829778744468612,0.685872252791479,41,0.230920609003093,0.136696203783743,0.0911623570087981,FALSE,NA,0.1
"Environment3",15,"POISSON",NA,NA,NA,NA,NA,NA,NA,NA,NA,NA,NA,NA,TRUE,"[33m![39m in callr subprocess.
[1mCaused by error[22m in `checkForRemoteErrors(val)`:
[33m![39m one node produced an error: missing value where TRUE/FALSE needed",0.1
"Environment3",15,"MAE",0.913049351200533,0.150501258982695,0.678175270108043,0.426458139834665,0.868802990973224,0.136469666915335,0.827878196954924,0.67958605113704,41,0.0734471354409143,0.116019005536988,0.526693652731082,FALSE,NA,0.1
"Environment3",15,"NBINOM",1.57372300476016,1.58631324684725,0.673469387755102,-0.70385723581963,1.7379034801187,1.46201970722948,0.820661516537914,-0.282094701511341,0,0.0426362601004408,0.0661289659640336,0.519093037996686,FALSE,NA,0.1
"Environment1",16,"GLM",0.927792600762064,0.13872614576369,0.802833133253301,0.607654002370012,1.04937589318689,0.141188252001738,0.781254031350784,-0.671954581792042,36,2.19871988486865,0.163277548109396,2.47436955714203e-41,FALSE,NA,2
"Environment1",16,"POISSON",NA,NA,NA,NA,NA,NA,NA,NA,NA,NA,NA,NA,TRUE,"[33m![39m in callr subprocess.
[1mCaused by error[22m in `checkForRemoteErrors(val)`:
[33m![39m one node produced an error: missing value where TRUE/FALSE needed",2
"Environment1",16,"MAE",1.02818389217423,0.44386526444715,0.775846338535414,0.518153166893484,0.982568558479501,0.346737699104607,0.810057751443786,0.652047332121544,36,2.20072319326922,0.215752962126329,1.97866241232587e-24,FALSE,NA,2
"Environment1",16,"MSE",1.03802471701077,0.481477731095685,0.781224489795918,0.508885443020939,0.933515159509767,0.374950514333713,0.831032775819396,0.685922232833105,37,2.22988027859274,0.162541859642305,7.83446936290408e-43,FALSE,NA,2
"Environment1",16,"GAUSSIAN",1.02778547639113,0.453085351756266,0.776422569027611,0.518526520707115,0.963004751044694,0.371933874473194,0.81659191479787,0.665765478230476,35,2.20564717865176,0.177586686611069,2.03267544583329e-35,FALSE,NA,2
"Environment1",16,"NBINOM",1.83075287568666,1.6486476191895,0.726386554621849,-0.527660563008218,1.81414953619314,1.46809120293155,0.770311257781445,-0.186152720170944,0,1.18523271029761,0.548314451931169,0.0306495573887429,FALSE,NA,2
"Environment2",16,"GLM",0.927792600762064,0.13872614576369,0.802833133253301,0.607654002370012,1.04937589318689,0.141188252001738,0.781254031350784,-0.671954581792042,36,0.397730834865172,0.166499401127868,0.0169043123305864,FALSE,NA,0.4
"Environment2",16,"POISSON",NA,NA,NA,NA,NA,NA,NA,NA,NA,NA,NA,NA,TRUE,"[33m![39m in callr subprocess.
[1mCaused by error[22m in `checkForRemoteErrors(val)`:
[33m![39m one node produced an error: missing value where TRUE/FALSE needed",0.4
"Environment2",16,"MSE",1.03802471701077,0.481477731095685,0.781224489795918,0.508885443020939,0.933515159509767,0.374950514333713,0.831032775819396,0.685922232833105,37,0.4248185552533,0.286085123643104,0.137560356139873,FALSE,NA,0.4
"Environment2",16,"GAUSSIAN",1.02778547639113,0.453085351756266,0.776422569027611,0.518526520707115,0.963004751044694,0.371933874473194,0.81659191479787,0.665765478230476,35,0.409172028959601,0.162791514093845,0.0119549025052041,FALSE,NA,0.4
"Environment2",16,"MAE",1.02818389217423,0.44386526444715,0.775846338535414,0.518153166893484,0.982568558479501,0.346737699104607,0.810057751443786,0.652047332121544,36,0.478251938397709,0.200459622435615,0.0170430862708693,FALSE,NA,0.4
"Environment2",16,"NBINOM",1.83075287568666,1.6486476191895,0.726386554621849,-0.527660563008218,1.81414953619314,1.46809120293155,0.770311257781445,-0.186152720170944,0,-0.0427243319946638,0.101500117028012,0.673807005584961,FALSE,NA,0.4
"Environment3",16,"GLM",0.927792600762064,0.13872614576369,0.802833133253301,0.607654002370012,1.04937589318689,0.141188252001738,0.781254031350784,-0.671954581792042,36,0.0468171871653102,0.152616357005772,0.759023096407343,FALSE,NA,0.1
"Environment3",16,"MSE",1.03802471701077,0.481477731095685,0.781224489795918,0.508885443020939,0.933515159509767,0.374950514333713,0.831032775819396,0.685922232833105,37,0.108577325786435,0.188000644263497,0.563576759710371,FALSE,NA,0.1
"Environment3",16,"GAUSSIAN",1.02778547639113,0.453085351756266,0.776422569027611,0.518526520707115,0.963004751044694,0.371933874473194,0.81659191479787,0.665765478230476,35,-0.0462722147374589,0.147091885989937,0.753080312214921,FALSE,NA,0.1
"Environment3",16,"POISSON",NA,NA,NA,NA,NA,NA,NA,NA,NA,NA,NA,NA,TRUE,"[33m![39m in callr subprocess.
[1mCaused by error[22m in `checkForRemoteErrors(val)`:
[33m![39m one node produced an error: missing value where TRUE/FALSE needed",0.1
"Environment3",16,"MAE",1.02818389217423,0.44386526444715,0.775846338535414,0.518153166893484,0.982568558479501,0.346737699104607,0.810057751443786,0.652047332121544,36,0.0422537007598439,0.178777891680805,0.813163061459609,FALSE,NA,0.1
"Environment3",16,"NBINOM",1.83075287568666,1.6486476191895,0.726386554621849,-0.527660563008218,1.81414953619314,1.46809120293155,0.770311257781445,-0.186152720170944,0,-0.122935819636953,0.102416351387513,0.230002103552765,FALSE,NA,0.1
"Environment1",17,"GLM",1.05994078289917,0.0650560695935277,0.616134453781513,0.301114752417233,1.00049249989773,0.0573837104874497,0.749018225455637,-0.437065748919712,34,1.96239217785457,0.129599059583357,8.55389439544293e-52,FALSE,NA,2
"Environment1",17,"POISSON",NA,NA,NA,NA,NA,NA,NA,NA,NA,NA,NA,NA,TRUE,"[33m![39m in callr subprocess.
[1mCaused by error[22m in `checkForRemoteErrors(val)`:
[33m![39m one node produced an error: missing value where TRUE/FALSE needed",2
"Environment1",17,"MAE",1.07199248597568,0.192527295843267,0.597310924369748,0.285131516934308,0.970535677228507,0.231520677946756,0.769283732093302,0.589560299824548,33,1.82198296073452,0.198134366156982,3.72582394179643e-20,FALSE,NA,2
"Environment1",17,"MSE",1.05490063231825,0.150538435413658,0.609507803121249,0.307745522760487,0.952022375140089,0.179201512991234,0.775814895372384,0.605069510738806,33,1.84889357888758,0.142616157196113,1.95449894087307e-38,FALSE,NA,2
"Environment1",17,"GAUSSIAN",1.04973958234673,0.148861335577646,0.617094837935174,0.314502595538385,0.967017436329496,0.154706398621966,0.769943748593715,0.592530635568811,33,1.79104570778459,0.167715691073844,1.27558495773706e-26,FALSE,NA,2
"Environment1",17,"NBINOM",1.44537056954381,1.31708231970312,0.628619447779112,-0.299574205875851,1.7567805771526,1.45637294561802,0.744009600240006,-0.344811438954667,0,0.833609214057313,0.431635530134958,0.0534483931163016,FALSE,NA,2
"Environment2",17,"GLM",1.05994078289917,0.0650560695935277,0.616134453781513,0.301114752417233,1.00049249989773,0.0573837104874497,0.749018225455637,-0.437065748919712,34,0.378654220524926,0.118952082639736,0.00145631799114687,FALSE,NA,0.4
"Environment2",17,"POISSON",NA,NA,NA,NA,NA,NA,NA,NA,NA,NA,NA,NA,TRUE,"[33m![39m in callr subprocess.
[1mCaused by error[22m in `checkForRemoteErrors(val)`:
[33m![39m one node produced an error: missing value where TRUE/FALSE needed",0.4
"Environment2",17,"MSE",1.05490063231825,0.150538435413658,0.609507803121249,0.307745522760487,0.952022375140089,0.179201512991234,0.775814895372384,0.605069510738806,33,0.380598174197625,0.162522599661489,0.019190125647827,FALSE,NA,0.4
"Environment2",17,"GAUSSIAN",1.04973958234673,0.148861335577646,0.617094837935174,0.314502595538385,0.967017436329496,0.154706398621966,0.769943748593715,0.592530635568811,33,0.408818532843085,0.142857545333748,0.00421346747405443,FALSE,NA,0.4
"Environment2",17,"MAE",1.07199248597568,0.192527295843267,0.597310924369748,0.285131516934308,0.970535677228507,0.231520677946756,0.769283732093302,0.589560299824548,33,0.434248554626705,0.147877934861054,0.003319026441202,FALSE,NA,0.4
"Environment2",17,"NBINOM",1.44537056954381,1.31708231970312,0.628619447779112,-0.299574205875851,1.7567805771526,1.45637294561802,0.744009600240006,-0.344811438954667,0,0.132062647026297,0.123292683443302,0.284110415509513,FALSE,NA,0.4
"Environment3",17,"GLM",1.05994078289917,0.0650560695935277,0.616134453781513,0.301114752417233,1.00049249989773,0.0573837104874497,0.749018225455637,-0.437065748919712,34,0.177972997106235,0.170537752542471,0.296671039664361,FALSE,NA,0.1
"Environment3",17,"MSE",1.05490063231825,0.150538435413658,0.609507803121249,0.307745522760487,0.952022375140089,0.179201512991234,0.775814895372384,0.605069510738806,33,0.282421041329064,0.143129220867621,0.0484740037068461,FALSE,NA,0.1
"Environment3",17,"GAUSSIAN",1.04973958234673,0.148861335577646,0.617094837935174,0.314502595538385,0.967017436329496,0.154706398621966,0.769943748593715,0.592530635568811,33,0.192239257042002,0.114727971202648,0.09381474336878,FALSE,NA,0.1
"Environment3",17,"POISSON",NA,NA,NA,NA,NA,NA,NA,NA,NA,NA,NA,NA,TRUE,"[33m![39m in callr subprocess.
[1mCaused by error[22m in `checkForRemoteErrors(val)`:
[33m![39m one node produced an error: missing value where TRUE/FALSE needed",0.1
"Environment3",17,"MAE",1.07199248597568,0.192527295843267,0.597310924369748,0.285131516934308,0.970535677228507,0.231520677946756,0.769283732093302,0.589560299824548,33,0.314129127713357,0.184803132909527,0.0891677752955561,FALSE,NA,0.1
"Environment3",17,"NBINOM",1.44537056954381,1.31708231970312,0.628619447779112,-0.299574205875851,1.7567805771526,1.45637294561802,0.744009600240006,-0.344811438954667,0,0.00770916928572486,0.102053671153358,0.93978480043572,FALSE,NA,0.1
"Environment1",18,"GLM",1.04308714228545,0.104020466387541,0.676158463385354,0.428356512209015,0.988388396241927,0.113669247021556,0.761713042826071,-0.696643762165416,37,2.06688295262529,0.135861766849679,2.89362864219563e-52,FALSE,NA,2
"Environment1",18,"POISSON",NA,NA,NA,NA,NA,NA,NA,NA,NA,NA,NA,NA,TRUE,"[33m![39m in callr subprocess.
[1mCaused by error[22m in `checkForRemoteErrors(val)`:
[33m![39m one node produced an error: missing value where TRUE/FALSE needed",2
"Environment1",18,"MAE",1.07200126875356,0.28482402259576,0.674237695078031,0.396225627919647,0.946167004128372,0.252243277961847,0.785251631290782,0.617623296562397,33,1.93104095612781,0.295779330277867,6.63632835327118e-11,FALSE,NA,2
"Environment1",18,"MSE",1.08791389788327,0.268478082669708,0.662328931572629,0.378167916379415,0.917731256447622,0.252109583123729,0.793953348833721,0.64026153773182,35,1.90884133184177,0.200860168073306,2.03274997673137e-21,FALSE,NA,2
"Environment1",18,"GAUSSIAN",1.06538671047699,0.214508371254238,0.67452581032413,0.403653566189717,0.925102744205744,0.212067738230947,0.790969774244356,0.634459277642792,38,1.86882576831477,0.114193402130612,3.37554967180594e-60,FALSE,NA,2
"Environment1",18,"NBINOM",NA,NA,NA,NA,NA,NA,NA,NA,NA,NA,NA,NA,FALSE,NA,2
"Environment2",18,"GLM",1.04308714228545,0.104020466387541,0.676158463385354,0.428356512209015,0.988388396241927,0.113669247021556,0.761713042826071,-0.696643762165416,37,0.458232137843098,0.102356330629448,7.57586741484926e-06,FALSE,NA,0.4
"Environment2",18,"POISSON",NA,NA,NA,NA,NA,NA,NA,NA,NA,NA,NA,NA,TRUE,"[33m![39m in callr subprocess.
[1mCaused by error[22m in `checkForRemoteErrors(val)`:
[33m![39m one node produced an error: missing value where TRUE/FALSE needed",0.4
"Environment2",18,"MSE",1.08791389788327,0.268478082669708,0.662328931572629,0.378167916379415,0.917731256447622,0.252109583123729,0.793953348833721,0.64026153773182,35,0.453075804293912,0.185720858812696,0.0147054615884873,FALSE,NA,0.4
"Environment2",18,"GAUSSIAN",1.06538671047699,0.214508371254238,0.67452581032413,0.403653566189717,0.925102744205744,0.212067738230947,0.790969774244356,0.634459277642792,38,0.437600360275319,0.127682167404446,0.000609698392734628,FALSE,NA,0.4
"Environment2",18,"MAE",1.07200126875356,0.28482402259576,0.674237695078031,0.396225627919647,0.946167004128372,0.252243277961847,0.785251631290782,0.617623296562397,33,0.388305173160801,0.214255488454645,0.0699326820707096,FALSE,NA,0.4
"Environment2",18,"NBINOM",NA,NA,NA,NA,NA,NA,NA,NA,NA,NA,NA,NA,FALSE,NA,0.4
"Environment3",18,"GLM",1.04308714228545,0.104020466387541,0.676158463385354,0.428356512209015,0.988388396241927,0.113669247021556,0.761713042826071,-0.696643762165416,37,0.0190462093206632,0.0932368706816425,0.838136530372457,FALSE,NA,0.1
"Environment3",18,"MSE",1.08791389788327,0.268478082669708,0.662328931572629,0.378167916379415,0.917731256447622,0.252109583123729,0.793953348833721,0.64026153773182,35,0.0968367361123474,0.207137905870247,0.640143003184017,FALSE,NA,0.1
"Environment3",18,"GAUSSIAN",1.06538671047699,0.214508371254238,0.67452581032413,0.403653566189717,0.925102744205744,0.212067738230947,0.790969774244356,0.634459277642792,38,0.0868122092646595,0.132457365012154,0.51221194144717,FALSE,NA,0.1
"Environment3",18,"POISSON",NA,NA,NA,NA,NA,NA,NA,NA,NA,NA,NA,NA,TRUE,"[33m![39m in callr subprocess.
[1mCaused by error[22m in `checkForRemoteErrors(val)`:
[33m![39m one node produced an error: missing value where TRUE/FALSE needed",0.1
"Environment3",18,"MAE",1.07200126875356,0.28482402259576,0.674237695078031,0.396225627919647,0.946167004128372,0.252243277961847,0.785251631290782,0.617623296562397,33,0.0800696130033011,0.170005757556764,0.637653751591853,FALSE,NA,0.1
"Environment3",18,"NBINOM",NA,NA,NA,NA,NA,NA,NA,NA,NA,NA,NA,NA,FALSE,NA,0.1
"Environment1",19,"GLM",1.00687995413359,0.106111742778157,0.79313325330132,0.619615210078477,0.990083971698043,0.109882886304042,0.758024450611265,-0.706735969964545,41,2.05680295819349,0.113376736435228,1.50392567541389e-73,FALSE,NA,2
"Environment1",19,"POISSON",NA,NA,NA,NA,NA,NA,NA,NA,NA,NA,NA,NA,TRUE,"[33m![39m in callr subprocess.
[1mCaused by error[22m in `checkForRemoteErrors(val)`:
[33m![39m one node produced an error: missing value where TRUE/FALSE needed",2
"Environment1",19,"MAE",1.03090777188368,0.219933892030736,0.786698679471789,0.601243862034921,0.962532454849331,0.198787773727075,0.779786994674867,0.580559468275217,36,1.87298280830309,0.186404307675017,9.37899281903719e-24,FALSE,NA,2
"Environment1",19,"MSE",1.0461570938817,0.295635614120021,0.777286914765906,0.589359705923266,0.923275668632693,0.246863625912387,0.789250731268282,0.614075444701259,36,2.08189996099751,0.145291295003587,1.43882079463331e-46,FALSE,NA,2
"Environment1",19,"GAUSSIAN",1.03696819951194,0.260282847513083,0.777575030012005,0.596541722529859,0.926792114422193,0.225798699821089,0.789480237005925,0.611130133437994,36,2.01366355430707,0.1915069757224,7.38127379129333e-26,FALSE,NA,2
"Environment1",19,"NBINOM",1.93525273183527,1.59773682738673,0.783241296518608,-0.405216148652237,1.74893118733855,1.47225433362847,0.761459536488412,-0.384793689136293,0,0.667991842034927,0.23487535525767,0.004454727874762,FALSE,NA,2
"Environment2",19,"GLM",1.00687995413359,0.106111742778157,0.79313325330132,0.619615210078477,0.990083971698043,0.109882886304042,0.758024450611265,-0.706735969964545,41,0.245120057427296,0.134869879120936,0.069147335148467,FALSE,NA,0.4
"Environment2",19,"POISSON",NA,NA,NA,NA,NA,NA,NA,NA,NA,NA,NA,NA,TRUE,"[33m![39m in callr subprocess.
[1mCaused by error[22m in `checkForRemoteErrors(val)`:
[33m![39m one node produced an error: missing value where TRUE/FALSE needed",0.4
"Environment2",19,"MSE",1.0461570938817,0.295635614120021,0.777286914765906,0.589359705923266,0.923275668632693,0.246863625912387,0.789250731268282,0.614075444701259,36,0.227819475554454,0.136525664079149,0.0951781564010942,FALSE,NA,0.4
"Environment2",19,"GAUSSIAN",1.03696819951194,0.260282847513083,0.777575030012005,0.596541722529859,0.926792114422193,0.225798699821089,0.789480237005925,0.611130133437994,36,0.220698164845866,0.13175980970558,0.093933511552106,FALSE,NA,0.4
"Environment2",19,"MAE",1.03090777188368,0.219933892030736,0.786698679471789,0.601243862034921,0.962532454849331,0.198787773727075,0.779786994674867,0.580559468275217,36,0.172750921213796,0.166597563343051,0.299765935971343,FALSE,NA,0.4
"Environment2",19,"NBINOM",1.93525273183527,1.59773682738673,0.783241296518608,-0.405216148652237,1.74893118733855,1.47225433362847,0.761459536488412,-0.384793689136293,0,0.130231222071416,0.121662818147707,0.284426942013549,FALSE,NA,0.4
"Environment3",19,"GLM",1.00687995413359,0.106111742778157,0.79313325330132,0.619615210078477,0.990083971698043,0.109882886304042,0.758024450611265,-0.706735969964545,41,0.138714237782145,0.171213912484273,0.417836226473775,FALSE,NA,0.1
"Environment3",19,"MSE",1.0461570938817,0.295635614120021,0.777286914765906,0.589359705923266,0.923275668632693,0.246863625912387,0.789250731268282,0.614075444701259,36,0.0884753089767073,0.123461218092529,0.473605946543965,FALSE,NA,0.1
"Environment3",19,"GAUSSIAN",1.03696819951194,0.260282847513083,0.777575030012005,0.596541722529859,0.926792114422193,0.225798699821089,0.789480237005925,0.611130133437994,36,0.155377407222004,0.199806545621433,0.436781730155417,FALSE,NA,0.1
"Environment3",19,"POISSON",NA,NA,NA,NA,NA,NA,NA,NA,NA,NA,NA,NA,TRUE,"[33m![39m in callr subprocess.
[1mCaused by error[22m in `checkForRemoteErrors(val)`:
[33m![39m one node produced an error: missing value where TRUE/FALSE needed",0.1
"Environment3",19,"MAE",1.03090777188368,0.219933892030736,0.786698679471789,0.601243862034921,0.962532454849331,0.198787773727075,0.779786994674867,0.580559468275217,36,0.0597039286644937,0.207930065708499,0.77400921440915,FALSE,NA,0.1
"Environment3",19,"NBINOM",1.93525273183527,1.59773682738673,0.783241296518608,-0.405216148652237,1.74893118733855,1.47225433362847,0.761459536488412,-0.384793689136293,0,0.00866220911638592,0.109357288785491,0.936865457841576,FALSE,NA,0.1
"Environment1",20,"GLM",1.06812551218001,0.107205609983575,0.685666266506603,0.437943040529392,1.0096031044208,0.121826739361186,0.773822845571139,-0.668094138594781,37,2.08006591197238,0.112890593791378,8.20255498683407e-76,FALSE,NA,2
"Environment1",20,"POISSON",NA,NA,NA,NA,NA,NA,NA,NA,NA,NA,NA,NA,TRUE,"[33m![39m in callr subprocess.
[1mCaused by error[22m in `checkForRemoteErrors(val)`:
[33m![39m one node produced an error: missing value where TRUE/FALSE needed",2
"Environment1",20,"MAE",1.08778141998099,0.259921862811867,0.646290516206483,0.417066483876869,0.983324024505299,0.259164000378838,0.7854391359784,0.614848119289272,37,1.85621840424649,0.186423527816492,2.35056835845874e-23,FALSE,NA,2
"Environment1",20,"MSE",1.08102608415829,0.186433416959938,0.651764705882353,0.42428426493101,0.96918607407859,0.205372498369291,0.792513312832821,0.625843707482476,37,1.86702316672727,0.170071549512745,4.88307563045294e-28,FALSE,NA,2
"Environment1",20,"GAUSSIAN",1.07862877570616,0.180642712232565,0.662136854741897,0.42683487471082,0.976989321361751,0.190315271630939,0.787752193804845,0.619794533570911,37,1.87484624771401,0.15630752067328,3.79243034968723e-33,FALSE,NA,2
"Environment1",20,"NBINOM",1.81035099134002,1.42966925503554,0.649651860744298,-0.614586516624896,1.97425718894836,1.59543468141962,0.776041401035026,-0.552552086414936,0,0.624664176417627,0.291432611870777,0.0320789240357937,FALSE,NA,2
"Environment2",20,"GLM",1.06812551218001,0.107205609983575,0.685666266506603,0.437943040529392,1.0096031044208,0.121826739361186,0.773822845571139,-0.668094138594781,37,0.387518095001655,0.118435969183466,0.00106803597159985,FALSE,NA,0.4
"Environment2",20,"POISSON",NA,NA,NA,NA,NA,NA,NA,NA,NA,NA,NA,NA,TRUE,"[33m![39m in callr subprocess.
[1mCaused by error[22m in `checkForRemoteErrors(val)`:
[33m![39m one node produced an error: missing value where TRUE/FALSE needed",0.4
"Environment2",20,"MSE",1.08102608415829,0.186433416959938,0.651764705882353,0.42428426493101,0.96918607407859,0.205372498369291,0.792513312832821,0.625843707482476,37,0.329256345723814,0.16794814601554,0.0499415458820736,FALSE,NA,0.4
"Environment2",20,"GAUSSIAN",1.07862877570616,0.180642712232565,0.662136854741897,0.42683487471082,0.976989321361751,0.190315271630939,0.787752193804845,0.619794533570911,37,0.37587032715392,0.150666877543176,0.0126059729278541,FALSE,NA,0.4
"Environment2",20,"MAE",1.08778141998099,0.259921862811867,0.646290516206483,0.417066483876869,0.983324024505299,0.259164000378838,0.7854391359784,0.614848119289272,37,0.496833300219532,0.200694381538367,0.0133023106517982,FALSE,NA,0.4
"Environment2",20,"NBINOM",1.81035099134002,1.42966925503554,0.649651860744298,-0.614586516624896,1.97425718894836,1.59543468141962,0.776041401035026,-0.552552086414936,0,0.1675861234655,0.150066976968121,0.264104576002999,FALSE,NA,0.4
"Environment3",20,"GLM",1.06812551218001,0.107205609983575,0.685666266506603,0.437943040529392,1.0096031044208,0.121826739361186,0.773822845571139,-0.668094138594781,37,-0.00503866517814573,0.125546870005187,0.967986504485756,FALSE,NA,0.1
"Environment3",20,"MSE",1.08102608415829,0.186433416959938,0.651764705882353,0.42428426493101,0.96918607407859,0.205372498369291,0.792513312832821,0.625843707482476,37,-0.0510839304805195,0.111494589091076,0.646827382193452,FALSE,NA,0.1
"Environment3",20,"GAUSSIAN",1.07862877570616,0.180642712232565,0.662136854741897,0.42683487471082,0.976989321361751,0.190315271630939,0.787752193804845,0.619794533570911,37,0.0140308728204936,0.119199018627507,0.90629773326032,FALSE,NA,0.1
"Environment3",20,"POISSON",NA,NA,NA,NA,NA,NA,NA,NA,NA,NA,NA,NA,TRUE,"[33m![39m in callr subprocess.
[1mCaused by error[22m in `checkForRemoteErrors(val)`:
[33m![39m one node produced an error: missing value where TRUE/FALSE needed",0.1
"Environment3",20,"MAE",1.08778141998099,0.259921862811867,0.646290516206483,0.417066483876869,0.983324024505299,0.259164000378838,0.7854391359784,0.614848119289272,37,-0.0396785855852722,0.206971492769366,0.847969066955545,FALSE,NA,0.1
"Environment3",20,"NBINOM",1.81035099134002,1.42966925503554,0.649651860744298,-0.614586516624896,1.97425718894836,1.59543468141962,0.776041401035026,-0.552552086414936,0,0.0865121493138666,0.0845727459408748,0.306340103517461,FALSE,NA,0.1
"Environment1",21,"GLM",1.19213161773368,0.19489420792147,0.706698679471789,0.467199177548814,0.955663702315258,0.163984501287238,0.784521113027826,-0.501745854581532,38,1.92459772869484,0.0877959200461294,1.62864207635582e-106,FALSE,NA,2
"Environment1",21,"POISSON",NA,NA,NA,NA,NA,NA,NA,NA,NA,NA,NA,NA,TRUE,"[33m![39m in callr subprocess.
[1mCaused by error[22m in `checkForRemoteErrors(val)`:
[33m![39m one node produced an error: missing value where TRUE/FALSE needed",2
"Environment1",21,"MAE",1.19243732412894,0.26538557750848,0.718511404561825,0.466925883055664,0.942893057900373,0.221610466402269,0.791959798994975,0.610166953744194,35,1.85101594278216,0.111734007743871,1.22169410086274e-61,FALSE,NA,2
"Environment1",21,"MSE",1.19358186077682,0.299395296112545,0.704777911164466,0.465902071308881,0.914792402260591,0.221530192814327,0.80289507237681,0.633056775457029,39,1.9546721165225,0.151234094569891,3.26096177271621e-38,FALSE,NA,2
"Environment1",21,"GAUSSIAN",1.19512740687876,0.263532216143397,0.711692677070828,0.46451798959084,0.931628972198087,0.205506165511218,0.794604365109128,0.619425446051151,36,1.85994402306154,0.148574598935056,5.90775943205232e-36,FALSE,NA,2
"Environment1",21,"NBINOM",1.70633726617879,1.5146613006028,0.703049219687875,-0.0915565127498428,1.84487989132173,1.54998085706196,0.785697142428561,-0.492416251290705,0,1.01825881424377,0.438187919738737,0.0201364939756783,FALSE,NA,2
"Environment2",21,"GLM",1.19213161773368,0.19489420792147,0.706698679471789,0.467199177548814,0.955663702315258,0.163984501287238,0.784521113027826,-0.501745854581532,38,0.182202730798802,0.140279318868026,0.193993117689352,FALSE,NA,0.4
"Environment2",21,"POISSON",NA,NA,NA,NA,NA,NA,NA,NA,NA,NA,NA,NA,TRUE,"[33m![39m in callr subprocess.
[1mCaused by error[22m in `checkForRemoteErrors(val)`:
[33m![39m one node produced an error: missing value where TRUE/FALSE needed",0.4
"Environment2",21,"MSE",1.19358186077682,0.299395296112545,0.704777911164466,0.465902071308881,0.914792402260591,0.221530192814327,0.80289507237681,0.633056775457029,39,0.131678804928415,0.166140666773143,0.428025949265677,FALSE,NA,0.4
"Environment2",21,"GAUSSIAN",1.19512740687876,0.263532216143397,0.711692677070828,0.46451798959084,0.931628972198087,0.205506165511218,0.794604365109128,0.619425446051151,36,0.176235592848687,0.127771931619443,0.167802837193642,FALSE,NA,0.4
"Environment2",21,"MAE",1.19243732412894,0.26538557750848,0.718511404561825,0.466925883055664,0.942893057900373,0.221610466402269,0.791959798994975,0.610166953744194,35,0.219022696974602,0.145177143726775,0.131386137554057,FALSE,NA,0.4
"Environment2",21,"NBINOM",1.70633726617879,1.5146613006028,0.703049219687875,-0.0915565127498428,1.84487989132173,1.54998085706196,0.785697142428561,-0.492416251290705,0,0.0274455659483727,0.164083108289947,0.867160559850534,FALSE,NA,0.4
"Environment3",21,"GLM",1.19213161773368,0.19489420792147,0.706698679471789,0.467199177548814,0.955663702315258,0.163984501287238,0.784521113027826,-0.501745854581532,38,-0.0548309731626339,0.115213665793079,0.634140739386357,FALSE,NA,0.1
"Environment3",21,"MSE",1.19358186077682,0.299395296112545,0.704777911164466,0.465902071308881,0.914792402260591,0.221530192814327,0.80289507237681,0.633056775457029,39,-0.0972167107333235,0.188226372856077,0.605513440391758,FALSE,NA,0.1
"Environment3",21,"GAUSSIAN",1.19512740687876,0.263532216143397,0.711692677070828,0.46451798959084,0.931628972198087,0.205506165511218,0.794604365109128,0.619425446051151,36,-0.0316634795584698,0.152361297268652,0.835370772630395,FALSE,NA,0.1
"Environment3",21,"POISSON",NA,NA,NA,NA,NA,NA,NA,NA,NA,NA,NA,NA,TRUE,"[33m![39m in callr subprocess.
[1mCaused by error[22m in `checkForRemoteErrors(val)`:
[33m![39m one node produced an error: missing value where TRUE/FALSE needed",0.1
"Environment3",21,"MAE",1.19243732412894,0.26538557750848,0.718511404561825,0.466925883055664,0.942893057900373,0.221610466402269,0.791959798994975,0.610166953744194,35,-0.0572669507406406,0.195007829297109,0.769013993466998,FALSE,NA,0.1
"Environment3",21,"NBINOM",1.70633726617879,1.5146613006028,0.703049219687875,-0.0915565127498428,1.84487989132173,1.54998085706196,0.785697142428561,-0.492416251290705,0,-0.0322057434781402,0.138598059550171,0.81625225945961,FALSE,NA,0.1
"Environment1",22,"GLM",0.84691649732427,0.160112689201653,0.81656662665066,0.647431527323697,0.927765598016775,0.140965067923162,0.757139428485712,-0.635217579206937,39,1.86092595180249,0.126226364066063,3.42457721662028e-49,FALSE,NA,2
"Environment1",22,"POISSON",NA,NA,NA,NA,NA,NA,NA,NA,NA,NA,NA,NA,TRUE,"[33m![39m in callr subprocess.
[1mCaused by error[22m in `checkForRemoteErrors(val)`:
[33m![39m one node produced an error: missing value where TRUE/FALSE needed",2
"Environment1",22,"MAE",0.844891113446589,0.211509937462616,0.811476590636255,0.649115831834928,0.894021507209805,0.186890176693757,0.771208280207005,0.595746001717618,38,1.71584259838611,0.213869121009597,1.03308783695554e-15,FALSE,NA,2
"Environment1",22,"MSE",0.848359573801483,0.263084441612281,0.812244897959184,0.64622900798753,0.860691492356062,0.241764638088163,0.792748818720468,0.625326125803158,37,1.66217800920189,0.192812035154471,6.65361044754735e-18,FALSE,NA,2
"Environment1",22,"GAUSSIAN",0.862340455783056,0.344384748447413,0.811476590636255,0.634472706323041,0.858948002415887,0.277770956880601,0.791275781894548,0.626842530942285,36,1.59398800363066,0.193132461832653,1.54027166983221e-16,FALSE,NA,2
"Environment1",22,"NBINOM",1.77681128129939,1.71363760897139,0.816278511404562,-0.551832685016335,1.65824622072779,1.4982260258502,0.764269106727668,-0.390773551716615,0,0.563619115546264,0.268531762173672,0.0358264392532003,FALSE,NA,2
"Environment2",22,"GLM",0.84691649732427,0.160112689201653,0.81656662665066,0.647431527323697,0.927765598016775,0.140965067923162,0.757139428485712,-0.635217579206937,39,0.267304486939493,0.131478217594669,0.042045399842803,FALSE,NA,0.4
"Environment2",22,"POISSON",NA,NA,NA,NA,NA,NA,NA,NA,NA,NA,NA,NA,TRUE,"[33m![39m in callr subprocess.
[1mCaused by error[22m in `checkForRemoteErrors(val)`:
[33m![39m one node produced an error: missing value where TRUE/FALSE needed",0.4
"Environment2",22,"MSE",0.848359573801483,0.263084441612281,0.812244897959184,0.64622900798753,0.860691492356062,0.241764638088163,0.792748818720468,0.625326125803158,37,0.265327052994071,0.184333687305985,0.150041612457503,FALSE,NA,0.4
"Environment2",22,"GAUSSIAN",0.862340455783056,0.344384748447413,0.811476590636255,0.634472706323041,0.858948002415887,0.277770956880601,0.791275781894548,0.626842530942285,36,0.278696491714421,0.13497449300936,0.0389411153908968,FALSE,NA,0.4
"Environment2",22,"MAE",0.844891113446589,0.211509937462616,0.811476590636255,0.649115831834928,0.894021507209805,0.186890176693757,0.771208280207005,0.595746001717618,38,0.321161103514209,0.17342645959714,0.0640462769323437,FALSE,NA,0.4
"Environment2",22,"NBINOM",1.77681128129939,1.71363760897139,0.816278511404562,-0.551832685016335,1.65824622072779,1.4982260258502,0.764269106727668,-0.390773551716615,0,0.0734196009576697,0.0872708619286716,0.400188716171784,FALSE,NA,0.4
"Environment3",22,"GLM",0.84691649732427,0.160112689201653,0.81656662665066,0.647431527323697,0.927765598016775,0.140965067923162,0.757139428485712,-0.635217579206937,39,-0.0253550438533174,0.140345422322401,0.856633115906933,FALSE,NA,0.1
"Environment3",22,"MSE",0.848359573801483,0.263084441612281,0.812244897959184,0.64622900798753,0.860691492356062,0.241764638088163,0.792748818720468,0.625326125803158,37,-0.024329839157137,0.11535616259923,0.832957021144881,FALSE,NA,0.1
"Environment3",22,"GAUSSIAN",0.862340455783056,0.344384748447413,0.811476590636255,0.634472706323041,0.858948002415887,0.277770956880601,0.791275781894548,0.626842530942285,36,0.00999904236779275,0.106232861272762,0.925010801330883,FALSE,NA,0.1
"Environment3",22,"POISSON",NA,NA,NA,NA,NA,NA,NA,NA,NA,NA,NA,NA,TRUE,"[33m![39m in callr subprocess.
[1mCaused by error[22m in `checkForRemoteErrors(val)`:
[33m![39m one node produced an error: missing value where TRUE/FALSE needed",0.1
"Environment3",22,"MAE",0.844891113446589,0.211509937462616,0.811476590636255,0.649115831834928,0.894021507209805,0.186890176693757,0.771208280207005,0.595746001717618,38,-0.00350746439944851,0.138790026038077,0.979838220995301,FALSE,NA,0.1
"Environment3",22,"NBINOM",1.77681128129939,1.71363760897139,0.816278511404562,-0.551832685016335,1.65824622072779,1.4982260258502,0.764269106727668,-0.390773551716615,0,-0.0351871302895076,0.0771525603384008,0.648338131486722,FALSE,NA,0.1
"Environment1",23,"GLM",0.944930877173873,0.0898463658527878,0.748187274909964,0.508103080030358,0.957019728444434,0.0944334050333372,0.807731193279832,-0.686908066357733,38,2.10136570258152,0.0929184641298207,3.07431846708835e-113,FALSE,NA,2
"Environment1",23,"POISSON",NA,NA,NA,NA,NA,NA,NA,NA,NA,NA,NA,NA,TRUE,"[33m![39m in callr subprocess.
[1mCaused by error[22m in `checkForRemoteErrors(val)`:
[33m![39m one node produced an error: missing value where TRUE/FALSE needed",2
"Environment1",23,"MAE",1.00399209156052,0.257449037618245,0.723313325330132,0.444691135856632,0.931021356874245,0.222895757035882,0.82606315157879,0.650713925865107,37,1.86941243675316,0.184453911615234,3.86973231953547e-24,FALSE,NA,2
"Environment1",23,"MSE",1.02544277163946,0.219319294914878,0.724273709483793,0.42070887046233,0.904832533953123,0.205036238630364,0.833809345233631,0.670087782307595,36,2.07729377938434,0.170392411643972,3.46139427842281e-34,FALSE,NA,2
"Environment1",23,"GAUSSIAN",0.996545532434499,0.177643996020135,0.73358943577431,0.452897983819528,0.919361129097653,0.158050548833839,0.826621165529138,0.659408143900768,38,1.99164589429274,0.178358627239423,5.94625522369612e-29,FALSE,NA,2
"Environment1",23,"NBINOM",1.65729259261593,1.64437320438644,0.710540216086435,-0.513116616995087,1.84110897242564,1.58320418367904,0.808490212255306,-0.365906503806468,0,1.22193176656354,0.455562139559153,0.00731286829807289,FALSE,NA,2
"Environment2",23,"GLM",0.944930877173873,0.0898463658527878,0.748187274909964,0.508103080030358,0.957019728444434,0.0944334050333372,0.807731193279832,-0.686908066357733,38,0.466662302054793,0.0970004581008002,1.50230495524379e-06,FALSE,NA,0.4
"Environment2",23,"POISSON",NA,NA,NA,NA,NA,NA,NA,NA,NA,NA,NA,NA,TRUE,"[33m![39m in callr subprocess.
[1mCaused by error[22m in `checkForRemoteErrors(val)`:
[33m![39m one node produced an error: missing value where TRUE/FALSE needed",0.4
"Environment2",23,"MSE",1.02544277163946,0.219319294914878,0.724273709483793,0.42070887046233,0.904832533953123,0.205036238630364,0.833809345233631,0.670087782307595,36,0.449446300956864,0.128311647863216,0.000460445378408797,FALSE,NA,0.4
"Environment2",23,"GAUSSIAN",0.996545532434499,0.177643996020135,0.73358943577431,0.452897983819528,0.919361129097653,0.158050548833839,0.826621165529138,0.659408143900768,38,0.369742187012578,0.126414306134197,0.00344628394599272,FALSE,NA,0.4
"Environment2",23,"MAE",1.00399209156052,0.257449037618245,0.723313325330132,0.444691135856632,0.931021356874245,0.222895757035882,0.82606315157879,0.650713925865107,37,0.458928836277709,0.194355223821461,0.0182115361512115,FALSE,NA,0.4
"Environment2",23,"NBINOM",1.65729259261593,1.64437320438644,0.710540216086435,-0.513116616995087,1.84110897242564,1.58320418367904,0.808490212255306,-0.365906503806468,0,0.0485969405028633,0.0898305811026393,0.588518354575178,FALSE,NA,0.4
"Environment3",23,"GLM",0.944930877173873,0.0898463658527878,0.748187274909964,0.508103080030358,0.957019728444434,0.0944334050333372,0.807731193279832,-0.686908066357733,38,0.0848975391227161,0.143294797805711,0.553537444464448,FALSE,NA,0.1
"Environment3",23,"MSE",1.02544277163946,0.219319294914878,0.724273709483793,0.42070887046233,0.904832533953123,0.205036238630364,0.833809345233631,0.670087782307595,36,0.135909011279029,0.139186154941313,0.328839057506153,FALSE,NA,0.1
"Environment3",23,"GAUSSIAN",0.996545532434499,0.177643996020135,0.73358943577431,0.452897983819528,0.919361129097653,0.158050548833839,0.826621165529138,0.659408143900768,38,0.0808389673875099,0.202227370807081,0.689345848324368,FALSE,NA,0.1
"Environment3",23,"POISSON",NA,NA,NA,NA,NA,NA,NA,NA,NA,NA,NA,NA,TRUE,"[33m![39m in callr subprocess.
[1mCaused by error[22m in `checkForRemoteErrors(val)`:
[33m![39m one node produced an error: missing value where TRUE/FALSE needed",0.1
"Environment3",23,"MAE",1.00399209156052,0.257449037618245,0.723313325330132,0.444691135856632,0.931021356874245,0.222895757035882,0.82606315157879,0.650713925865107,37,0.180929701960136,0.165623328128429,0.274649953044847,FALSE,NA,0.1
"Environment3",23,"NBINOM",1.65729259261593,1.64437320438644,0.710540216086435,-0.513116616995087,1.84110897242564,1.58320418367904,0.808490212255306,-0.365906503806468,0,0.0370161524928989,0.0996872998547209,0.710397228678232,FALSE,NA,0.1
"Environment1",24,"GLM",0.82990878229331,0.119899227137607,0.789771908763505,0.624571468411075,0.995512357857762,0.115425104267066,0.781119027975699,-0.616104171112636,38,1.98817735565478,0.113357344189683,7.21540471033697e-69,FALSE,NA,2
"Environment1",24,"POISSON",NA,NA,NA,NA,NA,NA,NA,NA,NA,NA,NA,NA,TRUE,"[33m![39m in callr subprocess.
[1mCaused by error[22m in `checkForRemoteErrors(val)`:
[33m![39m one node produced an error: missing value where TRUE/FALSE needed",2
"Environment1",24,"MAE",0.804131805952697,0.167777827124655,0.802545018007203,0.647530912411833,0.985501215200859,0.134575656687893,0.785602640066002,0.600054586694042,38,1.87042811565846,0.174913990946155,1.09270403582298e-26,FALSE,NA,2
"Environment1",24,"MSE",0.853588487832774,0.176466635403862,0.777863145258103,0.602841691482147,0.945787663925195,0.164955578216626,0.804677116927923,0.631638966711842,35,1.99384028673195,0.160762434637664,2.5360672541572e-35,FALSE,NA,2
"Environment1",24,"GAUSSIAN",0.82463536765943,0.175478553235483,0.790252100840336,0.629327413529194,0.962063588925589,0.169681803120681,0.797646441161029,0.61885173356083,38,1.80347323308699,0.179060849652786,7.35841040676765e-24,FALSE,NA,2
"Environment1",24,"NBINOM",1.70629783602007,1.53469311852885,0.797262905162065,-0.586997468279265,1.80286531065166,1.48773698857044,0.790734268356709,-0.338483300655602,0,0.935666915563844,0.344412901293116,0.00659361203465861,FALSE,NA,2
"Environment2",24,"GLM",0.82990878229331,0.119899227137607,0.789771908763505,0.624571468411075,0.995512357857762,0.115425104267066,0.781119027975699,-0.616104171112636,38,0.39191668138821,0.108464507233885,0.000302304378310996,FALSE,NA,0.4
"Environment2",24,"POISSON",NA,NA,NA,NA,NA,NA,NA,NA,NA,NA,NA,NA,TRUE,"[33m![39m in callr subprocess.
[1mCaused by error[22m in `checkForRemoteErrors(val)`:
[33m![39m one node produced an error: missing value where TRUE/FALSE needed",0.4
"Environment2",24,"MSE",0.853588487832774,0.176466635403862,0.777863145258103,0.602841691482147,0.945787663925195,0.164955578216626,0.804677116927923,0.631638966711842,35,0.324523839609261,0.211799241943094,0.125467217033062,FALSE,NA,0.4
"Environment2",24,"GAUSSIAN",0.82463536765943,0.175478553235483,0.790252100840336,0.629327413529194,0.962063588925589,0.169681803120681,0.797646441161029,0.61885173356083,38,0.382838892932229,0.224511958174589,0.0881562150266107,FALSE,NA,0.4
"Environment2",24,"MAE",0.804131805952697,0.167777827124655,0.802545018007203,0.647530912411833,0.985501215200859,0.134575656687893,0.785602640066002,0.600054586694042,38,0.365455891466347,0.149171338348999,0.0142893155106747,FALSE,NA,0.4
"Environment2",24,"NBINOM",1.70629783602007,1.53469311852885,0.797262905162065,-0.586997468279265,1.80286531065166,1.48773698857044,0.790734268356709,-0.338483300655602,0,0.0713042728266798,0.106867201664382,0.504629594714255,FALSE,NA,0.4
"Environment3",24,"GLM",0.82990878229331,0.119899227137607,0.789771908763505,0.624571468411075,0.995512357857762,0.115425104267066,0.781119027975699,-0.616104171112636,38,0.298137899967734,0.125562909643429,0.0175769935153185,FALSE,NA,0.1
"Environment3",24,"MSE",0.853588487832774,0.176466635403862,0.777863145258103,0.602841691482147,0.945787663925195,0.164955578216626,0.804677116927923,0.631638966711842,35,0.112122872862339,0.187315830932674,0.549455265399037,FALSE,NA,0.1
"Environment3",24,"GAUSSIAN",0.82463536765943,0.175478553235483,0.790252100840336,0.629327413529194,0.962063588925589,0.169681803120681,0.797646441161029,0.61885173356083,38,0.138434492872046,0.216269183488395,0.522105819980951,FALSE,NA,0.1
"Environment3",24,"POISSON",NA,NA,NA,NA,NA,NA,NA,NA,NA,NA,NA,NA,TRUE,"[33m![39m in callr subprocess.
[1mCaused by error[22m in `checkForRemoteErrors(val)`:
[33m![39m one node produced an error: missing value where TRUE/FALSE needed",0.1
"Environment3",24,"MAE",0.804131805952697,0.167777827124655,0.802545018007203,0.647530912411833,0.985501215200859,0.134575656687893,0.785602640066002,0.600054586694042,38,0.118445200284972,0.188130372945531,0.528962176423961,FALSE,NA,0.1
"Environment3",24,"NBINOM",1.70629783602007,1.53469311852885,0.797262905162065,-0.586997468279265,1.80286531065166,1.48773698857044,0.790734268356709,-0.338483300655602,0,0.0428527838548581,0.101382617755143,0.672526021834085,FALSE,NA,0.1
"Environment1",25,"GLM",1.00066385505505,0.0951819234853422,0.791788715486194,0.551921634744129,1.04680193772978,0.0886446355845164,0.776821420535514,-0.590045649294117,32,2.13968069755051,0.10234949354461,4.75870202343108e-97,FALSE,NA,2
"Environment1",25,"POISSON",NA,NA,NA,NA,NA,NA,NA,NA,NA,NA,NA,NA,TRUE,"[33m![39m in callr subprocess.
[1mCaused by error[22m in `checkForRemoteErrors(val)`:
[33m![39m one node produced an error: missing value where TRUE/FALSE needed",2
"Environment1",25,"MAE",1.05231104834922,0.2223390212863,0.772388955582233,0.504474726829144,1.01246678412777,0.250852571680773,0.795001875046876,0.629073287067812,32,2.02609738608589,0.201272772840802,7.7752630146418e-24,FALSE,NA,2
"Environment1",25,"MSE",1.07173992780613,0.294221159115624,0.774981992797119,0.486007986664718,0.975817715093758,0.253670340235799,0.801596039900998,0.655440730090171,32,2.23141953408322,0.219870609271329,3.35514465044674e-24,FALSE,NA,2
"Environment1",25,"GAUSSIAN",1.07344915244281,0.244624723451063,0.784297719087635,0.484367237200846,1.0057291505163,0.22763993290822,0.791091277281932,0.63399365138158,31,2.12706250269618,0.148128744259155,9.28243685822405e-47,FALSE,NA,2
"Environment1",25,"NBINOM",NA,NA,NA,NA,NA,NA,NA,NA,NA,NA,NA,NA,FALSE,NA,2
"Environment2",25,"GLM",1.00066385505505,0.0951819234853422,0.791788715486194,0.551921634744129,1.04680193772978,0.0886446355845164,0.776821420535514,-0.590045649294117,32,0.423664885516692,0.0995478049247448,2.08215531252862e-05,FALSE,NA,0.4
"Environment2",25,"POISSON",NA,NA,NA,NA,NA,NA,NA,NA,NA,NA,NA,NA,TRUE,"[33m![39m in callr subprocess.
[1mCaused by error[22m in `checkForRemoteErrors(val)`:
[33m![39m one node produced an error: missing value where TRUE/FALSE needed",0.4
"Environment2",25,"MSE",1.07173992780613,0.294221159115624,0.774981992797119,0.486007986664718,0.975817715093758,0.253670340235799,0.801596039900998,0.655440730090171,32,0.370397650095911,0.257250752639446,0.149915172513459,FALSE,NA,0.4
"Environment2",25,"GAUSSIAN",1.07344915244281,0.244624723451063,0.784297719087635,0.484367237200846,1.0057291505163,0.22763993290822,0.791091277281932,0.63399365138158,31,0.441062031846377,0.151642954927907,0.00363102097480492,FALSE,NA,0.4
"Environment2",25,"MAE",1.05231104834922,0.2223390212863,0.772388955582233,0.504474726829144,1.01246678412777,0.250852571680773,0.795001875046876,0.629073287067812,32,0.473031391665427,0.165572964313731,0.00427751839274845,FALSE,NA,0.4
"Environment2",25,"NBINOM",NA,NA,NA,NA,NA,NA,NA,NA,NA,NA,NA,NA,FALSE,NA,0.4
"Environment3",25,"GLM",1.00066385505505,0.0951819234853422,0.791788715486194,0.551921634744129,1.04680193772978,0.0886446355845164,0.776821420535514,-0.590045649294117,32,0.0626915468270874,0.110053364769403,0.568917281116569,FALSE,NA,0.1
"Environment3",25,"MSE",1.07173992780613,0.294221159115624,0.774981992797119,0.486007986664718,0.975817715093758,0.253670340235799,0.801596039900998,0.655440730090171,32,0.0888474013041632,0.135582638158394,0.512274153065899,FALSE,NA,0.1
"Environment3",25,"GAUSSIAN",1.07344915244281,0.244624723451063,0.784297719087635,0.484367237200846,1.0057291505163,0.22763993290822,0.791091277281932,0.63399365138158,31,0.0767594269042438,0.160066701562125,0.631549894331484,FALSE,NA,0.1
"Environment3",25,"POISSON",NA,NA,NA,NA,NA,NA,NA,NA,NA,NA,NA,NA,TRUE,"[33m![39m in callr subprocess.
[1mCaused by error[22m in `checkForRemoteErrors(val)`:
[33m![39m one node produced an error: missing value where TRUE/FALSE needed",0.1
"Environment3",25,"MAE",1.05231104834922,0.2223390212863,0.772388955582233,0.504474726829144,1.01246678412777,0.250852571680773,0.795001875046876,0.629073287067812,32,-0.01060986811982,0.187540883589752,0.954884842964874,FALSE,NA,0.1
"Environment3",25,"NBINOM",NA,NA,NA,NA,NA,NA,NA,NA,NA,NA,NA,NA,FALSE,NA,0.1
"Environment1",26,"GLM",1.07971549919705,0.0677554358392985,0.60374549819928,0.33289970391077,0.938517706547075,0.0720335696881086,0.801293032325808,-0.590267427846513,40,2.07486185891459,0.0803207124793335,3.85531885070398e-147,FALSE,NA,2
"Environment1",26,"POISSON",NA,NA,NA,NA,NA,NA,NA,NA,NA,NA,NA,NA,TRUE,"[33m![39m in callr subprocess.
[1mCaused by error[22m in `checkForRemoteErrors(val)`:
[33m![39m one node produced an error: missing value where TRUE/FALSE needed",2
"Environment1",26,"MAE",1.0631729933165,0.13937378234757,0.621320528211284,0.353184625459855,0.920789928959363,0.144735045505516,0.810476261906548,0.634749640749123,40,1.87464047807828,0.157359973746361,1.01181287956737e-32,FALSE,NA,2
"Environment1",26,"MSE",1.07096299169831,0.161663143232634,0.621320528211284,0.34367130955742,0.897303352814136,0.170170824635605,0.817680942023551,0.653144878397513,40,1.98156823284552,0.1964327176562,6.25743834465626e-24,FALSE,NA,2
"Environment1",26,"GAUSSIAN",1.092160051498,0.179783988696349,0.618343337334934,0.317433395157541,0.908891150140588,0.168290858611687,0.814394359858997,0.644128441710482,39,1.98154364565015,0.17793108835256,8.32561795138844e-29,FALSE,NA,2
"Environment1",26,"NBINOM",1.86689509159727,1.64214447204548,0.609507803121249,-0.994400111673333,1.78527980195801,1.52364444035051,0.798856971424286,-0.373036598819512,0,1.23077141715605,0.574936380574385,0.032297521710516,FALSE,NA,2
"Environment2",26,"GLM",1.07971549919705,0.0677554358392985,0.60374549819928,0.33289970391077,0.938517706547075,0.0720335696881086,0.801293032325808,-0.590267427846513,40,0.305228698033686,0.118965115297025,0.0102968086470856,FALSE,NA,0.4
"Environment2",26,"POISSON",NA,NA,NA,NA,NA,NA,NA,NA,NA,NA,NA,NA,TRUE,"[33m![39m in callr subprocess.
[1mCaused by error[22m in `checkForRemoteErrors(val)`:
[33m![39m one node produced an error: missing value where TRUE/FALSE needed",0.4
"Environment2",26,"MSE",1.07096299169831,0.161663143232634,0.621320528211284,0.34367130955742,0.897303352814136,0.170170824635605,0.817680942023551,0.653144878397513,40,0.360972938687548,0.112500418122422,0.00133366024005402,FALSE,NA,0.4
"Environment2",26,"GAUSSIAN",1.092160051498,0.179783988696349,0.618343337334934,0.317433395157541,0.908891150140588,0.168290858611687,0.814394359858997,0.644128441710482,39,0.334503648844024,0.14380906812587,0.0200171572554923,FALSE,NA,0.4
"Environment2",26,"MAE",1.0631729933165,0.13937378234757,0.621320528211284,0.353184625459855,0.920789928959363,0.144735045505516,0.810476261906548,0.634749640749123,40,0.251926800824625,0.183466589510549,0.169706306970565,FALSE,NA,0.4
"Environment2",26,"NBINOM",1.86689509159727,1.64214447204548,0.609507803121249,-0.994400111673333,1.78527980195801,1.52364444035051,0.798856971424286,-0.373036598819512,0,0.0996071884659574,0.12171537234367,0.413150734035866,FALSE,NA,0.4
"Environment3",26,"GLM",1.07971549919705,0.0677554358392985,0.60374549819928,0.33289970391077,0.938517706547075,0.0720335696881086,0.801293032325808,-0.590267427846513,40,0.0863260963607223,0.137880003493282,0.531252081820016,FALSE,NA,0.1
"Environment3",26,"MSE",1.07096299169831,0.161663143232634,0.621320528211284,0.34367130955742,0.897303352814136,0.170170824635605,0.817680942023551,0.653144878397513,40,0.061646166603794,0.133661340178912,0.644646767635492,FALSE,NA,0.1
"Environment3",26,"GAUSSIAN",1.092160051498,0.179783988696349,0.618343337334934,0.317433395157541,0.908891150140588,0.168290858611687,0.814394359858997,0.644128441710482,39,0.00540478727288064,0.123633927891699,0.965130743466698,FALSE,NA,0.1
"Environment3",26,"POISSON",NA,NA,NA,NA,NA,NA,NA,NA,NA,NA,NA,NA,TRUE,"[33m![39m in callr subprocess.
[1mCaused by error[22m in `checkForRemoteErrors(val)`:
[33m![39m one node produced an error: missing value where TRUE/FALSE needed",0.1
"Environment3",26,"MAE",1.0631729933165,0.13937378234757,0.621320528211284,0.353184625459855,0.920789928959363,0.144735045505516,0.810476261906548,0.634749640749123,40,0.0310095767404928,0.213254990919767,0.884386545874752,FALSE,NA,0.1
"Environment3",26,"NBINOM",1.86689509159727,1.64214447204548,0.609507803121249,-0.994400111673333,1.78527980195801,1.52364444035051,0.798856971424286,-0.373036598819512,0,0.0201303767706272,0.112775515523713,0.85833068850467,FALSE,NA,0.1
"Environment1",27,"GLM",1.19180462380478,0.110194154442106,0.530180072028812,0.313616251004812,0.939545337791548,0.132340071080538,0.753068326708168,-0.430044550848632,38,1.90736413852587,0.0995173781664104,7.0982591596993e-82,FALSE,NA,2
"Environment1",27,"POISSON",NA,NA,NA,NA,NA,NA,NA,NA,NA,NA,NA,NA,TRUE,"[33m![39m in callr subprocess.
[1mCaused by error[22m in `checkForRemoteErrors(val)`:
[33m![39m one node produced an error: missing value where TRUE/FALSE needed",2
"Environment1",27,"MAE",1.21681963643369,0.176176712149598,0.52797118847539,0.284500590732205,0.885130369477786,0.239595662461501,0.783738093452336,0.603998122427313,36,1.81595937246643,0.166640615352091,1.18520203966239e-27,FALSE,NA,2
"Environment1",27,"MSE",1.24911731565811,0.201660552406014,0.515486194477791,0.246013937582712,0.841133616735759,0.283924733356297,0.804818120453011,0.642387457964199,35,1.93365306889801,0.156081811905399,3.00825404139559e-35,FALSE,NA,2
"Environment1",27,"GAUSSIAN",1.23485290687818,0.19105120724232,0.521824729891957,0.263136037292509,0.860329459275971,0.285760292049612,0.794919372984325,0.625878773426396,36,1.8820651502721,0.189482109507855,3.00079962671456e-23,FALSE,NA,2
"Environment1",27,"NBINOM",1.64622176757271,1.37452724926219,0.516350540216087,-0.309584542751932,1.63223366255089,1.3724697338333,0.770789769744244,-0.346627322234844,0,0.769506131975767,0.438704431254648,0.0794232584058726,FALSE,NA,2
"Environment2",27,"GLM",1.19180462380478,0.110194154442106,0.530180072028812,0.313616251004812,0.939545337791548,0.132340071080538,0.753068326708168,-0.430044550848632,38,0.336362019119046,0.12045801025464,0.00523252532225846,FALSE,NA,0.4
"Environment2",27,"POISSON",NA,NA,NA,NA,NA,NA,NA,NA,NA,NA,NA,NA,TRUE,"[33m![39m in callr subprocess.
[1mCaused by error[22m in `checkForRemoteErrors(val)`:
[33m![39m one node produced an error: missing value where TRUE/FALSE needed",0.4
"Environment2",27,"MSE",1.24911731565811,0.201660552406014,0.515486194477791,0.246013937582712,0.841133616735759,0.283924733356297,0.804818120453011,0.642387457964199,35,0.377082296745481,0.190395820409512,0.0476453838598463,FALSE,NA,0.4
"Environment2",27,"GAUSSIAN",1.23485290687818,0.19105120724232,0.521824729891957,0.263136037292509,0.860329459275971,0.285760292049612,0.794919372984325,0.625878773426396,36,0.352325682157432,0.187429848781804,0.060138939485021,FALSE,NA,0.4
"Environment2",27,"MAE",1.21681963643369,0.176176712149598,0.52797118847539,0.284500590732205,0.885130369477786,0.239595662461501,0.783738093452336,0.603998122427313,36,0.293331134600667,0.104512172275648,0.00500565575379874,FALSE,NA,0.4
"Environment2",27,"NBINOM",1.64622176757271,1.37452724926219,0.516350540216087,-0.309584542751932,1.63223366255089,1.3724697338333,0.770789769744244,-0.346627322234844,0,0.11910903265356,0.0979916804920472,0.224174884699494,FALSE,NA,0.4
"Environment3",27,"GLM",1.19180462380478,0.110194154442106,0.530180072028812,0.313616251004812,0.939545337791548,0.132340071080538,0.753068326708168,-0.430044550848632,38,0.267519979092266,0.14285639801886,0.061116784904465,FALSE,NA,0.1
"Environment3",27,"MSE",1.24911731565811,0.201660552406014,0.515486194477791,0.246013937582712,0.841133616735759,0.283924733356297,0.804818120453011,0.642387457964199,35,0.348376576415758,0.20546044858031,0.0899636502857223,FALSE,NA,0.1
"Environment3",27,"GAUSSIAN",1.23485290687818,0.19105120724232,0.521824729891957,0.263136037292509,0.860329459275971,0.285760292049612,0.794919372984325,0.625878773426396,36,0.304631925321786,0.197135574509281,0.122275773379021,FALSE,NA,0.1
"Environment3",27,"POISSON",NA,NA,NA,NA,NA,NA,NA,NA,NA,NA,NA,NA,TRUE,"[33m![39m in callr subprocess.
[1mCaused by error[22m in `checkForRemoteErrors(val)`:
[33m![39m one node produced an error: missing value where TRUE/FALSE needed",0.1
"Environment3",27,"MAE",1.21681963643369,0.176176712149598,0.52797118847539,0.284500590732205,0.885130369477786,0.239595662461501,0.783738093452336,0.603998122427313,36,0.285769641971204,0.135774395819798,0.0353140491114741,FALSE,NA,0.1
"Environment3",27,"NBINOM",1.64622176757271,1.37452724926219,0.516350540216087,-0.309584542751932,1.63223366255089,1.3724697338333,0.770789769744244,-0.346627322234844,0,0.0664562792679771,0.139644628849009,0.634148681328351,FALSE,NA,0.1
"Environment1",28,"GLM",0.962511121909498,0.247573080969937,0.861320528211284,0.714705157962579,1.01425123297253,0.217802011686178,0.748850221255531,-0.583564640494422,34,1.92752131161273,0.115930476081739,4.47802579199592e-62,FALSE,NA,2
"Environment1",28,"POISSON",NA,NA,NA,NA,NA,NA,NA,NA,NA,NA,NA,NA,TRUE,"[33m![39m in callr subprocess.
[1mCaused by error[22m in `checkForRemoteErrors(val)`:
[33m![39m one node produced an error: missing value where TRUE/FALSE needed",2
"Environment1",28,"MAE",0.992170086610145,0.350781149317346,0.849603841536615,0.696852029421541,0.973629138930706,0.361586503205073,0.777137928448211,0.583364761554172,32,1.77344432803662,0.188804152835858,5.82948446895803e-21,FALSE,NA,2
"Environment1",28,"MSE",0.989122772314719,0.288515881716967,0.854021608643457,0.698711324544597,0.936528253976066,0.345944513671082,0.794652366309158,0.61451219708385,34,1.77356693996952,0.200191936110658,8.04949008593687e-19,FALSE,NA,2
"Environment1",28,"GAUSSIAN",1.00824338038316,0.292524737556766,0.85469387755102,0.686950391096412,0.948804693115725,0.325275305380233,0.787498687467187,0.60433965851003,33,1.78825211875921,0.140534100452816,4.31211911408697e-37,FALSE,NA,2
"Environment1",28,"NBINOM",1.86154286714743,1.55119206372258,0.849027611044418,-0.0671574236450494,1.76183459670261,1.49477738583167,0.758723468086702,-0.364266266942226,0,0.647988649397258,0.510023728664594,0.203904138482016,FALSE,NA,2
"Environment2",28,"GLM",0.962511121909498,0.247573080969937,0.861320528211284,0.714705157962579,1.01425123297253,0.217802011686178,0.748850221255531,-0.583564640494422,34,0.205669441319141,0.101905044830982,0.0435656555174293,FALSE,NA,0.4
"Environment2",28,"POISSON",NA,NA,NA,NA,NA,NA,NA,NA,NA,NA,NA,NA,TRUE,"[33m![39m in callr subprocess.
[1mCaused by error[22m in `checkForRemoteErrors(val)`:
[33m![39m one node produced an error: missing value where TRUE/FALSE needed",0.4
"Environment2",28,"MSE",0.989122772314719,0.288515881716967,0.854021608643457,0.698711324544597,0.936528253976066,0.345944513671082,0.794652366309158,0.61451219708385,34,0.251390847080984,0.141274755046808,0.0751666134059495,FALSE,NA,0.4
"Environment2",28,"GAUSSIAN",1.00824338038316,0.292524737556766,0.85469387755102,0.686950391096412,0.948804693115725,0.325275305380233,0.787498687467187,0.60433965851003,33,0.252750449463376,0.191862435049218,0.187720510651112,FALSE,NA,0.4
"Environment2",28,"MAE",0.992170086610145,0.350781149317346,0.849603841536615,0.696852029421541,0.973629138930706,0.361586503205073,0.777137928448211,0.583364761554172,32,0.222158465441553,0.230726637249442,0.335615576427197,FALSE,NA,0.4
"Environment2",28,"NBINOM",1.86154286714743,1.55119206372258,0.849027611044418,-0.0671574236450494,1.76183459670261,1.49477738583167,0.758723468086702,-0.364266266942226,0,0.108724198897695,0.11922407490924,0.361804736550025,FALSE,NA,0.4
"Environment3",28,"GLM",0.962511121909498,0.247573080969937,0.861320528211284,0.714705157962579,1.01425123297253,0.217802011686178,0.748850221255531,-0.583564640494422,34,0.395885319353056,0.118130883943481,0.000804496212039428,FALSE,NA,0.1
"Environment3",28,"MSE",0.989122772314719,0.288515881716967,0.854021608643457,0.698711324544597,0.936528253976066,0.345944513671082,0.794652366309158,0.61451219708385,34,0.373766049547477,0.204522670754225,0.067623988132824,FALSE,NA,0.1
"Environment3",28,"GAUSSIAN",1.00824338038316,0.292524737556766,0.85469387755102,0.686950391096412,0.948804693115725,0.325275305380233,0.787498687467187,0.60433965851003,33,0.377485938321981,0.143534308932009,0.00854011328849869,FALSE,NA,0.1
"Environment3",28,"POISSON",NA,NA,NA,NA,NA,NA,NA,NA,NA,NA,NA,NA,TRUE,"[33m![39m in callr subprocess.
[1mCaused by error[22m in `checkForRemoteErrors(val)`:
[33m![39m one node produced an error: missing value where TRUE/FALSE needed",0.1
"Environment3",28,"MAE",0.992170086610145,0.350781149317346,0.849603841536615,0.696852029421541,0.973629138930706,0.361586503205073,0.777137928448211,0.583364761554172,32,0.418101732151978,0.18853061077877,0.0265762364291459,FALSE,NA,0.1
"Environment3",28,"NBINOM",1.86154286714743,1.55119206372258,0.849027611044418,-0.0671574236450494,1.76183459670261,1.49477738583167,0.758723468086702,-0.364266266942226,0,0.0619800030642696,0.061378609287276,0.312592030440597,FALSE,NA,0.1
"Environment1",29,"GLM",0.856186440464601,0.155301305187896,0.832797118847539,0.686447864454595,1.0685400755554,0.166107236717759,0.706049651241281,-0.60737886886468,37,1.90075008379073,0.168082347114982,1.19182139069298e-29,FALSE,NA,2
"Environment1",29,"POISSON",NA,NA,NA,NA,NA,NA,NA,NA,NA,NA,NA,NA,TRUE,"[33m![39m in callr subprocess.
[1mCaused by error[22m in `checkForRemoteErrors(val)`:
[33m![39m one node produced an error: missing value where TRUE/FALSE needed",2
"Environment1",29,"MAE",0.855318414015145,0.25912611635518,0.834621848739496,0.687083318524894,1.05071587516391,0.207769398595967,0.722466061651541,0.507743555933797,37,1.71874625128508,0.173202344684603,3.29530851986235e-23,FALSE,NA,2
"Environment1",29,"MSE",0.852633367115046,0.289563383662777,0.825402160864346,0.689044873812048,1.00195237905633,0.291347752937965,0.740534013350334,0.552374330360338,35,1.82808518502407,0.19448296341423,5.47090401391017e-21,FALSE,NA,2
"Environment1",29,"GAUSSIAN",0.844723929628746,0.278525386988102,0.831644657863145,0.694787253984634,1.01676326689103,0.293796347192272,0.734146853671342,0.539042890309167,34,1.80454959133919,0.190099890900859,2.25258499756765e-21,FALSE,NA,2
"Environment1",29,"NBINOM",1.81901033929831,1.61146396266424,0.839231692677071,-0.415283381346987,1.74852205611165,1.50051374614429,0.708454211355284,-0.363210906237931,0,0.75202035699097,0.350955387180249,0.0321307285264152,FALSE,NA,2
"Environment2",29,"GLM",0.856186440464601,0.155301305187896,0.832797118847539,0.686447864454595,1.0685400755554,0.166107236717759,0.706049651241281,-0.60737886886468,37,0.206916346179476,0.0943517867091487,0.0283051815355495,FALSE,NA,0.4
"Environment2",29,"POISSON",NA,NA,NA,NA,NA,NA,NA,NA,NA,NA,NA,NA,TRUE,"[33m![39m in callr subprocess.
[1mCaused by error[22m in `checkForRemoteErrors(val)`:
[33m![39m one node produced an error: missing value where TRUE/FALSE needed",0.4
"Environment2",29,"MSE",0.852633367115046,0.289563383662777,0.825402160864346,0.689044873812048,1.00195237905633,0.291347752937965,0.740534013350334,0.552374330360338,35,0.110924194364417,0.219993854716111,0.614110323410496,FALSE,NA,0.4
"Environment2",29,"GAUSSIAN",0.844723929628746,0.278525386988102,0.831644657863145,0.694787253984634,1.01676326689103,0.293796347192272,0.734146853671342,0.539042890309167,34,0.185559721893565,0.156504457054953,0.235760011679279,FALSE,NA,0.4
"Environment2",29,"MAE",0.855318414015145,0.25912611635518,0.834621848739496,0.687083318524894,1.05071587516391,0.207769398595967,0.722466061651541,0.507743555933797,37,0.221963648223422,0.181846949945374,0.222234879294375,FALSE,NA,0.4
"Environment2",29,"NBINOM",1.81901033929831,1.61146396266424,0.839231692677071,-0.415283381346987,1.74852205611165,1.50051374614429,0.708454211355284,-0.363210906237931,0,0.048164650057142,0.127303102837289,0.705173400691089,FALSE,NA,0.4
"Environment3",29,"GLM",0.856186440464601,0.155301305187896,0.832797118847539,0.686447864454595,1.0685400755554,0.166107236717759,0.706049651241281,-0.60737886886468,37,0.137820663083045,0.139699303060443,0.323862183973831,FALSE,NA,0.1
"Environment3",29,"MSE",0.852633367115046,0.289563383662777,0.825402160864346,0.689044873812048,1.00195237905633,0.291347752937965,0.740534013350334,0.552374330360338,35,0.149160049343249,0.206936639133204,0.47103221902049,FALSE,NA,0.1
"Environment3",29,"GAUSSIAN",0.844723929628746,0.278525386988102,0.831644657863145,0.694787253984634,1.01676326689103,0.293796347192272,0.734146853671342,0.539042890309167,34,0.142302010833188,0.138716898371913,0.304964738557228,FALSE,NA,0.1
"Environment3",29,"POISSON",NA,NA,NA,NA,NA,NA,NA,NA,NA,NA,NA,NA,TRUE,"[33m![39m in callr subprocess.
[1mCaused by error[22m in `checkForRemoteErrors(val)`:
[33m![39m one node produced an error: missing value where TRUE/FALSE needed",0.1
"Environment3",29,"MAE",0.855318414015145,0.25912611635518,0.834621848739496,0.687083318524894,1.05071587516391,0.207769398595967,0.722466061651541,0.507743555933797,37,0.138755892620105,0.234390757844435,0.553860404863982,FALSE,NA,0.1
"Environment3",29,"NBINOM",1.81901033929831,1.61146396266424,0.839231692677071,-0.415283381346987,1.74852205611165,1.50051374614429,0.708454211355284,-0.363210906237931,0,0.0181695825916975,0.0718066965384864,0.800241434567728,FALSE,NA,0.1
"Environment1",30,"GLM",1.15232358841918,0.13429628615371,0.633037214885954,0.434075862175005,1.07425063665476,0.121059415022236,0.719020475511888,-0.496446418287271,39,1.93393157872889,0.13931678597215,8.19634614356388e-44,FALSE,NA,2
"Environment1",30,"POISSON",NA,NA,NA,NA,NA,NA,NA,NA,NA,NA,NA,NA,TRUE,"[33m![39m in callr subprocess.
[1mCaused by error[22m in `checkForRemoteErrors(val)`:
[33m![39m one node produced an error: missing value where TRUE/FALSE needed",2
"Environment1",30,"MAE",1.16839270847972,0.138511862914769,0.61719087635054,0.418182218899436,1.05482460231128,0.135450466439741,0.732309307732693,0.553800524360379,38,1.97523754933849,0.22755940663725,3.95434082822083e-18,FALSE,NA,2
"Environment1",30,"MSE",1.17943836202115,0.223316461809637,0.627755102040816,0.407129539411273,1.01610551292093,0.229636091778426,0.755078376959424,0.585956310599064,40,1.96391317588734,0.180951672179245,1.9246444965937e-27,FALSE,NA,2
"Environment1",30,"GAUSSIAN",1.18408814407918,0.196246627043788,0.605762304921969,0.402445695776995,1.03629112226861,0.201495653850258,0.740453011325283,0.569342405991238,40,1.93199082176827,0.179296993490268,4.49986326192422e-27,FALSE,NA,2
"Environment1",30,"NBINOM",1.76505406925435,1.44709396673127,0.587995198079232,-0.327777610587829,1.8447510727555,1.43460960385694,0.72875121878047,-0.364721701341725,0,0.847695168443207,0.610437265171023,0.164933493783151,FALSE,NA,2
"Environment2",30,"GLM",1.15232358841918,0.13429628615371,0.633037214885954,0.434075862175005,1.07425063665476,0.121059415022236,0.719020475511888,-0.496446418287271,39,0.387166879522555,0.0879971800517071,1.08368357751187e-05,FALSE,NA,0.4
"Environment2",30,"POISSON",NA,NA,NA,NA,NA,NA,NA,NA,NA,NA,NA,NA,TRUE,"[33m![39m in callr subprocess.
[1mCaused by error[22m in `checkForRemoteErrors(val)`:
[33m![39m one node produced an error: missing value where TRUE/FALSE needed",0.4
"Environment2",30,"MSE",1.17943836202115,0.223316461809637,0.627755102040816,0.407129539411273,1.01610551292093,0.229636091778426,0.755078376959424,0.585956310599064,40,0.365699645693286,0.169830734760022,0.0312936638448144,FALSE,NA,0.4
"Environment2",30,"GAUSSIAN",1.18408814407918,0.196246627043788,0.605762304921969,0.402445695776995,1.03629112226861,0.201495653850258,0.740453011325283,0.569342405991238,40,0.419141910663864,0.11064341041795,0.000151728641834572,FALSE,NA,0.4
"Environment2",30,"MAE",1.16839270847972,0.138511862914769,0.61719087635054,0.418182218899436,1.05482460231128,0.135450466439741,0.732309307732693,0.553800524360379,38,0.383457420427739,0.254360637436407,0.131673723643552,FALSE,NA,0.4
"Environment2",30,"NBINOM",1.76505406925435,1.44709396673127,0.587995198079232,-0.327777610587829,1.8447510727555,1.43460960385694,0.72875121878047,-0.364721701341725,0,0.215403948424601,0.156253340714354,0.16803175366378,FALSE,NA,0.4
"Environment3",30,"GLM",1.15232358841918,0.13429628615371,0.633037214885954,0.434075862175005,1.07425063665476,0.121059415022236,0.719020475511888,-0.496446418287271,39,0.235307509993615,0.10293320328104,0.0222530040704639,FALSE,NA,0.1
"Environment3",30,"MSE",1.17943836202115,0.223316461809637,0.627755102040816,0.407129539411273,1.01610551292093,0.229636091778426,0.755078376959424,0.585956310599064,40,0.173272584899089,0.177169399160486,0.3280717766976,FALSE,NA,0.1
"Environment3",30,"GAUSSIAN",1.18408814407918,0.196246627043788,0.605762304921969,0.402445695776995,1.03629112226861,0.201495653850258,0.740453011325283,0.569342405991238,40,0.205105817014046,0.159848397990142,0.199447538405638,FALSE,NA,0.1
"Environment3",30,"POISSON",NA,NA,NA,NA,NA,NA,NA,NA,NA,NA,NA,NA,TRUE,"[33m![39m in callr subprocess.
[1mCaused by error[22m in `checkForRemoteErrors(val)`:
[33m![39m one node produced an error: missing value where TRUE/FALSE needed",0.1
"Environment3",30,"MAE",1.16839270847972,0.138511862914769,0.61719087635054,0.418182218899436,1.05482460231128,0.135450466439741,0.732309307732693,0.553800524360379,38,0.223863825450477,0.156585073729332,0.152813875967006,FALSE,NA,0.1
"Environment3",30,"NBINOM",1.76505406925435,1.44709396673127,0.587995198079232,-0.327777610587829,1.8447510727555,1.43460960385694,0.72875121878047,-0.364721701341725,0,-0.0274839765427355,0.103882674179641,0.791342680627284,FALSE,NA,0.1
"Environment1",31,"GLM",0.832604609225141,0.11112870409974,0.793517406962785,0.615186734384902,0.975680537612609,0.144847138101931,0.825395634890872,-0.577064365774537,37,2.12115210080895,0.0839957463760233,1.04743732482984e-140,FALSE,NA,2
"Environment1",31,"POISSON",NA,NA,NA,NA,NA,NA,NA,NA,NA,NA,NA,NA,TRUE,"[33m![39m in callr subprocess.
[1mCaused by error[22m in `checkForRemoteErrors(val)`:
[33m![39m one node produced an error: missing value where TRUE/FALSE needed",2
"Environment1",31,"MAE",0.829841007179814,0.170706930994813,0.791884753901561,0.617737058432688,0.962816167652874,0.173602269209088,0.829928748218706,0.678324635318143,38,1.86676457410306,0.161230640311874,5.31350659285901e-31,FALSE,NA,2
"Environment1",31,"MSE",0.85645454878791,0.253515465584023,0.810708283313325,0.592825047761862,0.90088368815973,0.255724290634826,0.843762094052351,0.718376753817272,38,2.05885602660477,0.216001298025441,1.54752839277808e-21,FALSE,NA,2
"Environment1",31,"GAUSSIAN",0.852643914445822,0.233583134958162,0.808499399759904,0.5964402847709,0.910770274287296,0.253176810521333,0.843057076426911,0.712161588919936,38,1.99667485957826,0.224101284810777,5.11715726609659e-19,FALSE,NA,2
"Environment1",31,"NBINOM",1.60892289633986,1.46347212949701,0.769315726290516,-0.436954039743016,1.84733599995083,1.51938451249304,0.819035475886897,-0.184193957015917,0,1.25101580020804,0.559180224316886,0.0252711916015412,FALSE,NA,2
"Environment2",31,"GLM",0.832604609225141,0.11112870409974,0.793517406962785,0.615186734384902,0.975680537612609,0.144847138101931,0.825395634890872,-0.577064365774537,37,0.576506689763552,0.109234362961196,1.30812179159424e-07,FALSE,NA,0.4
"Environment2",31,"POISSON",NA,NA,NA,NA,NA,NA,NA,NA,NA,NA,NA,NA,TRUE,"[33m![39m in callr subprocess.
[1mCaused by error[22m in `checkForRemoteErrors(val)`:
[33m![39m one node produced an error: missing value where TRUE/FALSE needed",0.4
"Environment2",31,"MSE",0.85645454878791,0.253515465584023,0.810708283313325,0.592825047761862,0.90088368815973,0.255724290634826,0.843762094052351,0.718376753817272,38,0.660963245327075,0.207948811356928,0.00148044256237312,FALSE,NA,0.4
"Environment2",31,"GAUSSIAN",0.852643914445822,0.233583134958162,0.808499399759904,0.5964402847709,0.910770274287296,0.253176810521333,0.843057076426911,0.712161588919936,38,0.542465065047205,0.126372560447557,1.76604229983153e-05,FALSE,NA,0.4
"Environment2",31,"MAE",0.829841007179814,0.170706930994813,0.791884753901561,0.617737058432688,0.962816167652874,0.173602269209088,0.829928748218706,0.678324635318143,38,0.552256200514404,0.153928045531872,0.000333536763252711,FALSE,NA,0.4
"Environment2",31,"NBINOM",1.60892289633986,1.46347212949701,0.769315726290516,-0.436954039743016,1.84733599995083,1.51938451249304,0.819035475886897,-0.184193957015917,0,0.291023605008151,0.092916085459969,0.00173553535501109,FALSE,NA,0.4
"Environment3",31,"GLM",0.832604609225141,0.11112870409974,0.793517406962785,0.615186734384902,0.975680537612609,0.144847138101931,0.825395634890872,-0.577064365774537,37,0.058229174862764,0.123521807291903,0.637349365249884,FALSE,NA,0.1
"Environment3",31,"MSE",0.85645454878791,0.253515465584023,0.810708283313325,0.592825047761862,0.90088368815973,0.255724290634826,0.843762094052351,0.718376753817272,38,0.106164751656919,0.150704413274355,0.481148331963589,FALSE,NA,0.1
"Environment3",31,"GAUSSIAN",0.852643914445822,0.233583134958162,0.808499399759904,0.5964402847709,0.910770274287296,0.253176810521333,0.843057076426911,0.712161588919936,38,0.0852950376748195,0.177860476537281,0.631539224843719,FALSE,NA,0.1
"Environment3",31,"POISSON",NA,NA,NA,NA,NA,NA,NA,NA,NA,NA,NA,NA,TRUE,"[33m![39m in callr subprocess.
[1mCaused by error[22m in `checkForRemoteErrors(val)`:
[33m![39m one node produced an error: missing value where TRUE/FALSE needed",0.1
"Environment3",31,"MAE",0.829841007179814,0.170706930994813,0.791884753901561,0.617737058432688,0.962816167652874,0.173602269209088,0.829928748218706,0.678324635318143,38,0.116648198037787,0.160740159321042,0.468026270739571,FALSE,NA,0.1
"Environment3",31,"NBINOM",1.60892289633986,1.46347212949701,0.769315726290516,-0.436954039743016,1.84733599995083,1.51938451249304,0.819035475886897,-0.184193957015917,0,0.0960559089444774,0.0955506374609504,0.314758193110466,FALSE,NA,0.1
"Environment1",32,"GLM",1.08196135090375,0.0770579375130074,0.768547418967587,0.611411050872124,1.04159316874254,0.0779789773655243,0.762350558763969,-0.845346648613745,42,1.99818781235086,0.113517309201948,2.35709786288511e-69,FALSE,NA,2
"Environment1",32,"POISSON",NA,NA,NA,NA,NA,NA,NA,NA,NA,NA,NA,NA,TRUE,"[33m![39m in callr subprocess.
[1mCaused by error[22m in `checkForRemoteErrors(val)`:
[33m![39m one node produced an error: missing value where TRUE/FALSE needed",2
"Environment1",32,"MAE",1.07568475603934,0.226575307334495,0.777094837935174,0.615906481104939,1.02031691972857,0.233974314800987,0.778643966099153,0.560454028304645,42,1.81986678447947,0.156305387682658,2.49037827573884e-31,FALSE,NA,2
"Environment1",32,"MSE",1.04665834082551,0.188329199951053,0.774885954381753,0.636355663438613,0.991352499568122,0.198333706825312,0.787753693842346,0.585055187984621,41,1.9702846871966,0.131132109683632,5.02181638502774e-51,FALSE,NA,2
"Environment1",32,"GAUSSIAN",1.06240134647318,0.156705459134831,0.768643457382953,0.625334093199216,0.99903482658702,0.166792601950958,0.784963624090602,0.578599173219981,41,1.94189796904474,0.157650484187406,7.2701604214957e-35,FALSE,NA,2
"Environment1",32,"NBINOM",2.24260364870549,1.80768291522932,0.756830732292917,-0.669444553679794,1.81398710637834,1.48787628286468,0.741941048526213,-0.389320739400482,0,0.676741302215391,0.423962757414035,0.110437857363428,FALSE,NA,2
"Environment2",32,"GLM",1.08196135090375,0.0770579375130074,0.768547418967587,0.611411050872124,1.04159316874254,0.0779789773655243,0.762350558763969,-0.845346648613745,42,0.266574494210344,0.102298244274314,0.00916449800889465,FALSE,NA,0.4
"Environment2",32,"POISSON",NA,NA,NA,NA,NA,NA,NA,NA,NA,NA,NA,NA,TRUE,"[33m![39m in callr subprocess.
[1mCaused by error[22m in `checkForRemoteErrors(val)`:
[33m![39m one node produced an error: missing value where TRUE/FALSE needed",0.4
"Environment2",32,"MSE",1.04665834082551,0.188329199951053,0.774885954381753,0.636355663438613,0.991352499568122,0.198333706825312,0.787753693842346,0.585055187984621,41,0.34319900649316,0.172198653706248,0.0462569389342188,FALSE,NA,0.4
"Environment2",32,"GAUSSIAN",1.06240134647318,0.156705459134831,0.768643457382953,0.625334093199216,0.99903482658702,0.166792601950958,0.784963624090602,0.578599173219981,41,0.395806799696635,0.116607081258754,0.000687883667621781,FALSE,NA,0.4
"Environment2",32,"MAE",1.07568475603934,0.226575307334495,0.777094837935174,0.615906481104939,1.02031691972857,0.233974314800987,0.778643966099153,0.560454028304645,42,0.273048493173235,0.141608382035553,0.0538309470376207,FALSE,NA,0.4
"Environment2",32,"NBINOM",2.24260364870549,1.80768291522932,0.756830732292917,-0.669444553679794,1.81398710637834,1.48787628286468,0.741941048526213,-0.389320739400482,0,0.0450421035819883,0.117906880985149,0.70245082709073,FALSE,NA,0.4
"Environment3",32,"GLM",1.08196135090375,0.0770579375130074,0.768547418967587,0.611411050872124,1.04159316874254,0.0779789773655243,0.762350558763969,-0.845346648613745,42,0.105832308569151,0.102149997394928,0.300179712930727,FALSE,NA,0.1
"Environment3",32,"MSE",1.04665834082551,0.188329199951053,0.774885954381753,0.636355663438613,0.991352499568122,0.198333706825312,0.787753693842346,0.585055187984621,41,0.111845457365354,0.131019173506827,0.393294969749567,FALSE,NA,0.1
"Environment3",32,"GAUSSIAN",1.06240134647318,0.156705459134831,0.768643457382953,0.625334093199216,0.99903482658702,0.166792601950958,0.784963624090602,0.578599173219981,41,0.140304997336435,0.107869644872943,0.193364494675931,FALSE,NA,0.1
"Environment3",32,"POISSON",NA,NA,NA,NA,NA,NA,NA,NA,NA,NA,NA,NA,TRUE,"[33m![39m in callr subprocess.
[1mCaused by error[22m in `checkForRemoteErrors(val)`:
[33m![39m one node produced an error: missing value where TRUE/FALSE needed",0.1
"Environment3",32,"MAE",1.07568475603934,0.226575307334495,0.777094837935174,0.615906481104939,1.02031691972857,0.233974314800987,0.778643966099153,0.560454028304645,42,0.0157510679971456,0.127128514242089,0.90139541780791,FALSE,NA,0.1
"Environment3",32,"NBINOM",2.24260364870549,1.80768291522932,0.756830732292917,-0.669444553679794,1.81398710637834,1.48787628286468,0.741941048526213,-0.389320739400482,0,-0.0290741763846566,0.0531173511636111,0.584133201196414,FALSE,NA,0.1
"Environment1",33,"GLM",1.09647689325542,0.215234058040462,0.744825930372149,0.544416192605981,0.930632441641201,0.190408032573208,0.831827795694893,-0.626676981447184,42,2.33288644936401,0.0946269682120871,3.37499902471296e-134,FALSE,NA,2
"Environment1",33,"POISSON",NA,NA,NA,NA,NA,NA,NA,NA,NA,NA,NA,NA,TRUE,"[33m![39m in callr subprocess.
[1mCaused by error[22m in `checkForRemoteErrors(val)`:
[33m![39m one node produced an error: missing value where TRUE/FALSE needed",2
"Environment1",33,"MAE",1.14758230321587,0.257924815399597,0.70093637454982,0.500958116373062,0.897280294095459,0.248201931696072,0.844230105752644,0.69136413759095,42,2.03557596682012,0.185695448525304,5.82595512860631e-28,FALSE,NA,2
"Environment1",33,"MSE",1.1692329245951,0.271624934404324,0.695174069627851,0.481950350404193,0.863208752769589,0.2659584662109,0.856849921248031,0.714358175139957,40,2.12957781412872,0.177368460960973,3.28378259150675e-33,FALSE,NA,2
"Environment1",33,"GAUSSIAN",1.16911587577593,0.279945498980306,0.692581032412965,0.482054066376215,0.873494584419477,0.267842845850292,0.85276831920798,0.707510310314646,40,2.11256905666902,0.138624061981054,1.93180735935002e-52,FALSE,NA,2
"Environment1",33,"NBINOM",2.03012115008813,1.59025866743224,0.729363745498199,-0.561756144852338,1.81021549662124,1.4755721842058,0.836837920948024,-0.256176559360184,0,0.998029210077736,0.357320593729549,0.00522068784134716,FALSE,NA,2
"Environment2",33,"GLM",1.09647689325542,0.215234058040462,0.744825930372149,0.544416192605981,0.930632441641201,0.190408032573208,0.831827795694893,-0.626676981447184,42,0.450498966866248,0.124928268587912,0.000310879994490867,FALSE,NA,0.4
"Environment2",33,"POISSON",NA,NA,NA,NA,NA,NA,NA,NA,NA,NA,NA,NA,TRUE,"[33m![39m in callr subprocess.
[1mCaused by error[22m in `checkForRemoteErrors(val)`:
[33m![39m one node produced an error: missing value where TRUE/FALSE needed",0.4
"Environment2",33,"MSE",1.1692329245951,0.271624934404324,0.695174069627851,0.481950350404193,0.863208752769589,0.2659584662109,0.856849921248031,0.714358175139957,40,0.466457038093766,0.186966322366112,0.0126002582318352,FALSE,NA,0.4
"Environment2",33,"GAUSSIAN",1.16911587577593,0.279945498980306,0.692581032412965,0.482054066376215,0.873494584419477,0.267842845850292,0.85276831920798,0.707510310314646,40,0.471181914271292,0.155008755258808,0.00236804774998673,FALSE,NA,0.4
"Environment2",33,"MAE",1.14758230321587,0.257924815399597,0.70093637454982,0.500958116373062,0.897280294095459,0.248201931696072,0.844230105752644,0.69136413759095,42,0.364489286974684,0.141850706787054,0.0101837319061119,FALSE,NA,0.4
"Environment2",33,"NBINOM",2.03012115008813,1.59025866743224,0.729363745498199,-0.561756144852338,1.81021549662124,1.4755721842058,0.836837920948024,-0.256176559360184,0,0.10718688650359,0.0861649791650709,0.213509590446906,FALSE,NA,0.4
"Environment3",33,"GLM",1.09647689325542,0.215234058040462,0.744825930372149,0.544416192605981,0.930632441641201,0.190408032573208,0.831827795694893,-0.626676981447184,42,-0.029906947502251,0.103799231725454,0.773252576580781,FALSE,NA,0.1
"Environment3",33,"MSE",1.1692329245951,0.271624934404324,0.695174069627851,0.481950350404193,0.863208752769589,0.2659584662109,0.856849921248031,0.714358175139957,40,-0.0184411396238211,0.16870936632307,0.912958877519551,FALSE,NA,0.1
"Environment3",33,"GAUSSIAN",1.16911587577593,0.279945498980306,0.692581032412965,0.482054066376215,0.873494584419477,0.267842845850292,0.85276831920798,0.707510310314646,40,-0.0531716508022364,0.195061740144734,0.78516930210102,FALSE,NA,0.1
"Environment3",33,"POISSON",NA,NA,NA,NA,NA,NA,NA,NA,NA,NA,NA,NA,TRUE,"[33m![39m in callr subprocess.
[1mCaused by error[22m in `checkForRemoteErrors(val)`:
[33m![39m one node produced an error: missing value where TRUE/FALSE needed",0.1
"Environment3",33,"MAE",1.14758230321587,0.257924815399597,0.70093637454982,0.500958116373062,0.897280294095459,0.248201931696072,0.844230105752644,0.69136413759095,42,-0.166413684741164,0.155152528247182,0.283459064107491,FALSE,NA,0.1
"Environment3",33,"NBINOM",2.03012115008813,1.59025866743224,0.729363745498199,-0.561756144852338,1.81021549662124,1.4755721842058,0.836837920948024,-0.256176559360184,0,-0.0242372280232135,0.0763360439370993,0.750858931594414,FALSE,NA,0.1
"Environment1",34,"GLM",0.932491889532854,0.197477125658872,0.801008403361345,0.634089704761058,0.913939148593333,0.179206107684438,0.823795094877372,-0.659428928002116,33,2.26687311658519,0.0988703670841147,2.45820001494683e-116,FALSE,NA,2
"Environment1",34,"POISSON",NA,NA,NA,NA,NA,NA,NA,NA,NA,NA,NA,NA,TRUE,"[33m![39m in callr subprocess.
[1mCaused by error[22m in `checkForRemoteErrors(val)`:
[33m![39m one node produced an error: missing value where TRUE/FALSE needed",2
"Environment1",34,"MAE",0.944158727681353,0.238656829046129,0.797839135654262,0.62487627983037,0.891052393203505,0.242388738211489,0.8334403360084,0.692325796934499,30,2.01152944248542,0.190699144019281,5.17889923917133e-26,FALSE,NA,2
"Environment1",34,"MSE",0.925253607124948,0.222074984528089,0.801968787515006,0.639748268905221,0.87027206041991,0.238464000274653,0.841170029250731,0.706509070035395,33,2.12451563439611,0.165534774432029,1.05411036357775e-37,FALSE,NA,2
"Environment1",34,"GAUSSIAN",0.934369007161772,0.232565850393881,0.797935174069628,0.632615058173852,0.874029170857433,0.247103380538758,0.840555013875347,0.703969500838311,30,2.10358848706586,0.134132618106849,1.98002680966109e-55,FALSE,NA,2
"Environment1",34,"NBINOM",1.80945627489219,1.43649086447591,0.805810324129652,-0.377782577011533,1.85263316871405,1.54287880393424,0.819753993849846,-0.3300362348028,0,0.863252074797121,0.240342456555302,0.000328454085249572,FALSE,NA,2
"Environment2",34,"GLM",0.932491889532854,0.197477125658872,0.801008403361345,0.634089704761058,0.913939148593333,0.179206107684438,0.823795094877372,-0.659428928002116,33,0.474561680083765,0.0784273825013006,1.43976928907588e-09,FALSE,NA,0.4
"Environment2",34,"POISSON",NA,NA,NA,NA,NA,NA,NA,NA,NA,NA,NA,NA,TRUE,"[33m![39m in callr subprocess.
[1mCaused by error[22m in `checkForRemoteErrors(val)`:
[33m![39m one node produced an error: missing value where TRUE/FALSE needed",0.4
"Environment2",34,"MSE",0.925253607124948,0.222074984528089,0.801968787515006,0.639748268905221,0.87027206041991,0.238464000274653,0.841170029250731,0.706509070035395,33,0.454238003940558,0.155094858704852,0.00340300240376852,FALSE,NA,0.4
"Environment2",34,"GAUSSIAN",0.934369007161772,0.232565850393881,0.797935174069628,0.632615058173852,0.874029170857433,0.247103380538758,0.840555013875347,0.703969500838311,30,0.49926314245606,0.153593661674773,0.00115183949737863,FALSE,NA,0.4
"Environment2",34,"MAE",0.944158727681353,0.238656829046129,0.797839135654262,0.62487627983037,0.891052393203505,0.242388738211489,0.8334403360084,0.692325796934499,30,0.459868426534325,0.219836276743777,0.0364503440775903,FALSE,NA,0.4
"Environment2",34,"NBINOM",1.80945627489219,1.43649086447591,0.805810324129652,-0.377782577011533,1.85263316871405,1.54287880393424,0.819753993849846,-0.3300362348028,0,0.153101490812954,0.0936009683625155,0.101905998245325,FALSE,NA,0.4
"Environment3",34,"GLM",0.932491889532854,0.197477125658872,0.801008403361345,0.634089704761058,0.913939148593333,0.179206107684438,0.823795094877372,-0.659428928002116,33,-0.0141137224002783,0.094093682911651,0.880767382556869,FALSE,NA,0.1
"Environment3",34,"MSE",0.925253607124948,0.222074984528089,0.801968787515006,0.639748268905221,0.87027206041991,0.238464000274653,0.841170029250731,0.706509070035395,33,-0.0260124570453154,0.144632849891677,0.857269031954297,FALSE,NA,0.1
"Environment3",34,"GAUSSIAN",0.934369007161772,0.232565850393881,0.797935174069628,0.632615058173852,0.874029170857433,0.247103380538758,0.840555013875347,0.703969500838311,30,-0.0691042572926744,0.139495106015031,0.620325981809166,FALSE,NA,0.1
"Environment3",34,"POISSON",NA,NA,NA,NA,NA,NA,NA,NA,NA,NA,NA,NA,TRUE,"[33m![39m in callr subprocess.
[1mCaused by error[22m in `checkForRemoteErrors(val)`:
[33m![39m one node produced an error: missing value where TRUE/FALSE needed",0.1
"Environment3",34,"MAE",0.944158727681353,0.238656829046129,0.797839135654262,0.62487627983037,0.891052393203505,0.242388738211489,0.8334403360084,0.692325796934499,30,-0.023451039391759,0.144115229277409,0.870735570248463,FALSE,NA,0.1
"Environment3",34,"NBINOM",1.80945627489219,1.43649086447591,0.805810324129652,-0.377782577011533,1.85263316871405,1.54287880393424,0.819753993849846,-0.3300362348028,0,-0.0631272638845545,0.0884117618245921,0.475218325429686,FALSE,NA,0.1
"Environment1",35,"GLM",1.08028780898849,0.156865935176535,0.723217286914766,0.547359133540483,0.913725018133563,0.145802764709892,0.785590639765994,-0.551718078415885,41,1.93482062621725,0.0775244542504391,1.76805651645839e-137,FALSE,NA,2
"Environment1",35,"POISSON",NA,NA,NA,NA,NA,NA,NA,NA,NA,NA,NA,NA,TRUE,"[33m![39m in callr subprocess.
[1mCaused by error[22m in `checkForRemoteErrors(val)`:
[33m![39m one node produced an error: missing value where TRUE/FALSE needed",2
"Environment1",35,"MAE",1.07614478448641,0.26400147093135,0.725810324129652,0.550824332699505,0.897520791643578,0.26397133679432,0.793875346883672,0.620570935188821,41,1.77079640619457,0.1764893791793,1.08658376305291e-23,FALSE,NA,2
"Environment1",35,"MSE",1.04917950896811,0.229714836370175,0.738583433373349,0.573052562589148,0.87233285596347,0.225903703309519,0.804515112877822,0.641568623758214,41,1.83371179191471,0.127416358100799,5.85177599834326e-47,FALSE,NA,2
"Environment1",35,"GAUSSIAN",1.05747871746921,0.250523852736406,0.727250900360144,0.566271377938555,0.879329072170973,0.249496171356105,0.804186604665117,0.635796241644793,41,1.80394656028871,0.155693748269367,4.82412215206281e-31,FALSE,NA,2
"Environment1",35,"NBINOM",1.898844610511,1.5389220824174,0.695750300120048,-0.398471640407959,1.80533149441133,1.47681319581995,0.789678241956049,-0.535166470480888,0,0.51457495632633,0.238772611509488,0.0311552872152018,FALSE,NA,2
"Environment2",35,"GLM",1.08028780898849,0.156865935176535,0.723217286914766,0.547359133540483,0.913725018133563,0.145802764709892,0.785590639765994,-0.551718078415885,41,0.496959914842577,0.0754580947270341,4.52119973618831e-11,FALSE,NA,0.4
"Environment2",35,"POISSON",NA,NA,NA,NA,NA,NA,NA,NA,NA,NA,NA,NA,TRUE,"[33m![39m in callr subprocess.
[1mCaused by error[22m in `checkForRemoteErrors(val)`:
[33m![39m one node produced an error: missing value where TRUE/FALSE needed",0.4
"Environment2",35,"MSE",1.04917950896811,0.229714836370175,0.738583433373349,0.573052562589148,0.87233285596347,0.225903703309519,0.804515112877822,0.641568623758214,41,0.499659110357949,0.162164795786051,0.00206181175920163,FALSE,NA,0.4
"Environment2",35,"GAUSSIAN",1.05747871746921,0.250523852736406,0.727250900360144,0.566271377938555,0.879329072170973,0.249496171356105,0.804186604665117,0.635796241644793,41,0.565581911297646,0.15532873028569,0.000271377420821714,FALSE,NA,0.4
"Environment2",35,"MAE",1.07614478448641,0.26400147093135,0.725810324129652,0.550824332699505,0.897520791643578,0.26397133679432,0.793875346883672,0.620570935188821,41,0.647817514132737,0.151772933876351,1.96938649187101e-05,FALSE,NA,0.4
"Environment2",35,"NBINOM",1.898844610511,1.5389220824174,0.695750300120048,-0.398471640407959,1.80533149441133,1.47681319581995,0.789678241956049,-0.535166470480888,0,0.140687452946693,0.077203337668901,0.0684098500277074,FALSE,NA,0.4
"Environment3",35,"GLM",1.08028780898849,0.156865935176535,0.723217286914766,0.547359133540483,0.913725018133563,0.145802764709892,0.785590639765994,-0.551718078415885,41,0.212118532360555,0.122154140615105,0.0824785489729812,FALSE,NA,0.1
"Environment3",35,"MSE",1.04917950896811,0.229714836370175,0.738583433373349,0.573052562589148,0.87233285596347,0.225903703309519,0.804515112877822,0.641568623758214,41,0.148398173744077,0.155186097345017,0.338941165791734,FALSE,NA,0.1
"Environment3",35,"GAUSSIAN",1.05747871746921,0.250523852736406,0.727250900360144,0.566271377938555,0.879329072170973,0.249496171356105,0.804186604665117,0.635796241644793,41,0.146865839706505,0.116224026950624,0.206357693066658,FALSE,NA,0.1
"Environment3",35,"POISSON",NA,NA,NA,NA,NA,NA,NA,NA,NA,NA,NA,NA,TRUE,"[33m![39m in callr subprocess.
[1mCaused by error[22m in `checkForRemoteErrors(val)`:
[33m![39m one node produced an error: missing value where TRUE/FALSE needed",0.1
"Environment3",35,"MAE",1.07614478448641,0.26400147093135,0.725810324129652,0.550824332699505,0.897520791643578,0.26397133679432,0.793875346883672,0.620570935188821,41,0.208294269525974,0.136559094099022,0.127183040328894,FALSE,NA,0.1
"Environment3",35,"NBINOM",1.898844610511,1.5389220824174,0.695750300120048,-0.398471640407959,1.80533149441133,1.47681319581995,0.789678241956049,-0.535166470480888,0,0.0439895353068126,0.0788972531740713,0.577148488580787,FALSE,NA,0.1
"Environment1",36,"GLM",0.943637749750902,0.152849462785836,0.752509003601441,0.526512064392182,1.02201282624944,0.175359149727231,0.818430960774019,-0.44985560671133,37,2.19633191724018,0.0867427048839853,1.92018246319119e-141,FALSE,NA,2
"Environment1",36,"POISSON",NA,NA,NA,NA,NA,NA,NA,NA,NA,NA,NA,NA,FALSE,NA,2
"Environment1",36,"MAE",1.01578458491192,0.289855740046696,0.71563025210084,0.451342221242331,0.981281501322079,0.273504177223305,0.83203180079502,0.676642731697327,37,1.99936495955288,0.139622664256915,1.64658442905255e-46,FALSE,NA,2
"Environment1",36,"MSE",1.02299727997363,0.341067352167483,0.720528211284514,0.443522943520803,0.959936430329713,0.314068620771293,0.840156003900098,0.690557221974579,36,1.98534435105277,0.155917508599284,3.86167783756917e-37,FALSE,NA,2
"Environment1",36,"GAUSSIAN",1.00108882682433,0.301610613180763,0.724273709483793,0.467102683096293,0.97265715642967,0.279443560709887,0.834305857646441,0.682301637240357,35,2.0511386917904,0.151969922262211,1.62864983684846e-41,FALSE,NA,2
"Environment1",36,"NBINOM",1.51931234077869,1.40067968114401,0.758559423769508,-0.227417853511322,1.88826924632242,1.48601718467323,0.823444086102153,-0.19735585894401,0,1.03767664875052,0.280605182478568,0.000217308903293519,FALSE,NA,2
"Environment2",36,"GLM",0.943637749750902,0.152849462785836,0.752509003601441,0.526512064392182,1.02201282624944,0.175359149727231,0.818430960774019,-0.44985560671133,37,0.528902990135709,0.137146093967195,0.000115025257410967,FALSE,NA,0.4
"Environment2",36,"POISSON",NA,NA,NA,NA,NA,NA,NA,NA,NA,NA,NA,NA,FALSE,NA,0.4
"Environment2",36,"MSE",1.02299727997363,0.341067352167483,0.720528211284514,0.443522943520803,0.959936430329713,0.314068620771293,0.840156003900098,0.690557221974579,36,0.705609986795418,0.130956855008541,7.12023295464818e-08,FALSE,NA,0.4
"Environment2",36,"GAUSSIAN",1.00108882682433,0.301610613180763,0.724273709483793,0.467102683096293,0.97265715642967,0.279443560709887,0.834305857646441,0.682301637240357,35,0.6047399434986,0.235673427022753,0.0102876399601299,FALSE,NA,0.4
"Environment2",36,"MAE",1.01578458491192,0.289855740046696,0.71563025210084,0.451342221242331,0.981281501322079,0.273504177223305,0.83203180079502,0.676642731697327,37,0.46013997770616,0.18378770715618,0.0122919781663193,FALSE,NA,0.4
"Environment2",36,"NBINOM",1.51931234077869,1.40067968114401,0.758559423769508,-0.227417853511322,1.88826924632242,1.48601718467323,0.823444086102153,-0.19735585894401,0,0.287680101166306,0.104893228157204,0.00609550042937334,FALSE,NA,0.4
"Environment3",36,"GLM",0.943637749750902,0.152849462785836,0.752509003601441,0.526512064392182,1.02201282624944,0.175359149727231,0.818430960774019,-0.44985560671133,37,0.273983888650246,0.132911227606568,0.0392644042571238,FALSE,NA,0.1
"Environment3",36,"MSE",1.02299727997363,0.341067352167483,0.720528211284514,0.443522943520803,0.959936430329713,0.314068620771293,0.840156003900098,0.690557221974579,36,0.173544014128063,0.174054572774166,0.31873214746854,FALSE,NA,0.1
"Environment3",36,"GAUSSIAN",1.00108882682433,0.301610613180763,0.724273709483793,0.467102683096293,0.97265715642967,0.279443560709887,0.834305857646441,0.682301637240357,35,0.2265480287643,0.118331403557379,0.0555535411530952,FALSE,NA,0.1
"Environment3",36,"POISSON",NA,NA,NA,NA,NA,NA,NA,NA,NA,NA,NA,NA,FALSE,NA,0.1
"Environment3",36,"MAE",1.01578458491192,0.289855740046696,0.71563025210084,0.451342221242331,0.981281501322079,0.273504177223305,0.83203180079502,0.676642731697327,37,0.215331253325159,0.150371373255225,0.152144874132746,FALSE,NA,0.1
"Environment3",36,"NBINOM",1.51931234077869,1.40067968114401,0.758559423769508,-0.227417853511322,1.88826924632242,1.48601718467323,0.823444086102153,-0.19735585894401,0,0.0993110247545858,0.0930316599635031,0.285747434443792,FALSE,NA,0.1
"Environment1",37,"GLM",1.06382571198592,0.183477393476546,0.776710684273709,0.577872407454043,0.993300149079448,0.167185107493773,0.781431035775895,-0.52582967544665,33,2.06477439523252,0.121697859173241,1.45591372612951e-64,FALSE,NA,2
"Environment1",37,"POISSON",NA,NA,NA,NA,NA,NA,NA,NA,NA,NA,NA,NA,TRUE,"[33m![39m in callr subprocess.
[1mCaused by error[22m in `checkForRemoteErrors(val)`:
[33m![39m one node produced an error: missing value where TRUE/FALSE needed",2
"Environment1",37,"MAE",1.11727854003551,0.331941768744365,0.78093637454982,0.534386364810332,0.915570751008853,0.331086869359535,0.815751893797345,0.649301655176942,28,2.02795311109815,0.211643175101951,9.52349795783368e-22,FALSE,NA,2
"Environment1",37,"MSE",1.13639245808021,0.383277929805022,0.763457382953181,0.51831906080596,0.864649338631871,0.364004504820424,0.838462461561539,0.687226519384466,28,1.96485318039148,0.129077868665218,2.51794403664457e-52,FALSE,NA,2
"Environment1",37,"GAUSSIAN",1.14169232985029,0.368337043022421,0.761152460984394,0.513815686750102,0.884347668593625,0.342129412263743,0.826594164854121,0.672813055305726,28,1.99696056899754,0.151962273704512,1.91271616175782e-39,FALSE,NA,2
"Environment1",37,"NBINOM",1.87110857120793,1.48752220112791,0.7846818727491,-0.305872426543403,1.80043767948401,1.5778064614129,0.792561314032851,-0.356144860237438,0,0.68407260023545,0.289858916284624,0.0182739905142944,FALSE,NA,2
"Environment2",37,"GLM",1.06382571198592,0.183477393476546,0.776710684273709,0.577872407454043,0.993300149079448,0.167185107493773,0.781431035775895,-0.52582967544665,33,0.183559662467912,0.129516929027898,0.156405797879936,FALSE,NA,0.4
"Environment2",37,"POISSON",NA,NA,NA,NA,NA,NA,NA,NA,NA,NA,NA,NA,TRUE,"[33m![39m in callr subprocess.
[1mCaused by error[22m in `checkForRemoteErrors(val)`:
[33m![39m one node produced an error: missing value where TRUE/FALSE needed",0.4
"Environment2",37,"MSE",1.13639245808021,0.383277929805022,0.763457382953181,0.51831906080596,0.864649338631871,0.364004504820424,0.838462461561539,0.687226519384466,28,0.167741890716455,0.14017060436293,0.231424262347553,FALSE,NA,0.4
"Environment2",37,"GAUSSIAN",1.14169232985029,0.368337043022421,0.761152460984394,0.513815686750102,0.884347668593625,0.342129412263743,0.826594164854121,0.672813055305726,28,0.201075975577318,0.184942124159027,0.276931950659243,FALSE,NA,0.4
"Environment2",37,"MAE",1.11727854003551,0.331941768744365,0.78093637454982,0.534386364810332,0.915570751008853,0.331086869359535,0.815751893797345,0.649301655176942,28,0.0779661431324421,0.173683533701852,0.653505437349911,FALSE,NA,0.4
"Environment2",37,"NBINOM",1.87110857120793,1.48752220112791,0.7846818727491,-0.305872426543403,1.80043767948401,1.5778064614129,0.792561314032851,-0.356144860237438,0,0.0011470831263237,0.122323823652845,0.992518002826342,FALSE,NA,0.4
"Environment3",37,"GLM",1.06382571198592,0.183477393476546,0.776710684273709,0.577872407454043,0.993300149079448,0.167185107493773,0.781431035775895,-0.52582967544665,33,0.104850001349344,0.12574885417642,0.404390975960789,FALSE,NA,0.1
"Environment3",37,"MSE",1.13639245808021,0.383277929805022,0.763457382953181,0.51831906080596,0.864649338631871,0.364004504820424,0.838462461561539,0.687226519384466,28,0.168996429934981,0.198473767877506,0.394502807621516,FALSE,NA,0.1
"Environment3",37,"GAUSSIAN",1.14169232985029,0.368337043022421,0.761152460984394,0.513815686750102,0.884347668593625,0.342129412263743,0.826594164854121,0.672813055305726,28,0.109264431651249,0.131017766025425,0.404299845018113,FALSE,NA,0.1
"Environment3",37,"POISSON",NA,NA,NA,NA,NA,NA,NA,NA,NA,NA,NA,NA,TRUE,"[33m![39m in callr subprocess.
[1mCaused by error[22m in `checkForRemoteErrors(val)`:
[33m![39m one node produced an error: missing value where TRUE/FALSE needed",0.1
"Environment3",37,"MAE",1.11727854003551,0.331941768744365,0.78093637454982,0.534386364810332,0.915570751008853,0.331086869359535,0.815751893797345,0.649301655176942,28,0.264700196354996,0.172520942930962,0.124953993416291,FALSE,NA,0.1
"Environment3",37,"NBINOM",1.87110857120793,1.48752220112791,0.7846818727491,-0.305872426543403,1.80043767948401,1.5778064614129,0.792561314032851,-0.356144860237438,0,-0.00805868095288174,0.18381264058649,0.965030490488823,FALSE,NA,0.1
"Environment1",38,"GLM",1.04667619588812,0.190128330369174,0.757214885954382,0.583848914616853,0.964687172496116,0.188488660343417,0.746769669241731,-0.656716109891715,29,1.78291283014564,0.147300645752137,1.00705818527547e-33,FALSE,NA,2
"Environment1",38,"POISSON",NA,NA,NA,NA,NA,NA,NA,NA,NA,NA,NA,NA,TRUE,"[33m![39m in callr subprocess.
[1mCaused by error[22m in `checkForRemoteErrors(val)`:
[33m![39m one node produced an error: missing value where TRUE/FALSE needed",2
"Environment1",38,"MAE",1.02534684900182,0.259058026365124,0.775270108043217,0.600636895876026,0.934983168898264,0.25812610434241,0.764662116552914,0.589782536573417,32,1.62559015695716,0.208037173124393,5.54271316065201e-15,FALSE,NA,2
"Environment1",38,"MSE",1.02074178690289,0.26764002457306,0.787563025210084,0.604216098386313,0.894735465797566,0.271483704136359,0.784906622665567,0.624339213331385,29,1.78510666021938,0.226713207428778,3.43880638886206e-15,FALSE,NA,2
"Environment1",38,"GAUSSIAN",1.02517335453772,0.261737600444405,0.776806722689076,0.600772033416843,0.898533512242782,0.274344455232105,0.780940523513088,0.621143172891959,30,1.69507263852155,0.158241394014405,8.94650770879715e-27,FALSE,NA,2
"Environment1",38,"NBINOM",1.68368516242381,1.24532613776088,0.72984393757503,-0.0768323805612086,1.6896270804331,1.47935333742203,0.720652516312908,-0.339640541029179,0,0.950696505170542,0.470043477169645,0.0431173528181824,FALSE,NA,2
"Environment2",38,"GLM",1.04667619588812,0.190128330369174,0.757214885954382,0.583848914616853,0.964687172496116,0.188488660343417,0.746769669241731,-0.656716109891715,29,0.609940458727584,0.174885566714178,0.00048727704241601,FALSE,NA,0.4
"Environment2",38,"POISSON",NA,NA,NA,NA,NA,NA,NA,NA,NA,NA,NA,NA,TRUE,"[33m![39m in callr subprocess.
[1mCaused by error[22m in `checkForRemoteErrors(val)`:
[33m![39m one node produced an error: missing value where TRUE/FALSE needed",0.4
"Environment2",38,"MSE",1.02074178690289,0.26764002457306,0.787563025210084,0.604216098386313,0.894735465797566,0.271483704136359,0.784906622665567,0.624339213331385,29,0.55914664571418,0.240738477755957,0.0201989851492134,FALSE,NA,0.4
"Environment2",38,"GAUSSIAN",1.02517335453772,0.261737600444405,0.776806722689076,0.600772033416843,0.898533512242782,0.274344455232105,0.780940523513088,0.621143172891959,30,0.532671830717271,0.251031094213917,0.0338431413332062,FALSE,NA,0.4
"Environment2",38,"MAE",1.02534684900182,0.259058026365124,0.775270108043217,0.600636895876026,0.934983168898264,0.25812610434241,0.764662116552914,0.589782536573417,32,0.61467788847597,0.184829849354227,0.000882151893594229,FALSE,NA,0.4
"Environment2",38,"NBINOM",1.68368516242381,1.24532613776088,0.72984393757503,-0.0768323805612086,1.6896270804331,1.47935333742203,0.720652516312908,-0.339640541029179,0,0.156016763990097,0.218298871394173,0.47479851298212,FALSE,NA,0.4
"Environment3",38,"GLM",1.04667619588812,0.190128330369174,0.757214885954382,0.583848914616853,0.964687172496116,0.188488660343417,0.746769669241731,-0.656716109891715,29,-0.0164092092098286,0.127656730937238,0.897720324895181,FALSE,NA,0.1
"Environment3",38,"MSE",1.02074178690289,0.26764002457306,0.787563025210084,0.604216098386313,0.894735465797566,0.271483704136359,0.784906622665567,0.624339213331385,29,0.0243665783153738,0.150493714496912,0.871375990043954,FALSE,NA,0.1
"Environment3",38,"GAUSSIAN",1.02517335453772,0.261737600444405,0.776806722689076,0.600772033416843,0.898533512242782,0.274344455232105,0.780940523513088,0.621143172891959,30,0.0366374704616646,0.16286642598087,0.822014981081958,FALSE,NA,0.1
"Environment3",38,"POISSON",NA,NA,NA,NA,NA,NA,NA,NA,NA,NA,NA,NA,TRUE,"[33m![39m in callr subprocess.
[1mCaused by error[22m in `checkForRemoteErrors(val)`:
[33m![39m one node produced an error: missing value where TRUE/FALSE needed",0.1
"Environment3",38,"MAE",1.02534684900182,0.259058026365124,0.775270108043217,0.600636895876026,0.934983168898264,0.25812610434241,0.764662116552914,0.589782536573417,32,0.0826242705843797,0.183340571569139,0.652234581866779,FALSE,NA,0.1
"Environment3",38,"NBINOM",1.68368516242381,1.24532613776088,0.72984393757503,-0.0768323805612086,1.6896270804331,1.47935333742203,0.720652516312908,-0.339640541029179,0,-0.027353590086065,0.0805496914716652,0.734167924694187,FALSE,NA,0.1
"Environment1",39,"GLM",1.27509467045343,0.156057155800151,0.709963985594238,0.479715265383674,0.959087613007153,0.144267452930712,0.745764644116103,-0.700934207645517,33,1.90839786099564,0.0948315231347084,4.54055045201852e-90,FALSE,NA,2
"Environment1",39,"POISSON",NA,NA,NA,NA,NA,NA,NA,NA,NA,NA,NA,NA,TRUE,"[33m![39m in callr subprocess.
[1mCaused by error[22m in `checkForRemoteErrors(val)`:
[33m![39m one node produced an error: missing value where TRUE/FALSE needed",2
"Environment1",39,"MAE",1.30626688617102,0.283670626167674,0.694981992797119,0.453965532181569,0.933104514362763,0.248159533037085,0.762281557038926,0.571320503552043,33,1.68788529158477,0.14833590810307,5.33257404261368e-30,FALSE,NA,2
"Environment1",39,"MSE",1.32920578840664,0.380006617381689,0.661272509003601,0.434619702018488,0.890746417390088,0.264068570564476,0.779324983124578,0.60935677257795,37,1.74550361086393,0.179756994247567,2.72395929455404e-22,FALSE,NA,2
"Environment1",39,"GAUSSIAN",1.31840406465723,0.306606415791008,0.670876350540216,0.443771433675449,0.920559449443042,0.232095408807726,0.764588614715368,0.582769727518318,33,1.71663961367343,0.172991139353104,3.29736617640977e-23,FALSE,NA,2
"Environment1",39,"NBINOM",1.93564338685735,1.45597627330905,0.701032412965186,-0.198966141492432,1.7405961213054,1.49318867802455,0.74827120678017,-0.491654194310618,0,0.269021521023115,0.285709760557176,0.346402470335665,FALSE,NA,2
"Environment2",39,"GLM",1.27509467045343,0.156057155800151,0.709963985594238,0.479715265383674,0.959087613007153,0.144267452930712,0.745764644116103,-0.700934207645517,33,0.376518290744705,0.118890434162359,0.0015405468754528,FALSE,NA,0.4
"Environment2",39,"POISSON",NA,NA,NA,NA,NA,NA,NA,NA,NA,NA,NA,NA,TRUE,"[33m![39m in callr subprocess.
[1mCaused by error[22m in `checkForRemoteErrors(val)`:
[33m![39m one node produced an error: missing value where TRUE/FALSE needed",0.4
"Environment2",39,"MSE",1.32920578840664,0.380006617381689,0.661272509003601,0.434619702018488,0.890746417390088,0.264068570564476,0.779324983124578,0.60935677257795,37,0.397170746307434,0.143856053886375,0.00576440809147993,FALSE,NA,0.4
"Environment2",39,"GAUSSIAN",1.31840406465723,0.306606415791008,0.670876350540216,0.443771433675449,0.920559449443042,0.232095408807726,0.764588614715368,0.582769727518318,33,0.405692961840325,0.123570225550946,0.00102673551182482,FALSE,NA,0.4
"Environment2",39,"MAE",1.30626688617102,0.283670626167674,0.694981992797119,0.453965532181569,0.933104514362763,0.248159533037085,0.762281557038926,0.571320503552043,33,0.301966952557514,0.169664817904072,0.0751111006645642,FALSE,NA,0.4
"Environment2",39,"NBINOM",1.93564338685735,1.45597627330905,0.701032412965186,-0.198966141492432,1.7405961213054,1.49318867802455,0.74827120678017,-0.491654194310618,0,0.107819010108031,0.124360218048703,0.385947732678887,FALSE,NA,0.4
"Environment3",39,"GLM",1.27509467045343,0.156057155800151,0.709963985594238,0.479715265383674,0.959087613007153,0.144267452930712,0.745764644116103,-0.700934207645517,33,-0.0709760963174207,0.0824812690545672,0.389507041765507,FALSE,NA,0.1
"Environment3",39,"MSE",1.32920578840664,0.380006617381689,0.661272509003601,0.434619702018488,0.890746417390088,0.264068570564476,0.779324983124578,0.60935677257795,37,-0.118413502587538,0.12233263500716,0.333062692664522,FALSE,NA,0.1
"Environment3",39,"GAUSSIAN",1.31840406465723,0.306606415791008,0.670876350540216,0.443771433675449,0.920559449443042,0.232095408807726,0.764588614715368,0.582769727518318,33,-0.0775986275850228,0.140269559771311,0.580119110503581,FALSE,NA,0.1
"Environment3",39,"POISSON",NA,NA,NA,NA,NA,NA,NA,NA,NA,NA,NA,NA,TRUE,"[33m![39m in callr subprocess.
[1mCaused by error[22m in `checkForRemoteErrors(val)`:
[33m![39m one node produced an error: missing value where TRUE/FALSE needed",0.1
"Environment3",39,"MAE",1.30626688617102,0.283670626167674,0.694981992797119,0.453965532181569,0.933104514362763,0.248159533037085,0.762281557038926,0.571320503552043,33,-0.127645776683778,0.18403736684293,0.487941754751017,FALSE,NA,0.1
"Environment3",39,"NBINOM",1.93564338685735,1.45597627330905,0.701032412965186,-0.198966141492432,1.7405961213054,1.49318867802455,0.74827120678017,-0.491654194310618,0,0.00525508076856758,0.0971481293134505,0.956860683745866,FALSE,NA,0.1
"Environment1",40,"GLM",0.972536446680138,0.171893621248484,0.742424969987995,0.553935266725341,0.922086103154007,0.168776129872051,0.751092777319433,-0.62978237220397,40,1.75987776852867,0.109762360074517,7.45298443716698e-58,FALSE,NA,2
"Environment1",40,"POISSON",NA,NA,NA,NA,NA,NA,NA,NA,NA,NA,NA,NA,FALSE,NA,2
"Environment1",40,"MAE",0.960086821136514,0.230098844783588,0.750972388955582,0.565282490242291,0.893343458574477,0.209882639460236,0.76681617040426,0.577875860306006,40,1.70950434999098,0.163089837036258,1.04532386757928e-25,FALSE,NA,2
"Environment1",40,"MSE",0.956605290028471,0.218098369078609,0.752797118847539,0.56842957726469,0.867996187197057,0.211767229352361,0.776854421360534,0.60149029701141,39,1.75635557658877,0.119079973109319,3.10511700698081e-49,FALSE,NA,2
"Environment1",40,"GAUSSIAN",0.959218448378687,0.218137781401036,0.747611044417767,0.566068515248856,0.883634246462057,0.213611501230804,0.768749718742969,0.587001624301349,39,1.74471026343852,0.189372805055967,3.16844708686352e-20,FALSE,NA,2
"Environment1",40,"NBINOM",1.67827352923728,1.52258375257004,0.754621848739496,-0.328347204203674,1.66464983634959,1.44594412567248,0.748362709067727,-0.46571337198587,0,0.604579501545122,0.486540825037452,0.214012335609915,FALSE,NA,2
"Environment2",40,"GLM",0.972536446680138,0.171893621248484,0.742424969987995,0.553935266725341,0.922086103154007,0.168776129872051,0.751092777319433,-0.62978237220397,40,0.51288755991168,0.123922383592786,3.49156614852814e-05,FALSE,NA,0.4
"Environment2",40,"POISSON",NA,NA,NA,NA,NA,NA,NA,NA,NA,NA,NA,NA,FALSE,NA,0.4
"Environment2",40,"MSE",0.956605290028471,0.218098369078609,0.752797118847539,0.56842957726469,0.867996187197057,0.211767229352361,0.776854421360534,0.60149029701141,39,0.541457165566397,0.192480595642085,0.00490743163775917,FALSE,NA,0.4
"Environment2",40,"GAUSSIAN",0.959218448378687,0.218137781401036,0.747611044417767,0.566068515248856,0.883634246462057,0.213611501230804,0.768749718742969,0.587001624301349,39,0.512775706041226,0.167995177720354,0.00227076881996091,FALSE,NA,0.4
"Environment2",40,"MAE",0.960086821136514,0.230098844783588,0.750972388955582,0.565282490242291,0.893343458574477,0.209882639460236,0.76681617040426,0.577875860306006,40,0.535249951595411,0.176487963074261,0.0024230860379267,FALSE,NA,0.4
"Environment2",40,"NBINOM",1.67827352923728,1.52258375257004,0.754621848739496,-0.328347204203674,1.66464983634959,1.44594412567248,0.748362709067727,-0.46571337198587,0,0.0985785056818291,0.106017031275727,0.352455743009082,FALSE,NA,0.4
"Environment3",40,"GLM",0.972536446680138,0.171893621248484,0.742424969987995,0.553935266725341,0.922086103154007,0.168776129872051,0.751092777319433,-0.62978237220397,40,-0.0483402412079412,0.128076132713398,0.705851369811816,FALSE,NA,0.1
"Environment3",40,"MSE",0.956605290028471,0.218098369078609,0.752797118847539,0.56842957726469,0.867996187197057,0.211767229352361,0.776854421360534,0.60149029701141,39,-0.0135170063448641,0.114152373340275,0.905741249192028,FALSE,NA,0.1
"Environment3",40,"GAUSSIAN",0.959218448378687,0.218137781401036,0.747611044417767,0.566068515248856,0.883634246462057,0.213611501230804,0.768749718742969,0.587001624301349,39,-0.046654357940366,0.143978196848596,0.745909522874728,FALSE,NA,0.1
"Environment3",40,"POISSON",NA,NA,NA,NA,NA,NA,NA,NA,NA,NA,NA,NA,FALSE,NA,0.1
"Environment3",40,"MAE",0.960086821136514,0.230098844783588,0.750972388955582,0.565282490242291,0.893343458574477,0.209882639460236,0.76681617040426,0.577875860306006,40,-0.021194046702185,0.18386094104672,0.908229409136346,FALSE,NA,0.1
"Environment3",40,"NBINOM",1.67827352923728,1.52258375257004,0.754621848739496,-0.328347204203674,1.66464983634959,1.44594412567248,0.748362709067727,-0.46571337198587,0,-0.0247003160617881,0.0777544407515802,0.750734656455357,FALSE,NA,0.1
"Environment1",41,"GLM",1.0137309383796,0.0842100969490261,0.703913565426171,0.490324921753396,1.075307843061,0.0780387334798907,0.745697142428561,-0.458835973211084,42,1.97288102937538,0.120875045057206,6.92306071866558e-60,FALSE,NA,2
"Environment1",41,"POISSON",NA,NA,NA,NA,NA,NA,NA,NA,NA,NA,NA,NA,FALSE,NA,2
"Environment1",41,"MAE",1.00604451841205,0.352594997441187,0.697767106842737,0.498024646432851,1.0008618218755,0.304619962987255,0.790741768544214,0.599082967656991,41,1.72647872905375,0.280553531443797,7.56337729743591e-10,FALSE,NA,2
"Environment1",41,"MSE",1.04990097788643,0.409662774513708,0.674045618247299,0.453305535410935,0.95796649738577,0.348922887768903,0.80615915397885,0.632711862249448,38,1.79284375489224,0.175946283146065,2.20392990276862e-24,FALSE,NA,2
"Environment1",41,"GAUSSIAN",1.0378024012717,0.352067254956386,0.675678271308523,0.465832650555288,0.976971082799488,0.304115337462133,0.80083252081302,0.617994444417885,40,1.77255669020236,0.154243640194139,1.44843981389946e-30,FALSE,NA,2
"Environment1",41,"NBINOM",1.82816105338352,1.55076289345836,0.692100840336135,-0.657589173023842,1.875657903868,1.52352494282289,0.766261156528913,-0.40803523667487,0,0.644057630244365,0.591437167204092,0.276166892948785,FALSE,NA,2
"Environment2",41,"GLM",1.0137309383796,0.0842100969490261,0.703913565426171,0.490324921753396,1.075307843061,0.0780387334798907,0.745697142428561,-0.458835973211084,42,0.492746680957258,0.157338749849513,0.0017376381907563,FALSE,NA,0.4
"Environment2",41,"POISSON",NA,NA,NA,NA,NA,NA,NA,NA,NA,NA,NA,NA,FALSE,NA,0.4
"Environment2",41,"MSE",1.04990097788643,0.409662774513708,0.674045618247299,0.453305535410935,0.95796649738577,0.348922887768903,0.80615915397885,0.632711862249448,38,0.333689973155473,0.283221614959839,0.238719322235447,FALSE,NA,0.4
"Environment2",41,"GAUSSIAN",1.0378024012717,0.352067254956386,0.675678271308523,0.465832650555288,0.976971082799488,0.304115337462133,0.80083252081302,0.617994444417885,40,0.288882161920294,0.212222564984037,0.173443338968982,FALSE,NA,0.4
"Environment2",41,"MAE",1.00604451841205,0.352594997441187,0.697767106842737,0.498024646432851,1.0008618218755,0.304619962987255,0.790741768544214,0.599082967656991,41,0.28166634488765,0.21460045374439,0.189346380625313,FALSE,NA,0.4
"Environment2",41,"NBINOM",1.82816105338352,1.55076289345836,0.692100840336135,-0.657589173023842,1.875657903868,1.52352494282289,0.766261156528913,-0.40803523667487,0,0.134616234229439,0.126122445179895,0.285815813479429,FALSE,NA,0.4
"Environment3",41,"GLM",1.0137309383796,0.0842100969490261,0.703913565426171,0.490324921753396,1.075307843061,0.0780387334798907,0.745697142428561,-0.458835973211084,42,0.134499890674633,0.122890374388204,0.273748674481982,FALSE,NA,0.1
"Environment3",41,"MSE",1.04990097788643,0.409662774513708,0.674045618247299,0.453305535410935,0.95796649738577,0.348922887768903,0.80615915397885,0.632711862249448,38,0.23748494162671,0.166435330106063,0.153611545763515,FALSE,NA,0.1
"Environment3",41,"GAUSSIAN",1.0378024012717,0.352067254956386,0.675678271308523,0.465832650555288,0.976971082799488,0.304115337462133,0.80083252081302,0.617994444417885,40,0.182962314778634,0.171786352206854,0.286849983995554,FALSE,NA,0.1
"Environment3",41,"POISSON",NA,NA,NA,NA,NA,NA,NA,NA,NA,NA,NA,NA,FALSE,NA,0.1
"Environment3",41,"MAE",1.00604451841205,0.352594997441187,0.697767106842737,0.498024646432851,1.0008618218755,0.304619962987255,0.790741768544214,0.599082967656991,41,0.239048188135326,0.176176956105156,0.174824393549752,FALSE,NA,0.1
"Environment3",41,"NBINOM",1.82816105338352,1.55076289345836,0.692100840336135,-0.657589173023842,1.875657903868,1.52352494282289,0.766261156528913,-0.40803523667487,0,0.0673145945745172,0.15883569782405,0.671711559485424,FALSE,NA,0.1
"Environment1",42,"GLM",0.98839369603643,0.11929996156293,0.746938775510204,0.605025179081924,0.960114842230051,0.113640687921063,0.768952223805595,-0.614609793067028,41,1.95358558313015,0.103820199044562,5.47919426302259e-79,FALSE,NA,2
"Environment1",42,"POISSON",NA,NA,NA,NA,NA,NA,NA,NA,NA,NA,NA,NA,TRUE,"[33m![39m in callr subprocess.
[1mCaused by error[22m in `checkForRemoteErrors(val)`:
[33m![39m one node produced an error: missing value where TRUE/FALSE needed",2
"Environment1",42,"MAE",1.00810959871919,0.164491295916582,0.74405762304922,0.589110562708737,0.940712757026128,0.181815946017561,0.781767044176104,0.59897081078641,39,1.95086703288089,0.219528843849029,6.30021564546412e-19,FALSE,NA,2
"Environment1",42,"MSE",1.04778218161316,0.265164626002266,0.730996398559424,0.556134393442774,0.909536748040674,0.26381079901868,0.794416860421511,0.625111241058799,37,1.95828063531109,0.152881541468121,1.45746146389474e-37,FALSE,NA,2
"Environment1",42,"GAUSSIAN",1.03805962985997,0.214635173987051,0.730132052821128,0.564333586447684,0.922378441048184,0.208506811474033,0.789340733518338,0.614450446746987,38,1.94165825391188,0.178669875304342,1.65020905049732e-27,FALSE,NA,2
"Environment1",42,"NBINOM",1.94389851821008,1.60838671105574,0.752316926770708,-0.527765345519672,1.70152191882446,1.48799277146469,0.779576989424736,-0.312009601069824,0,0.838408492315463,0.316908151171191,0.00815490038310098,FALSE,NA,2
"Environment2",42,"GLM",0.98839369603643,0.11929996156293,0.746938775510204,0.605025179081924,0.960114842230051,0.113640687921063,0.768952223805595,-0.614609793067028,41,0.334737408640921,0.162188990840565,0.0390298005275293,FALSE,NA,0.4
"Environment2",42,"POISSON",NA,NA,NA,NA,NA,NA,NA,NA,NA,NA,NA,NA,TRUE,"[33m![39m in callr subprocess.
[1mCaused by error[22m in `checkForRemoteErrors(val)`:
[33m![39m one node produced an error: missing value where TRUE/FALSE needed",0.4
"Environment2",42,"MSE",1.04778218161316,0.265164626002266,0.730996398559424,0.556134393442774,0.909536748040674,0.26381079901868,0.794416860421511,0.625111241058799,37,0.302814439442922,0.0989978470628277,0.002222267659246,FALSE,NA,0.4
"Environment2",42,"GAUSSIAN",1.03805962985997,0.214635173987051,0.730132052821128,0.564333586447684,0.922378441048184,0.208506811474033,0.789340733518338,0.614450446746987,38,0.366335346948712,0.122625771415722,0.00281337926499898,FALSE,NA,0.4
"Environment2",42,"MAE",1.00810959871919,0.164491295916582,0.74405762304922,0.589110562708737,0.940712757026128,0.181815946017561,0.781767044176104,0.59897081078641,39,0.263187447425989,0.209354656828194,0.208704096571387,FALSE,NA,0.4
"Environment2",42,"NBINOM",1.94389851821008,1.60838671105574,0.752316926770708,-0.527765345519672,1.70152191882446,1.48799277146469,0.779576989424736,-0.312009601069824,0,-0.0139673785988165,0.0982202382242953,0.886918326789784,FALSE,NA,0.4
"Environment3",42,"GLM",0.98839369603643,0.11929996156293,0.746938775510204,0.605025179081924,0.960114842230051,0.113640687921063,0.768952223805595,-0.614609793067028,41,-0.0166656021178793,0.127693905305649,0.896161266866185,FALSE,NA,0.1
"Environment3",42,"MSE",1.04778218161316,0.265164626002266,0.730996398559424,0.556134393442774,0.909536748040674,0.26381079901868,0.794416860421511,0.625111241058799,37,0.0136354461280753,0.158609436010356,0.931491303343006,FALSE,NA,0.1
"Environment3",42,"GAUSSIAN",1.03805962985997,0.214635173987051,0.730132052821128,0.564333586447684,0.922378441048184,0.208506811474033,0.789340733518338,0.614450446746987,38,0.048716194668792,0.127836860620912,0.703143168705672,FALSE,NA,0.1
"Environment3",42,"POISSON",NA,NA,NA,NA,NA,NA,NA,NA,NA,NA,NA,NA,TRUE,"[33m![39m in callr subprocess.
[1mCaused by error[22m in `checkForRemoteErrors(val)`:
[33m![39m one node produced an error: missing value where TRUE/FALSE needed",0.1
"Environment3",42,"MAE",1.00810959871919,0.164491295916582,0.74405762304922,0.589110562708737,0.940712757026128,0.181815946017561,0.781767044176104,0.59897081078641,39,0.124091991955326,0.15729487852052,0.43016279219419,FALSE,NA,0.1
"Environment3",42,"NBINOM",1.94389851821008,1.60838671105574,0.752316926770708,-0.527765345519672,1.70152191882446,1.48799277146469,0.779576989424736,-0.312009601069824,0,-0.0675268740065207,0.0660314066951258,0.306474391733775,FALSE,NA,0.1
"Environment1",43,"GLM",1.15062135006672,0.078975074843968,0.675870348139256,0.44793710626412,1.04673878199359,0.0823817107370487,0.769705242631066,-0.55419675626161,41,2.01437939571494,0.141168780446835,3.39983761525509e-46,FALSE,NA,2
"Environment1",43,"POISSON",NA,NA,NA,NA,NA,NA,NA,NA,NA,NA,NA,NA,TRUE,"[33m![39m in callr subprocess.
[1mCaused by error[22m in `checkForRemoteErrors(val)`:
[33m![39m one node produced an error: missing value where TRUE/FALSE needed",2
"Environment1",43,"MAE",1.14066808086436,0.166271148793655,0.67577430972389,0.457446862907003,1.02469083749746,0.153930823532954,0.781884047101178,0.590707145375253,39,1.95633806949109,0.170306161114572,1.53020387856243e-30,FALSE,NA,2
"Environment1",43,"MSE",1.14438950832059,0.225658919004621,0.675582232893157,0.453900930861933,0.985343246142218,0.22905233706438,0.799107477686942,0.621536897373378,41,2.01339807425113,0.165320458904713,4.03371375943911e-34,FALSE,NA,2
"Environment1",43,"GAUSSIAN",1.14881946290487,0.193554213115697,0.66453781512605,0.44966482692808,1.01769295737396,0.19000075306764,0.782937073426836,0.596278391071487,39,1.96159039381891,0.154691400648309,7.56834702369589e-37,FALSE,NA,2
"Environment1",43,"NBINOM",1.8692615874247,1.47474628441669,0.67327731092437,-0.457014467321104,1.98297820538681,1.5959775092936,0.77815945398635,-0.532795931646097,0,0.879775897429936,0.842109630223802,0.296148487147578,FALSE,NA,2
"Environment2",43,"GLM",1.15062135006672,0.078975074843968,0.675870348139256,0.44793710626412,1.04673878199359,0.0823817107370487,0.769705242631066,-0.55419675626161,41,0.477959599300311,0.122560540203394,9.62786550183824e-05,FALSE,NA,0.4
"Environment2",43,"POISSON",NA,NA,NA,NA,NA,NA,NA,NA,NA,NA,NA,NA,TRUE,"[33m![39m in callr subprocess.
[1mCaused by error[22m in `checkForRemoteErrors(val)`:
[33m![39m one node produced an error: missing value where TRUE/FALSE needed",0.4
"Environment2",43,"MSE",1.14438950832059,0.225658919004621,0.675582232893157,0.453900930861933,0.985343246142218,0.22905233706438,0.799107477686942,0.621536897373378,41,0.380910689215845,0.268640052694742,0.15621348594534,FALSE,NA,0.4
"Environment2",43,"GAUSSIAN",1.14881946290487,0.193554213115697,0.66453781512605,0.44966482692808,1.01769295737396,0.19000075306764,0.782937073426836,0.596278391071487,39,0.426316681280732,0.179963002211354,0.0178404532896325,FALSE,NA,0.4
"Environment2",43,"MAE",1.14066808086436,0.166271148793655,0.67577430972389,0.457446862907003,1.02469083749746,0.153930823532954,0.781884047101178,0.590707145375253,39,0.450379544812866,0.201895775294714,0.025697515011141,FALSE,NA,0.4
"Environment2",43,"NBINOM",1.8692615874247,1.47474628441669,0.67327731092437,-0.457014467321104,1.98297820538681,1.5959775092936,0.77815945398635,-0.532795931646097,0,0.0912453361552506,0.0943923431325716,0.333713850771495,FALSE,NA,0.4
"Environment3",43,"GLM",1.15062135006672,0.078975074843968,0.675870348139256,0.44793710626412,1.04673878199359,0.0823817107370487,0.769705242631066,-0.55419675626161,41,0.0993948963877213,0.122397033431873,0.416751759420562,FALSE,NA,0.1
"Environment3",43,"MSE",1.14438950832059,0.225658919004621,0.675582232893157,0.453900930861933,0.985343246142218,0.22905233706438,0.799107477686942,0.621536897373378,41,0.253714223439048,0.14414189862484,0.0783790131043269,FALSE,NA,0.1
"Environment3",43,"GAUSSIAN",1.14881946290487,0.193554213115697,0.66453781512605,0.44966482692808,1.01769295737396,0.19000075306764,0.782937073426836,0.596278391071487,39,0.176808174935856,0.160284742483255,0.269988954443167,FALSE,NA,0.1
"Environment3",43,"POISSON",NA,NA,NA,NA,NA,NA,NA,NA,NA,NA,NA,NA,TRUE,"[33m![39m in callr subprocess.
[1mCaused by error[22m in `checkForRemoteErrors(val)`:
[33m![39m one node produced an error: missing value where TRUE/FALSE needed",0.1
"Environment3",43,"MAE",1.14066808086436,0.166271148793655,0.67577430972389,0.457446862907003,1.02469083749746,0.153930823532954,0.781884047101178,0.590707145375253,39,0.201340336159072,0.190120938942698,0.28959436172399,FALSE,NA,0.1
"Environment3",43,"NBINOM",1.8692615874247,1.47474628441669,0.67327731092437,-0.457014467321104,1.98297820538681,1.5959775092936,0.77815945398635,-0.532795931646097,0,0.0889150625542922,0.211475224825005,0.67415569746411,FALSE,NA,0.1
"Environment1",44,"GLM",1.15420402835614,0.188618954750378,0.696806722689076,0.490896652750904,1.01625991585278,0.156354661962049,0.778507462686567,-0.579185082954301,35,2.03602425089763,0.0916712933966708,2.74615799032072e-109,FALSE,NA,2
"Environment1",44,"POISSON",NA,NA,NA,NA,NA,NA,NA,NA,NA,NA,NA,NA,TRUE,"[33m![39m in callr subprocess.
[1mCaused by error[22m in `checkForRemoteErrors(val)`:
[33m![39m one node produced an error: missing value where TRUE/FALSE needed",2
"Environment1",44,"MAE",1.14775345412415,0.304291502047674,0.708811524609844,0.49657126846327,0.986360445958432,0.289595493879316,0.795432385809645,0.614359451725261,32,1.96146895964444,0.178310739956942,3.80926042185496e-28,FALSE,NA,2
"Environment1",44,"MSE",1.13609556176623,0.241208672041999,0.717647058823529,0.506746123055731,0.954935158690799,0.281736642883684,0.802412060301508,0.638540900814133,34,2.01241414064076,0.195722180357515,8.49522255585764e-25,FALSE,NA,2
"Environment1",44,"GAUSSIAN",1.13218616434861,0.257988412756714,0.721680672268908,0.510134935995514,0.970377718974277,0.265425612335489,0.799447986199655,0.626755834894391,35,1.93359713460505,0.184290982915242,9.39297711040593e-26,FALSE,NA,2
"Environment1",44,"NBINOM",1.94116417852693,1.36435141989008,0.714285714285714,-0.440009369339529,1.72692983485344,1.50979797083895,0.786291157278932,-0.182117863343122,0,1.09334015078471,0.440974692308556,0.0131614088671272,FALSE,NA,2
"Environment2",44,"GLM",1.15420402835614,0.188618954750378,0.696806722689076,0.490896652750904,1.01625991585278,0.156354661962049,0.778507462686567,-0.579185082954301,35,0.408431699737797,0.138147987491597,0.0031117286678701,FALSE,NA,0.4
"Environment2",44,"POISSON",NA,NA,NA,NA,NA,NA,NA,NA,NA,NA,NA,NA,TRUE,"[33m![39m in callr subprocess.
[1mCaused by error[22m in `checkForRemoteErrors(val)`:
[33m![39m one node produced an error: missing value where TRUE/FALSE needed",0.4
"Environment2",44,"MSE",1.13609556176623,0.241208672041999,0.717647058823529,0.506746123055731,0.954935158690799,0.281736642883684,0.802412060301508,0.638540900814133,34,0.418814961641503,0.167902573505366,0.0126172850645851,FALSE,NA,0.4
"Environment2",44,"GAUSSIAN",1.13218616434861,0.257988412756714,0.721680672268908,0.510134935995514,0.970377718974277,0.265425612335489,0.799447986199655,0.626755834894391,35,0.412187767234762,0.11811736634951,0.000483661203433603,FALSE,NA,0.4
"Environment2",44,"MAE",1.14775345412415,0.304291502047674,0.708811524609844,0.49657126846327,0.986360445958432,0.289595493879316,0.795432385809645,0.614359451725261,32,0.383794571001432,0.163627031460162,0.0189992832543412,FALSE,NA,0.4
"Environment2",44,"NBINOM",1.94116417852693,1.36435141989008,0.714285714285714,-0.440009369339529,1.72692983485344,1.50979797083895,0.786291157278932,-0.182117863343122,0,0.18362791801167,0.157850265442744,0.244705996244685,FALSE,NA,0.4
"Environment3",44,"GLM",1.15420402835614,0.188618954750378,0.696806722689076,0.490896652750904,1.01625991585278,0.156354661962049,0.778507462686567,-0.579185082954301,35,-0.0915500157915755,0.116597410082839,0.432347731540449,FALSE,NA,0.1
"Environment3",44,"MSE",1.13609556176623,0.241208672041999,0.717647058823529,0.506746123055731,0.954935158690799,0.281736642883684,0.802412060301508,0.638540900814133,34,-0.106178776188161,0.186244310490684,0.568606616829293,FALSE,NA,0.1
"Environment3",44,"GAUSSIAN",1.13218616434861,0.257988412756714,0.721680672268908,0.510134935995514,0.970377718974277,0.265425612335489,0.799447986199655,0.626755834894391,35,-0.227110650888724,0.18168829019291,0.211298967991576,FALSE,NA,0.1
"Environment3",44,"POISSON",NA,NA,NA,NA,NA,NA,NA,NA,NA,NA,NA,NA,TRUE,"[33m![39m in callr subprocess.
[1mCaused by error[22m in `checkForRemoteErrors(val)`:
[33m![39m one node produced an error: missing value where TRUE/FALSE needed",0.1
"Environment3",44,"MAE",1.14775345412415,0.304291502047674,0.708811524609844,0.49657126846327,0.986360445958432,0.289595493879316,0.795432385809645,0.614359451725261,32,-0.135913372832745,0.180309567955118,0.450982578578596,FALSE,NA,0.1
"Environment3",44,"NBINOM",1.94116417852693,1.36435141989008,0.714285714285714,-0.440009369339529,1.72692983485344,1.50979797083895,0.786291157278932,-0.182117863343122,0,0.068324772165808,0.147164367532504,0.642450560518932,FALSE,NA,0.1
"Environment1",45,"GLM",0.849755537144982,0.248244956623843,0.864393757503001,0.691895275144483,1.03066361457106,0.228433886489897,0.752382809570239,-0.653335359355583,37,1.88608203638371,0.119237782611601,2.34463687961448e-56,FALSE,NA,2
"Environment1",45,"POISSON",NA,NA,NA,NA,NA,NA,NA,NA,NA,NA,NA,NA,TRUE,"[33m![39m in callr subprocess.
[1mCaused by error[22m in `checkForRemoteErrors(val)`:
[33m![39m one node produced an error: missing value where TRUE/FALSE needed",2
"Environment1",45,"MAE",0.92410901250354,0.371514809535938,0.835582232893157,0.635618127280839,0.98701953815165,0.286825002345217,0.778466961674042,0.592037794346578,36,1.65592608174169,0.19161988950698,5.53713545150664e-18,FALSE,NA,2
"Environment1",45,"MSE",0.948755581884153,0.414698686046912,0.816854741896759,0.615922346181388,0.957742132538463,0.32626048863905,0.787893197329933,0.615881151696194,36,1.78967015577992,0.169831561340838,5.77668139966849e-26,FALSE,NA,2
"Environment1",45,"GAUSSIAN",0.914205531568903,0.348671742079623,0.832701080432173,0.643386285186398,0.963816135586569,0.289889107304399,0.786004650116253,0.610993536621456,36,1.79293161748117,0.149591036621359,4.2300107791002e-33,FALSE,NA,2
"Environment1",45,"NBINOM",1.86245917835769,1.7088512351531,0.822232893157263,-0.48007552540166,1.71420342117846,1.56341013413078,0.752832820820521,-0.230532665432678,0,0.981270706204988,0.478631025458825,0.0403487133206356,FALSE,NA,2
"Environment2",45,"GLM",0.849755537144982,0.248244956623843,0.864393757503001,0.691895275144483,1.03066361457106,0.228433886489897,0.752382809570239,-0.653335359355583,37,0.355737888887246,0.135257635456694,0.0085365729673804,FALSE,NA,0.4
"Environment2",45,"POISSON",NA,NA,NA,NA,NA,NA,NA,NA,NA,NA,NA,NA,TRUE,"[33m![39m in callr subprocess.
[1mCaused by error[22m in `checkForRemoteErrors(val)`:
[33m![39m one node produced an error: missing value where TRUE/FALSE needed",0.4
"Environment2",45,"MSE",0.948755581884153,0.414698686046912,0.816854741896759,0.615922346181388,0.957742132538463,0.32626048863905,0.787893197329933,0.615881151696194,36,0.415033899778453,0.199726091619988,0.0377079381750164,FALSE,NA,0.4
"Environment2",45,"GAUSSIAN",0.914205531568903,0.348671742079623,0.832701080432173,0.643386285186398,0.963816135586569,0.289889107304399,0.786004650116253,0.610993536621456,36,0.357824142855352,0.12072795479545,0.00303778776766697,FALSE,NA,0.4
"Environment2",45,"MAE",0.92410901250354,0.371514809535938,0.835582232893157,0.635618127280839,0.98701953815165,0.286825002345217,0.778466961674042,0.592037794346578,36,0.429263734197695,0.191226099445145,0.0247811809469557,FALSE,NA,0.4
"Environment2",45,"NBINOM",1.86245917835769,1.7088512351531,0.822232893157263,-0.48007552540166,1.71420342117846,1.56341013413078,0.752832820820521,-0.230532665432678,0,0.0948564634610841,0.116688224007349,0.41627241593431,FALSE,NA,0.4
"Environment3",45,"GLM",0.849755537144982,0.248244956623843,0.864393757503001,0.691895275144483,1.03066361457106,0.228433886489897,0.752382809570239,-0.653335359355583,37,0.0491540322624973,0.130043319571846,0.70544397572335,FALSE,NA,0.1
"Environment3",45,"MSE",0.948755581884153,0.414698686046912,0.816854741896759,0.615922346181388,0.957742132538463,0.32626048863905,0.787893197329933,0.615881151696194,36,0.123614137163029,0.153636161488956,0.421056247058612,FALSE,NA,0.1
"Environment3",45,"GAUSSIAN",0.914205531568903,0.348671742079623,0.832701080432173,0.643386285186398,0.963816135586569,0.289889107304399,0.786004650116253,0.610993536621456,36,0.113399441510366,0.162746610374629,0.485937183207446,FALSE,NA,0.1
"Environment3",45,"POISSON",NA,NA,NA,NA,NA,NA,NA,NA,NA,NA,NA,NA,TRUE,"[33m![39m in callr subprocess.
[1mCaused by error[22m in `checkForRemoteErrors(val)`:
[33m![39m one node produced an error: missing value where TRUE/FALSE needed",0.1
"Environment3",45,"MAE",0.92410901250354,0.371514809535938,0.835582232893157,0.635618127280839,0.98701953815165,0.286825002345217,0.778466961674042,0.592037794346578,36,0.102036055186445,0.15924297743887,0.521680563379086,FALSE,NA,0.1
"Environment3",45,"NBINOM",1.86245917835769,1.7088512351531,0.822232893157263,-0.48007552540166,1.71420342117846,1.56341013413078,0.752832820820521,-0.230532665432678,0,0.0129758087519677,0.0902803931621621,0.88571536138858,FALSE,NA,0.1
"Environment1",46,"GLM",1.1125335052178,0.102825832537293,0.81483793517407,0.624599614425463,1.02306255862195,0.0984210552218551,0.773383334583365,-0.583677987715058,36,1.8740338880375,0.127011050329994,2.86163869738106e-49,FALSE,NA,2
"Environment1",46,"POISSON",NA,NA,NA,NA,NA,NA,NA,NA,NA,NA,NA,NA,TRUE,"[33m![39m in callr subprocess.
[1mCaused by error[22m in `checkForRemoteErrors(val)`:
[33m![39m one node produced an error: missing value where TRUE/FALSE needed",2
"Environment1",46,"MAE",1.12851227270955,0.205463787175376,0.811764705882353,0.613738796791856,1.00594600285748,0.216901216466985,0.782337058426461,0.596916129440781,36,1.73503702074662,0.259725532899452,2.38500323779362e-11,FALSE,NA,2
"Environment1",46,"MSE",1.13434400530855,0.211584159770087,0.817430972388956,0.60973637283375,0.965880034997747,0.196162265706175,0.794824870621766,0.628385663809205,34,1.8194644069458,0.171701183494018,3.08710093762697e-26,FALSE,NA,2
"Environment1",46,"GAUSSIAN",1.12970850684303,0.212584579063436,0.813493397358944,0.612919481414689,0.992523784163424,0.195022084810918,0.785368634215856,0.607600968358286,36,1.72322233237326,0.130363341979664,6.85173676641495e-40,FALSE,NA,2
"Environment1",46,"NBINOM",2.05774248003936,1.52732189890714,0.803217286914766,-0.284252922199854,1.79717225392906,1.50049799843879,0.776764419110478,-0.286546511680609,0,0.920978479271311,0.268716386566576,0.000609558303787658,FALSE,NA,2
"Environment2",46,"GLM",1.1125335052178,0.102825832537293,0.81483793517407,0.624599614425463,1.02306255862195,0.0984210552218551,0.773383334583365,-0.583677987715058,36,0.492834202508142,0.124816287747042,7.8650073144152e-05,FALSE,NA,0.4
"Environment2",46,"POISSON",NA,NA,NA,NA,NA,NA,NA,NA,NA,NA,NA,NA,TRUE,"[33m![39m in callr subprocess.
[1mCaused by error[22m in `checkForRemoteErrors(val)`:
[33m![39m one node produced an error: missing value where TRUE/FALSE needed",0.4
"Environment2",46,"MSE",1.13434400530855,0.211584159770087,0.817430972388956,0.60973637283375,0.965880034997747,0.196162265706175,0.794824870621766,0.628385663809205,34,0.535384753517184,0.132458292693156,5.30171459428096e-05,FALSE,NA,0.4
"Environment2",46,"GAUSSIAN",1.12970850684303,0.212584579063436,0.813493397358944,0.612919481414689,0.992523784163424,0.195022084810918,0.785368634215856,0.607600968358286,36,0.541206343968181,0.154117561789396,0.000445340504177618,FALSE,NA,0.4
"Environment2",46,"MAE",1.12851227270955,0.205463787175376,0.811764705882353,0.613738796791856,1.00594600285748,0.216901216466985,0.782337058426461,0.596916129440781,36,0.497162931101148,0.133541476202216,0.000196939539686468,FALSE,NA,0.4
"Environment2",46,"NBINOM",2.05774248003936,1.52732189890714,0.803217286914766,-0.284252922199854,1.79717225392906,1.50049799843879,0.776764419110478,-0.286546511680609,0,0.155740988904727,0.114298684350215,0.173015225717049,FALSE,NA,0.4
"Environment3",46,"GLM",1.1125335052178,0.102825832537293,0.81483793517407,0.624599614425463,1.02306255862195,0.0984210552218551,0.773383334583365,-0.583677987715058,36,0.12511996376386,0.120196360865002,0.297892723104736,FALSE,NA,0.1
"Environment3",46,"MSE",1.13434400530855,0.211584159770087,0.817430972388956,0.60973637283375,0.965880034997747,0.196162265706175,0.794824870621766,0.628385663809205,34,0.0131083676855342,0.191997396350517,0.945567780163677,FALSE,NA,0.1
"Environment3",46,"GAUSSIAN",1.12970850684303,0.212584579063436,0.813493397358944,0.612919481414689,0.992523784163424,0.195022084810918,0.785368634215856,0.607600968358286,36,-0.0317696488146616,0.187873016666729,0.865716638100912,FALSE,NA,0.1
"Environment3",46,"POISSON",NA,NA,NA,NA,NA,NA,NA,NA,NA,NA,NA,NA,TRUE,"[33m![39m in callr subprocess.
[1mCaused by error[22m in `checkForRemoteErrors(val)`:
[33m![39m one node produced an error: missing value where TRUE/FALSE needed",0.1
"Environment3",46,"MAE",1.12851227270955,0.205463787175376,0.811764705882353,0.613738796791856,1.00594600285748,0.216901216466985,0.782337058426461,0.596916129440781,36,-0.0213010849616721,0.164264532161544,0.896823168863539,FALSE,NA,0.1
"Environment3",46,"NBINOM",2.05774248003936,1.52732189890714,0.803217286914766,-0.284252922199854,1.79717225392906,1.50049799843879,0.776764419110478,-0.286546511680609,0,0.00682630772564462,0.0884062933131475,0.93845236693728,FALSE,NA,0.1
"Environment1",47,"GLM",1.21578191593573,0.0618718063156721,0.645234093637455,0.42953733480754,0.957126140868663,0.0642610119663695,0.774385359633991,-0.44398793108767,42,1.91079929030234,0.141334968927634,1.19744392509941e-41,FALSE,NA,2
"Environment1",47,"POISSON",NA,NA,NA,NA,NA,NA,NA,NA,NA,NA,NA,NA,TRUE,"[33m![39m in callr subprocess.
[1mCaused by error[22m in `checkForRemoteErrors(val)`:
[33m![39m one node produced an error: missing value where TRUE/FALSE needed",2
"Environment1",47,"MAE",1.18663162385105,0.279331446428243,0.650228091236494,0.456564876487481,0.909993506907663,0.244105039290123,0.803133578339459,0.633429352315703,42,1.77569791858172,0.197143453296223,2.11507478407095e-19,FALSE,NA,2
"Environment1",47,"MSE",1.25705880097998,0.323125642433559,0.639567827130852,0.390144346503518,0.855461537972308,0.280331611827576,0.818451961299033,0.676046947693376,41,1.92350239354119,0.193140435546725,2.3016674204269e-23,FALSE,NA,2
"Environment1",47,"GAUSSIAN",1.23376800183679,0.250459322695633,0.639279711884754,0.412533815239826,0.875651981168553,0.23565053278805,0.810891772294307,0.660574732395886,41,1.86715062276239,0.130237860785237,1.29483694236907e-46,FALSE,NA,2
"Environment1",47,"NBINOM",2.16921704043569,1.69996342056999,0.644753901560624,-0.816025251454234,1.80008407195486,1.56209486503537,0.786685667141679,-0.434388114630297,0,0.749185522757342,0.532780207181694,0.15967031873397,FALSE,NA,2
"Environment2",47,"GLM",1.21578191593573,0.0618718063156721,0.645234093637455,0.42953733480754,0.957126140868663,0.0642610119663695,0.774385359633991,-0.44398793108767,42,0.450558416141709,0.0874372706602533,2.56443313207574e-07,FALSE,NA,0.4
"Environment2",47,"POISSON",NA,NA,NA,NA,NA,NA,NA,NA,NA,NA,NA,NA,TRUE,"[33m![39m in callr subprocess.
[1mCaused by error[22m in `checkForRemoteErrors(val)`:
[33m![39m one node produced an error: missing value where TRUE/FALSE needed",0.4
"Environment2",47,"MSE",1.25705880097998,0.323125642433559,0.639567827130852,0.390144346503518,0.855461537972308,0.280331611827576,0.818451961299033,0.676046947693376,41,0.440779603384082,0.165928052954023,0.00789681220187012,FALSE,NA,0.4
"Environment2",47,"GAUSSIAN",1.23376800183679,0.250459322695633,0.639279711884754,0.412533815239826,0.875651981168553,0.23565053278805,0.810891772294307,0.660574732395886,41,0.43453369828299,0.155595143970142,0.0052266883535614,FALSE,NA,0.4
"Environment2",47,"MAE",1.18663162385105,0.279331446428243,0.650228091236494,0.456564876487481,0.909993506907663,0.244105039290123,0.803133578339459,0.633429352315703,42,0.527239031455487,0.246735920430933,0.0326097388477876,FALSE,NA,0.4
"Environment2",47,"NBINOM",2.16921704043569,1.69996342056999,0.644753901560624,-0.816025251454234,1.80008407195486,1.56209486503537,0.786685667141679,-0.434388114630297,0,0.197246545690432,0.180319323268203,0.274010422658742,FALSE,NA,0.4
"Environment3",47,"GLM",1.21578191593573,0.0618718063156721,0.645234093637455,0.42953733480754,0.957126140868663,0.0642610119663695,0.774385359633991,-0.44398793108767,42,0.147063948705468,0.119983636500265,0.220311573131463,FALSE,NA,0.1
"Environment3",47,"MSE",1.25705880097998,0.323125642433559,0.639567827130852,0.390144346503518,0.855461537972308,0.280331611827576,0.818451961299033,0.676046947693376,41,0.0281834600803413,0.15935052364718,0.859614777575013,FALSE,NA,0.1
"Environment3",47,"GAUSSIAN",1.23376800183679,0.250459322695633,0.639279711884754,0.412533815239826,0.875651981168553,0.23565053278805,0.810891772294307,0.660574732395886,41,0.0573085492610844,0.143869144971405,0.690381043975342,FALSE,NA,0.1
"Environment3",47,"POISSON",NA,NA,NA,NA,NA,NA,NA,NA,NA,NA,NA,NA,TRUE,"[33m![39m in callr subprocess.
[1mCaused by error[22m in `checkForRemoteErrors(val)`:
[33m![39m one node produced an error: missing value where TRUE/FALSE needed",0.1
"Environment3",47,"MAE",1.18663162385105,0.279331446428243,0.650228091236494,0.456564876487481,0.909993506907663,0.244105039290123,0.803133578339459,0.633429352315703,42,-0.0172271876848299,0.166343003114676,0.917515162647455,FALSE,NA,0.1
"Environment3",47,"NBINOM",2.16921704043569,1.69996342056999,0.644753901560624,-0.816025251454234,1.80008407195486,1.56209486503537,0.786685667141679,-0.434388114630297,0,-0.0274347682437702,0.0654118965618782,0.674912442953288,FALSE,NA,0.1
"Environment1",48,"GLM",1.03184464400069,0.111025395703673,0.790924369747899,0.640154691525244,0.975141444918034,0.0939281473057621,0.787425185629641,-0.554967204691241,36,1.97050937890855,0.11566053537229,4.36504239422072e-65,FALSE,NA,2
"Environment1",48,"POISSON",NA,NA,NA,NA,NA,NA,NA,NA,NA,NA,NA,NA,TRUE,"[33m![39m in callr subprocess.
[1mCaused by error[22m in `checkForRemoteErrors(val)`:
[33m![39m one node produced an error: missing value where TRUE/FALSE needed",2
"Environment1",48,"MAE",1.11277758689435,0.282509393499336,0.762208883553421,0.581491815297259,0.936368958650192,0.272181349979591,0.800583514587865,0.646241197805835,35,1.86247504257341,0.132582101714609,7.95644308373897e-45,FALSE,NA,2
"Environment1",48,"MSE",1.08853092113442,0.274658967361244,0.769123649459784,0.59953113495485,0.909056061793208,0.279607563382844,0.811262281557039,0.666577753845299,37,2.05454537144405,0.166470114101297,5.39182344331356e-35,FALSE,NA,2
"Environment1",48,"GAUSSIAN",1.09445525385089,0.246815164669216,0.770180072028811,0.595160166796937,0.925922878301304,0.259266801748467,0.803259581489537,0.654090198007269,35,1.97195586490911,0.175263580966426,2.28015554445813e-29,FALSE,NA,2
"Environment1",48,"NBINOM",1.87759753697958,1.55796757646123,0.786890756302521,-0.191495016526615,1.84021617211825,1.63269846709538,0.787197179929498,-0.366315278232659,0,0.797187029790134,0.309782003666801,0.0100710360360618,FALSE,NA,2
"Environment2",48,"GLM",1.03184464400069,0.111025395703673,0.790924369747899,0.640154691525244,0.975141444918034,0.0939281473057621,0.787425185629641,-0.554967204691241,36,0.366579072650954,0.165810679325191,0.0270476748444221,FALSE,NA,0.4
"Environment2",48,"POISSON",NA,NA,NA,NA,NA,NA,NA,NA,NA,NA,NA,NA,TRUE,"[33m![39m in callr subprocess.
[1mCaused by error[22m in `checkForRemoteErrors(val)`:
[33m![39m one node produced an error: missing value where TRUE/FALSE needed",0.4
"Environment2",48,"MSE",1.08853092113442,0.274658967361244,0.769123649459784,0.59953113495485,0.909056061793208,0.279607563382844,0.811262281557039,0.666577753845299,37,0.530688928942822,0.134822785481999,8.27833188260156e-05,FALSE,NA,0.4
"Environment2",48,"GAUSSIAN",1.09445525385089,0.246815164669216,0.770180072028811,0.595160166796937,0.925922878301304,0.259266801748467,0.803259581489537,0.654090198007269,35,0.504070104082719,0.212198608797716,0.0175269136494809,FALSE,NA,0.4
"Environment2",48,"MAE",1.11277758689435,0.282509393499336,0.762208883553421,0.581491815297259,0.936368958650192,0.272181349979591,0.800583514587865,0.646241197805835,35,0.483171631087534,0.171845602562752,0.00492863711748955,FALSE,NA,0.4
"Environment2",48,"NBINOM",1.87759753697958,1.55796757646123,0.786890756302521,-0.191495016526615,1.84021617211825,1.63269846709538,0.787197179929498,-0.366315278232659,0,0.240185898682129,0.12593322826479,0.0564884794502682,FALSE,NA,0.4
"Environment3",48,"GLM",1.03184464400069,0.111025395703673,0.790924369747899,0.640154691525244,0.975141444918034,0.0939281473057621,0.787425185629641,-0.554967204691241,36,0.221169448209796,0.101469092459694,0.0292817041892335,FALSE,NA,0.1
"Environment3",48,"MSE",1.08853092113442,0.274658967361244,0.769123649459784,0.59953113495485,0.909056061793208,0.279607563382844,0.811262281557039,0.666577753845299,37,0.205998454647684,0.165064476547356,0.212035521233753,FALSE,NA,0.1
"Environment3",48,"GAUSSIAN",1.09445525385089,0.246815164669216,0.770180072028811,0.595160166796937,0.925922878301304,0.259266801748467,0.803259581489537,0.654090198007269,35,0.26162330803232,0.124697790310503,0.0358999431524981,FALSE,NA,0.1
"Environment3",48,"POISSON",NA,NA,NA,NA,NA,NA,NA,NA,NA,NA,NA,NA,TRUE,"[33m![39m in callr subprocess.
[1mCaused by error[22m in `checkForRemoteErrors(val)`:
[33m![39m one node produced an error: missing value where TRUE/FALSE needed",0.1
"Environment3",48,"MAE",1.11277758689435,0.282509393499336,0.762208883553421,0.581491815297259,0.936368958650192,0.272181349979591,0.800583514587865,0.646241197805835,35,0.264526134294611,0.141008640097381,0.0606611955341667,FALSE,NA,0.1
"Environment3",48,"NBINOM",1.87759753697958,1.55796757646123,0.786890756302521,-0.191495016526615,1.84021617211825,1.63269846709538,0.787197179929498,-0.366315278232659,0,0.113535578365987,0.110291662596769,0.303286038493192,FALSE,NA,0.1
"Environment1",49,"GLM",1.09692301862191,0.133443807414326,0.734165666266507,0.523150199595872,0.893983896379458,0.132313537471496,0.804408610215256,-0.58168758454052,36,1.98876349634787,0.128991772392828,1.24353281856125e-53,FALSE,NA,2
"Environment1",49,"POISSON",NA,NA,NA,NA,NA,NA,NA,NA,NA,NA,NA,NA,TRUE,"[33m![39m in callr subprocess.
[1mCaused by error[22m in `checkForRemoteErrors(val)`:
[33m![39m one node produced an error: missing value where TRUE/FALSE needed",2
"Environment1",49,"MAE",1.07650146327574,0.22548902431401,0.748187274909964,0.540740071444522,0.882911007647831,0.227707351802315,0.806501162529063,0.637579531722135,37,1.75371864002384,0.248244027991004,1.61201402509216e-12,FALSE,NA,2
"Environment1",49,"MSE",1.07543060918338,0.196196757145269,0.74828331332533,0.541653318254738,0.858117370345539,0.202124631528899,0.814539863496588,0.657648495454796,37,1.94675159038417,0.123497771677015,5.55131632063718e-56,FALSE,NA,2
"Environment1",49,"GAUSSIAN",1.07278361838488,0.197634942810392,0.750204081632653,0.543906827401238,0.860858887216184,0.21230284245658,0.814731868296708,0.655457509187841,37,1.89937939799204,0.178564221164077,2.00579652933142e-26,FALSE,NA,2
"Environment1",49,"NBINOM",1.79792242670376,1.46058177737925,0.752893157262905,-0.281065113112789,1.81892910643751,1.49386706480663,0.80451211280282,-0.538191473093751,0,0.450817144568871,0.167536416243228,0.00712679635784082,FALSE,NA,2
"Environment2",49,"GLM",1.09692301862191,0.133443807414326,0.734165666266507,0.523150199595872,0.893983896379458,0.132313537471496,0.804408610215256,-0.58168758454052,36,0.494211426836347,0.110189999514558,7.28851439330909e-06,FALSE,NA,0.4
"Environment2",49,"POISSON",NA,NA,NA,NA,NA,NA,NA,NA,NA,NA,NA,NA,TRUE,"[33m![39m in callr subprocess.
[1mCaused by error[22m in `checkForRemoteErrors(val)`:
[33m![39m one node produced an error: missing value where TRUE/FALSE needed",0.4
"Environment2",49,"MSE",1.07543060918338,0.196196757145269,0.74828331332533,0.541653318254738,0.858117370345539,0.202124631528899,0.814539863496588,0.657648495454796,37,0.576425572768538,0.148074551857843,9.90912018858983e-05,FALSE,NA,0.4
"Environment2",49,"GAUSSIAN",1.07278361838488,0.197634942810392,0.750204081632653,0.543906827401238,0.860858887216184,0.21230284245658,0.814731868296708,0.655457509187841,37,0.552483824735988,0.133558071590228,3.52403499071625e-05,FALSE,NA,0.4
"Environment2",49,"MAE",1.07650146327574,0.22548902431401,0.748187274909964,0.540740071444522,0.882911007647831,0.227707351802315,0.806501162529063,0.637579531722135,37,0.616062135148473,0.160618452261822,0.000125277169738798,FALSE,NA,0.4
"Environment2",49,"NBINOM",1.79792242670376,1.46058177737925,0.752893157262905,-0.281065113112789,1.81892910643751,1.49386706480663,0.80451211280282,-0.538191473093751,0,0.106478659519189,0.073489122594788,0.147364485785082,FALSE,NA,0.4
"Environment3",49,"GLM",1.09692301862191,0.133443807414326,0.734165666266507,0.523150199595872,0.893983896379458,0.132313537471496,0.804408610215256,-0.58168758454052,36,0.240441673791422,0.11647100693091,0.0389806791862275,FALSE,NA,0.1
"Environment3",49,"MSE",1.07543060918338,0.196196757145269,0.74828331332533,0.541653318254738,0.858117370345539,0.202124631528899,0.814539863496588,0.657648495454796,37,0.219291695121867,0.121537173333059,0.0711814881308254,FALSE,NA,0.1
"Environment3",49,"GAUSSIAN",1.07278361838488,0.197634942810392,0.750204081632653,0.543906827401238,0.860858887216184,0.21230284245658,0.814731868296708,0.655457509187841,37,0.2583017944541,0.161368366930517,0.109444137117488,FALSE,NA,0.1
"Environment3",49,"POISSON",NA,NA,NA,NA,NA,NA,NA,NA,NA,NA,NA,NA,TRUE,"[33m![39m in callr subprocess.
[1mCaused by error[22m in `checkForRemoteErrors(val)`:
[33m![39m one node produced an error: missing value where TRUE/FALSE needed",0.1
"Environment3",49,"MAE",1.07650146327574,0.22548902431401,0.748187274909964,0.540740071444522,0.882911007647831,0.227707351802315,0.806501162529063,0.637579531722135,37,0.206762589393562,0.145571182306513,0.155504690886346,FALSE,NA,0.1
"Environment3",49,"NBINOM",1.79792242670376,1.46058177737925,0.752893157262905,-0.281065113112789,1.81892910643751,1.49386706480663,0.80451211280282,-0.538191473093751,0,0.0233495510565263,0.0708719412647339,0.741807156386226,FALSE,NA,0.1
"Environment1",50,"GLM",0.990003619945084,0.126874266357385,0.700360144057623,0.497444270040617,1.06338129992014,0.118895215456751,0.739012975324383,-0.701711242204387,42,1.92362488312463,0.0769011573588007,4.27817864569707e-138,FALSE,NA,2
"Environment1",50,"POISSON",NA,NA,NA,NA,NA,NA,NA,NA,NA,NA,NA,NA,TRUE,"[33m![39m in callr subprocess.
[1mCaused by error[22m in `checkForRemoteErrors(val)`:
[33m![39m one node produced an error: missing value where TRUE/FALSE needed",2
"Environment1",50,"MAE",1.02278244744242,0.231322416968806,0.668091236494598,0.463614293537956,1.02824050562182,0.202827205081003,0.754397359933998,0.580299509940288,44,1.73966630506516,0.247362159196364,2.02325540242944e-12,FALSE,NA,2
"Environment1",50,"MSE",1.06208935631839,0.274577884126239,0.624009603841537,0.421594016472901,0.979255111888675,0.287911058463434,0.781956048901223,0.619336045634369,45,1.86950487973052,0.192868634379061,3.22423254553073e-22,FALSE,NA,2
"Environment1",50,"GAUSSIAN",1.0499397658718,0.234886767221359,0.656182472989196,0.434751480900752,1.01789373238474,0.2346650815555,0.762547063676592,0.588703569346929,43,1.7719017633039,0.131323748281192,1.72841306032045e-41,FALSE,NA,2
"Environment1",50,"NBINOM",1.68066135901672,1.59338377879273,0.658967587034814,-0.448341897215886,1.70320157762066,1.4767874655123,0.747674191854797,-0.15154830798349,0,1.28814054614597,0.581864040070078,0.0268413651170697,FALSE,NA,2
"Environment2",50,"GLM",0.990003619945084,0.126874266357385,0.700360144057623,0.497444270040617,1.06338129992014,0.118895215456751,0.739012975324383,-0.701711242204387,42,0.391124798720524,0.108798584444186,0.000324461585720506,FALSE,NA,0.4
"Environment2",50,"POISSON",NA,NA,NA,NA,NA,NA,NA,NA,NA,NA,NA,NA,TRUE,"[33m![39m in callr subprocess.
[1mCaused by error[22m in `checkForRemoteErrors(val)`:
[33m![39m one node produced an error: missing value where TRUE/FALSE needed",0.4
"Environment2",50,"MSE",1.06208935631839,0.274577884126239,0.624009603841537,0.421594016472901,0.979255111888675,0.287911058463434,0.781956048901223,0.619336045634369,45,0.484684027894487,0.217181077337574,0.0256344873753913,FALSE,NA,0.4
"Environment2",50,"GAUSSIAN",1.0499397658718,0.234886767221359,0.656182472989196,0.434751480900752,1.01789373238474,0.2346650815555,0.762547063676592,0.588703569346929,43,0.461282813133977,0.174318627483218,0.00814004840913788,FALSE,NA,0.4
"Environment2",50,"MAE",1.02278244744242,0.231322416968806,0.668091236494598,0.463614293537956,1.02824050562182,0.202827205081003,0.754397359933998,0.580299509940288,44,0.530254130906606,0.192581932444413,0.0058980685425279,FALSE,NA,0.4
"Environment2",50,"NBINOM",1.68066135901672,1.59338377879273,0.658967587034814,-0.448341897215886,1.70320157762066,1.4767874655123,0.747674191854797,-0.15154830798349,0,0.179534618816606,0.16933094419731,0.289026890305205,FALSE,NA,0.4
"Environment3",50,"GLM",0.990003619945084,0.126874266357385,0.700360144057623,0.497444270040617,1.06338129992014,0.118895215456751,0.739012975324383,-0.701711242204387,42,0.19670080860001,0.137924504256151,0.153825515614986,FALSE,NA,0.1
"Environment3",50,"MSE",1.06208935631839,0.274577884126239,0.624009603841537,0.421594016472901,0.979255111888675,0.287911058463434,0.781956048901223,0.619336045634369,45,0.106140305914523,0.179227836383364,0.55371076241332,FALSE,NA,0.1
"Environment3",50,"GAUSSIAN",1.0499397658718,0.234886767221359,0.656182472989196,0.434751480900752,1.01789373238474,0.2346650815555,0.762547063676592,0.588703569346929,43,0.143045047715284,0.140450057501724,0.308451682513864,FALSE,NA,0.1
"Environment3",50,"POISSON",NA,NA,NA,NA,NA,NA,NA,NA,NA,NA,NA,NA,TRUE,"[33m![39m in callr subprocess.
[1mCaused by error[22m in `checkForRemoteErrors(val)`:
[33m![39m one node produced an error: missing value where TRUE/FALSE needed",0.1
"Environment3",50,"MAE",1.02278244744242,0.231322416968806,0.668091236494598,0.463614293537956,1.02824050562182,0.202827205081003,0.754397359933998,0.580299509940288,44,0.200441126520091,0.175524893404513,0.253473679839656,FALSE,NA,0.1
"Environment3",50,"NBINOM",1.68066135901672,1.59338377879273,0.658967587034814,-0.448341897215886,1.70320157762066,1.4767874655123,0.747674191854797,-0.15154830798349,0,0.0843263785735681,0.105114343631606,0.422417181921762,FALSE,NA,0.1
"Environment1",51,"GLM",0.914475375979617,0.0973687939535318,0.830012004801921,0.617624837861583,0.865213538243465,0.101724849823861,0.803364584114603,-0.678261174516489,40,2.08817124139678,0.117944442802657,3.85715125967768e-70,FALSE,NA,2
"Environment1",51,"POISSON",NA,NA,NA,NA,NA,NA,NA,NA,NA,NA,NA,NA,TRUE,"[33m![39m in callr subprocess.
[1mCaused by error[22m in `checkForRemoteErrors(val)`:
[33m![39m one node produced an error: missing value where TRUE/FALSE needed",2
"Environment1",51,"MAE",0.929639527000673,0.199893137340285,0.817238895558223,0.60483833673752,0.835804626976289,0.175148979850761,0.817638940973524,0.668273122247258,37,1.99249606398493,0.147339300831671,1.14131577637736e-41,FALSE,NA,2
"Environment1",51,"MSE",0.952640670789239,0.246830831621676,0.810132052821128,0.585042249959931,0.801949851320378,0.220711070564912,0.831965799144979,0.694602455101685,37,2.10362811668217,0.0999930972555634,2.96201884763992e-98,FALSE,NA,2
"Environment1",51,"GAUSSIAN",0.943809253564868,0.216616958303763,0.813877551020408,0.59270028633757,0.803733244143962,0.201750385795,0.832987324683117,0.693242645921272,38,2.03987134270021,0.108825496371449,2.14983515136282e-78,FALSE,NA,2
"Environment1",51,"NBINOM",1.84465039921671,1.63769149457965,0.822713085234094,-0.555871705697975,1.76285211042908,1.54052660784196,0.814212855321383,-0.47571631534195,0,1.09283639900115,0.391124801363319,0.00520466076731067,FALSE,NA,2
"Environment2",51,"GLM",0.914475375979617,0.0973687939535318,0.830012004801921,0.617624837861583,0.865213538243465,0.101724849823861,0.803364584114603,-0.678261174516489,40,0.25156554509973,0.0642875623697705,9.11077116242277e-05,FALSE,NA,0.4
"Environment2",51,"POISSON",NA,NA,NA,NA,NA,NA,NA,NA,NA,NA,NA,NA,TRUE,"[33m![39m in callr subprocess.
[1mCaused by error[22m in `checkForRemoteErrors(val)`:
[33m![39m one node produced an error: missing value where TRUE/FALSE needed",0.4
"Environment2",51,"MSE",0.952640670789239,0.246830831621676,0.810132052821128,0.585042249959931,0.801949851320378,0.220711070564912,0.831965799144979,0.694602455101685,37,0.227460513464088,0.15043710335277,0.130534516647414,FALSE,NA,0.4
"Environment2",51,"GAUSSIAN",0.943809253564868,0.216616958303763,0.813877551020408,0.59270028633757,0.803733244143962,0.201750385795,0.832987324683117,0.693242645921272,38,0.204010831018837,0.134046741033029,0.128024612651243,FALSE,NA,0.4
"Environment2",51,"MAE",0.929639527000673,0.199893137340285,0.817238895558223,0.60483833673752,0.835804626976289,0.175148979850761,0.817638940973524,0.668273122247258,37,0.187304135284539,0.186617336629492,0.315532759125591,FALSE,NA,0.4
"Environment2",51,"NBINOM",1.84465039921671,1.63769149457965,0.822713085234094,-0.555871705697975,1.76285211042908,1.54052660784196,0.814212855321383,-0.47571631534195,0,0.104521773407111,0.138880348819187,0.451688487318161,FALSE,NA,0.4
"Environment3",51,"GLM",0.914475375979617,0.0973687939535318,0.830012004801921,0.617624837861583,0.865213538243465,0.101724849823861,0.803364584114603,-0.678261174516489,40,0.0547149569885593,0.111612722069071,0.623977162396149,FALSE,NA,0.1
"Environment3",51,"MSE",0.952640670789239,0.246830831621676,0.810132052821128,0.585042249959931,0.801949851320378,0.220711070564912,0.831965799144979,0.694602455101685,37,0.0717799108582331,0.156502573048822,0.646485498636507,FALSE,NA,0.1
"Environment3",51,"GAUSSIAN",0.943809253564868,0.216616958303763,0.813877551020408,0.59270028633757,0.803733244143962,0.201750385795,0.832987324683117,0.693242645921272,38,0.115199884449921,0.175412651112884,0.511350383085462,FALSE,NA,0.1
"Environment3",51,"POISSON",NA,NA,NA,NA,NA,NA,NA,NA,NA,NA,NA,NA,TRUE,"[33m![39m in callr subprocess.
[1mCaused by error[22m in `checkForRemoteErrors(val)`:
[33m![39m one node produced an error: missing value where TRUE/FALSE needed",0.1
"Environment3",51,"MAE",0.929639527000673,0.199893137340285,0.817238895558223,0.60483833673752,0.835804626976289,0.175148979850761,0.817638940973524,0.668273122247258,37,0.0892394441734359,0.184481962412673,0.628577559062629,FALSE,NA,0.1
"Environment3",51,"NBINOM",1.84465039921671,1.63769149457965,0.822713085234094,-0.555871705697975,1.76285211042908,1.54052660784196,0.814212855321383,-0.47571631534195,0,-0.0838615795807101,0.182830376335318,0.646460275619932,FALSE,NA,0.1
"Environment1",52,"GLM",1.02905019286578,0.137965969339772,0.725810324129652,0.575877153468726,1.00679618646642,0.120876901779252,0.73145578639466,-0.621270599590441,42,1.96151380052067,0.123003981439587,3.00111511425509e-57,FALSE,NA,2
"Environment1",52,"POISSON",NA,NA,NA,NA,NA,NA,NA,NA,NA,NA,NA,NA,TRUE,"[33m![39m in callr subprocess.
[1mCaused by error[22m in `checkForRemoteErrors(val)`:
[33m![39m one node produced an error: missing value where TRUE/FALSE needed",2
"Environment1",52,"MAE",1.07804787310416,0.261482751678978,0.698919567827131,0.534526838840396,0.993469896426855,0.262428259531331,0.738201455036376,0.538625084347761,44,1.71119109237008,0.169875473053654,7.25710845106852e-24,FALSE,NA,2
"Environment1",52,"MSE",1.02475529426121,0.168941665353114,0.744921968787515,0.579410048841282,0.956047023643584,0.200043736572824,0.755474386859672,0.572729348786362,42,1.90230804185453,0.154250223826157,6.04553404355997e-35,FALSE,NA,2
"Environment1",52,"GAUSSIAN",1.03020281642369,0.150250262204796,0.730708283313325,0.574926514196265,0.981335882155226,0.162659893395587,0.743135078376959,0.549826513743177,42,1.8399878083244,0.120696893123311,1.78553834390383e-52,FALSE,NA,2
"Environment1",52,"NBINOM",1.96455054260325,1.67452740672431,0.710540216086435,-0.545770318423962,1.68855213892082,1.36691182293131,0.72462461561539,-0.332826151770469,0,0.8633608532075,0.982627293701033,0.379604665173003,FALSE,NA,2
"Environment2",52,"GLM",1.02905019286578,0.137965969339772,0.725810324129652,0.575877153468726,1.00679618646642,0.120876901779252,0.73145578639466,-0.621270599590441,42,0.5705448817901,0.148820010146059,0.000126183136413079,FALSE,NA,0.4
"Environment2",52,"POISSON",NA,NA,NA,NA,NA,NA,NA,NA,NA,NA,NA,NA,TRUE,"[33m![39m in callr subprocess.
[1mCaused by error[22m in `checkForRemoteErrors(val)`:
[33m![39m one node produced an error: missing value where TRUE/FALSE needed",0.4
"Environment2",52,"MSE",1.02475529426121,0.168941665353114,0.744921968787515,0.579410048841282,0.956047023643584,0.200043736572824,0.755474386859672,0.572729348786362,42,0.502144753918612,0.152916854591593,0.00102426162080184,FALSE,NA,0.4
"Environment2",52,"GAUSSIAN",1.03020281642369,0.150250262204796,0.730708283313325,0.574926514196265,0.981335882155226,0.162659893395587,0.743135078376959,0.549826513743177,42,0.501036976829113,0.162768095701424,0.00208236957766776,FALSE,NA,0.4
"Environment2",52,"MAE",1.07804787310416,0.261482751678978,0.698919567827131,0.534526838840396,0.993469896426855,0.262428259531331,0.738201455036376,0.538625084347761,44,0.543946678225824,0.132401556671016,3.98564390447911e-05,FALSE,NA,0.4
"Environment2",52,"NBINOM",1.96455054260325,1.67452740672431,0.710540216086435,-0.545770318423962,1.68855213892082,1.36691182293131,0.72462461561539,-0.332826151770469,0,0.168146587784762,0.188711098577773,0.372914959144252,FALSE,NA,0.4
"Environment3",52,"GLM",1.02905019286578,0.137965969339772,0.725810324129652,0.575877153468726,1.00679618646642,0.120876901779252,0.73145578639466,-0.621270599590441,42,0.233835748211328,0.109014175594265,0.0319525964797153,FALSE,NA,0.1
"Environment3",52,"MSE",1.02475529426121,0.168941665353114,0.744921968787515,0.579410048841282,0.956047023643584,0.200043736572824,0.755474386859672,0.572729348786362,42,0.282707030523852,0.216592903560461,0.191809080225503,FALSE,NA,0.1
"Environment3",52,"GAUSSIAN",1.03020281642369,0.150250262204796,0.730708283313325,0.574926514196265,0.981335882155226,0.162659893395587,0.743135078376959,0.549826513743177,42,0.27504883017249,0.172980185415752,0.111821337792626,FALSE,NA,0.1
"Environment3",52,"POISSON",NA,NA,NA,NA,NA,NA,NA,NA,NA,NA,NA,NA,TRUE,"[33m![39m in callr subprocess.
[1mCaused by error[22m in `checkForRemoteErrors(val)`:
[33m![39m one node produced an error: missing value where TRUE/FALSE needed",0.1
"Environment3",52,"MAE",1.07804787310416,0.261482751678978,0.698919567827131,0.534526838840396,0.993469896426855,0.262428259531331,0.738201455036376,0.538625084347761,44,0.357321110363777,0.293192894451539,0.222949103820179,FALSE,NA,0.1
"Environment3",52,"NBINOM",1.96455054260325,1.67452740672431,0.710540216086435,-0.545770318423962,1.68855213892082,1.36691182293131,0.72462461561539,-0.332826151770469,0,0.165687691111189,0.127217914951106,0.19278215699102,FALSE,NA,0.1
"Environment1",53,"GLM",1.18748097919365,0.125115497060091,0.640240096038415,0.476918599430329,0.956953114192363,0.138080370005536,0.768665716642916,-0.342728884137205,41,1.90463672763676,0.0877468226757685,1.79876524696634e-104,FALSE,NA,2
"Environment1",53,"POISSON",NA,NA,NA,NA,NA,NA,NA,NA,NA,NA,NA,NA,TRUE,"[33m![39m in callr subprocess.
[1mCaused by error[22m in `checkForRemoteErrors(val)`:
[33m![39m one node produced an error: missing value where TRUE/FALSE needed",2
"Environment1",53,"MAE",1.20353505859319,0.197278122076207,0.625738295318127,0.462679456488018,0.911186606246889,0.25443397536164,0.788151203780095,0.616455499573567,41,1.70129815114755,0.179832313684587,3.06563063698026e-21,FALSE,NA,2
"Environment1",53,"MSE",1.20994816711138,0.177286558092963,0.625930372148859,0.4569379107664,0.88682444736551,0.261318250838335,0.801683042076052,0.636690780296748,41,1.76411125140754,0.161318969175424,7.79341160601638e-28,FALSE,NA,2
"Environment1",53,"GAUSSIAN",1.19659394236208,0.177491738449833,0.633613445378151,0.468859333832814,0.909519898889145,0.230205162241507,0.784983124578115,0.617857345880141,41,1.70349778208323,0.158496497138194,6.06540430552077e-27,FALSE,NA,2
"Environment1",53,"NBINOM",NA,NA,NA,NA,NA,NA,NA,NA,NA,NA,NA,NA,FALSE,NA,2
"Environment2",53,"GLM",1.18748097919365,0.125115497060091,0.640240096038415,0.476918599430329,0.956953114192363,0.138080370005536,0.768665716642916,-0.342728884137205,41,0.289285924017025,0.149708303245911,0.0533187232668545,FALSE,NA,0.4
"Environment2",53,"POISSON",NA,NA,NA,NA,NA,NA,NA,NA,NA,NA,NA,NA,TRUE,"[33m![39m in callr subprocess.
[1mCaused by error[22m in `checkForRemoteErrors(val)`:
[33m![39m one node produced an error: missing value where TRUE/FALSE needed",0.4
"Environment2",53,"MSE",1.20994816711138,0.177286558092963,0.625930372148859,0.4569379107664,0.88682444736551,0.261318250838335,0.801683042076052,0.636690780296748,41,0.287805187880547,0.143039041771174,0.0442120994211447,FALSE,NA,0.4
"Environment2",53,"GAUSSIAN",1.19659394236208,0.177491738449833,0.633613445378151,0.468859333832814,0.909519898889145,0.230205162241507,0.784983124578115,0.617857345880141,41,0.231247847988459,0.16777318855063,0.168099532034618,FALSE,NA,0.4
"Environment2",53,"MAE",1.20353505859319,0.197278122076207,0.625738295318127,0.462679456488018,0.911186606246889,0.25443397536164,0.788151203780095,0.616455499573567,41,0.303430172720968,0.157413496467768,0.0539049645737015,FALSE,NA,0.4
"Environment2",53,"NBINOM",NA,NA,NA,NA,NA,NA,NA,NA,NA,NA,NA,NA,FALSE,NA,0.4
"Environment3",53,"GLM",1.18748097919365,0.125115497060091,0.640240096038415,0.476918599430329,0.956953114192363,0.138080370005536,0.768665716642916,-0.342728884137205,41,-0.0323867731138764,0.135303190327012,0.810822997193171,FALSE,NA,0.1
"Environment3",53,"MSE",1.20994816711138,0.177286558092963,0.625930372148859,0.4569379107664,0.88682444736551,0.261318250838335,0.801683042076052,0.636690780296748,41,0.0705033362491722,0.143517574192521,0.623248023092813,FALSE,NA,0.1
"Environment3",53,"GAUSSIAN",1.19659394236208,0.177491738449833,0.633613445378151,0.468859333832814,0.909519898889145,0.230205162241507,0.784983124578115,0.617857345880141,41,-0.0178252062724514,0.121474043248561,0.883336561526054,FALSE,NA,0.1
"Environment3",53,"POISSON",NA,NA,NA,NA,NA,NA,NA,NA,NA,NA,NA,NA,TRUE,"[33m![39m in callr subprocess.
[1mCaused by error[22m in `checkForRemoteErrors(val)`:
[33m![39m one node produced an error: missing value where TRUE/FALSE needed",0.1
"Environment3",53,"MAE",1.20353505859319,0.197278122076207,0.625738295318127,0.462679456488018,0.911186606246889,0.25443397536164,0.788151203780095,0.616455499573567,41,-0.110319039104739,0.151436650175773,0.466317915367845,FALSE,NA,0.1
"Environment3",53,"NBINOM",NA,NA,NA,NA,NA,NA,NA,NA,NA,NA,NA,NA,FALSE,NA,0.1
"Environment1",54,"GLM",0.921983327625736,0.146255845610441,0.705738295318127,0.424763944308967,0.962797415196101,0.15320760254798,0.777937448436211,-0.477217348853155,36,1.93678772336414,0.123772333026351,3.42901113081931e-55,FALSE,NA,2
"Environment1",54,"POISSON",NA,NA,NA,NA,NA,NA,NA,NA,NA,NA,NA,NA,TRUE,"[33m![39m in callr subprocess.
[1mCaused by error[22m in `checkForRemoteErrors(val)`:
[33m![39m one node produced an error: missing value where TRUE/FALSE needed",2
"Environment1",54,"MAE",1.00082579894394,0.276788802476657,0.680288115246098,0.322175990418422,0.872991282764333,0.315087191105365,0.821090527263182,0.662879597801863,35,1.89328119985387,0.182510436201977,3.2713966663389e-25,FALSE,NA,2
"Environment1",54,"MSE",1.03503514513663,0.369424489350731,0.666170468187275,0.275046488574574,0.847143654417364,0.423184004170671,0.82577514437861,0.682547065225561,34,1.88715590739273,0.18135383028706,2.32961337447165e-25,FALSE,NA,2
"Environment1",54,"GAUSSIAN",1.05660520734915,0.372921843909448,0.660984393757503,0.244515675253497,0.842887236443382,0.398267922467718,0.828985224630616,0.685729094226806,34,1.93463569836924,0.152028122715995,4.26668835346888e-37,FALSE,NA,2
"Environment1",54,"NBINOM",1.40520976752889,1.49849279633675,0.702280912364946,-0.336233280204445,1.64306097623768,1.49794840890132,0.804030600765019,-0.194187673944564,0,0.933325863340817,0.335624292385114,0.00542142690944674,FALSE,NA,2
"Environment2",54,"GLM",0.921983327625736,0.146255845610441,0.705738295318127,0.424763944308967,0.962797415196101,0.15320760254798,0.777937448436211,-0.477217348853155,36,0.529662788086187,0.110932558640164,1.80030972767264e-06,FALSE,NA,0.4
"Environment2",54,"POISSON",NA,NA,NA,NA,NA,NA,NA,NA,NA,NA,NA,NA,TRUE,"[33m![39m in callr subprocess.
[1mCaused by error[22m in `checkForRemoteErrors(val)`:
[33m![39m one node produced an error: missing value where TRUE/FALSE needed",0.4
"Environment2",54,"MSE",1.03503514513663,0.369424489350731,0.666170468187275,0.275046488574574,0.847143654417364,0.423184004170671,0.82577514437861,0.682547065225561,34,0.725140202685332,0.196494075219078,0.000223908561775609,FALSE,NA,0.4
"Environment2",54,"GAUSSIAN",1.05660520734915,0.372921843909448,0.660984393757503,0.244515675253497,0.842887236443382,0.398267922467718,0.828985224630616,0.685729094226806,34,0.664218221120742,0.155976798222931,2.05856185916451e-05,FALSE,NA,0.4
"Environment2",54,"MAE",1.00082579894394,0.276788802476657,0.680288115246098,0.322175990418422,0.872991282764333,0.315087191105365,0.821090527263182,0.662879597801863,35,0.540757555936527,0.217919766883383,0.0130848139069632,FALSE,NA,0.4
"Environment2",54,"NBINOM",1.40520976752889,1.49849279633675,0.702280912364946,-0.336233280204445,1.64306097623768,1.49794840890132,0.804030600765019,-0.194187673944564,0,0.314688058699729,0.20654306547014,0.127609819946889,FALSE,NA,0.4
"Environment3",54,"GLM",0.921983327625736,0.146255845610441,0.705738295318127,0.424763944308967,0.962797415196101,0.15320760254798,0.777937448436211,-0.477217348853155,36,0.0278095951860939,0.11449474754337,0.808090842838318,FALSE,NA,0.1
"Environment3",54,"MSE",1.03503514513663,0.369424489350731,0.666170468187275,0.275046488574574,0.847143654417364,0.423184004170671,0.82577514437861,0.682547065225561,34,-0.100821072516381,0.126558388841474,0.425661986475657,FALSE,NA,0.1
"Environment3",54,"GAUSSIAN",1.05660520734915,0.372921843909448,0.660984393757503,0.244515675253497,0.842887236443382,0.398267922467718,0.828985224630616,0.685729094226806,34,-0.111052929339945,0.246227392122342,0.651976741584244,FALSE,NA,0.1
"Environment3",54,"POISSON",NA,NA,NA,NA,NA,NA,NA,NA,NA,NA,NA,NA,TRUE,"[33m![39m in callr subprocess.
[1mCaused by error[22m in `checkForRemoteErrors(val)`:
[33m![39m one node produced an error: missing value where TRUE/FALSE needed",0.1
"Environment3",54,"MAE",1.00082579894394,0.276788802476657,0.680288115246098,0.322175990418422,0.872991282764333,0.315087191105365,0.821090527263182,0.662879597801863,35,-0.100398680618848,0.183621795416749,0.584537536084648,FALSE,NA,0.1
"Environment3",54,"NBINOM",1.40520976752889,1.49849279633675,0.702280912364946,-0.336233280204445,1.64306097623768,1.49794840890132,0.804030600765019,-0.194187673944564,0,-0.000141968483946357,0.159328755998869,0.99928905208754,FALSE,NA,0.1
"Environment1",55,"GLM",1.14826940837732,0.125036745309797,0.683457382953181,0.458060561315782,0.945348768711777,0.128613234744205,0.758669466736669,-0.979289015738268,39,1.99264054826588,0.103937473230724,6.39966843446335e-82,FALSE,NA,2
"Environment1",55,"POISSON",NA,NA,NA,NA,NA,NA,NA,NA,NA,NA,NA,NA,FALSE,NA,2
"Environment1",55,"MAE",1.15653474262817,0.287183035813407,0.695078031212485,0.450230636059389,0.917895179764636,0.233417307482156,0.768269706742669,0.601439283680091,39,1.84842485791678,0.207380830490802,4.95846617125305e-19,FALSE,NA,2
"Environment1",55,"MSE",1.14053273572622,0.249429334587877,0.687394957983193,0.46533878905992,0.894206734662811,0.213495442340192,0.7806390159754,0.621745428832323,39,1.86218715934735,0.111465541663773,1.17745566980189e-62,FALSE,NA,2
"Environment1",55,"GAUSSIAN",1.14401230771078,0.228833499862254,0.697094837935174,0.462071491273581,0.904254491374286,0.20002568334291,0.778256956423911,0.613197153494272,39,1.85308271374949,0.102587943825516,6.19380505383825e-73,FALSE,NA,2
"Environment1",55,"NBINOM",1.8540781674206,1.49178017312028,0.680864345738295,-0.412925449221655,1.73575122508546,1.484317646376,0.763090077251931,-0.425224479776821,0,0.658572729770678,0.267198905959761,0.013711714611774,FALSE,NA,2
"Environment2",55,"GLM",1.14826940837732,0.125036745309797,0.683457382953181,0.458060561315782,0.945348768711777,0.128613234744205,0.758669466736669,-0.979289015738268,39,0.320288376694819,0.109137017800949,0.00333831172243773,FALSE,NA,0.4
"Environment2",55,"POISSON",NA,NA,NA,NA,NA,NA,NA,NA,NA,NA,NA,NA,FALSE,NA,0.4
"Environment2",55,"MSE",1.14053273572622,0.249429334587877,0.687394957983193,0.46533878905992,0.894206734662811,0.213495442340192,0.7806390159754,0.621745428832323,39,0.326386267189868,0.155632384279052,0.0359792684185544,FALSE,NA,0.4
"Environment2",55,"GAUSSIAN",1.14401230771078,0.228833499862254,0.697094837935174,0.462071491273581,0.904254491374286,0.20002568334291,0.778256956423911,0.613197153494272,39,0.355499590996886,0.154492968129487,0.0213875076166406,FALSE,NA,0.4
"Environment2",55,"MAE",1.15653474262817,0.287183035813407,0.695078031212485,0.450230636059389,0.917895179764636,0.233417307482156,0.768269706742669,0.601439283680091,39,0.21978061544893,0.189889141671634,0.247102688239726,FALSE,NA,0.4
"Environment2",55,"NBINOM",1.8540781674206,1.49178017312028,0.680864345738295,-0.412925449221655,1.73575122508546,1.484317646376,0.763090077251931,-0.425224479776821,0,0.112807083321092,0.0998416501322279,0.258535235863188,FALSE,NA,0.4
"Environment3",55,"GLM",1.14826940837732,0.125036745309797,0.683457382953181,0.458060561315782,0.945348768711777,0.128613234744205,0.758669466736669,-0.979289015738268,39,0.302335322704011,0.145826742466815,0.0381490008902154,FALSE,NA,0.1
"Environment3",55,"MSE",1.14053273572622,0.249429334587877,0.687394957983193,0.46533878905992,0.894206734662811,0.213495442340192,0.7806390159754,0.621745428832323,39,0.352362519262562,0.177713527059092,0.0473947179192371,FALSE,NA,0.1
"Environment3",55,"GAUSSIAN",1.14401230771078,0.228833499862254,0.697094837935174,0.462071491273581,0.904254491374286,0.20002568334291,0.778256956423911,0.613197153494272,39,0.289212189638552,0.135816633463121,0.0332185935881264,FALSE,NA,0.1
"Environment3",55,"POISSON",NA,NA,NA,NA,NA,NA,NA,NA,NA,NA,NA,NA,FALSE,NA,0.1
"Environment3",55,"MAE",1.15653474262817,0.287183035813407,0.695078031212485,0.450230636059389,0.917895179764636,0.233417307482156,0.768269706742669,0.601439283680091,39,0.332124917264206,0.171506924255775,0.0528052380416239,FALSE,NA,0.1
"Environment3",55,"NBINOM",1.8540781674206,1.49178017312028,0.680864345738295,-0.412925449221655,1.73575122508546,1.484317646376,0.763090077251931,-0.425224479776821,0,0.120033920476074,0.12667943174651,0.343363314891545,FALSE,NA,0.1
"Environment1",56,"GLM",1.00621578501381,0.106814876581556,0.699111644657863,0.499909155985169,0.964713994470471,0.106448976904531,0.759897997449936,-0.724664979719133,41,1.97400154678776,0.098398612789394,1.60907734436272e-89,FALSE,NA,2
"Environment1",56,"POISSON",NA,NA,NA,NA,NA,NA,NA,NA,NA,NA,NA,NA,TRUE,"[33m![39m in callr subprocess.
[1mCaused by error[22m in `checkForRemoteErrors(val)`:
[33m![39m one node produced an error: missing value where TRUE/FALSE needed",2
"Environment1",56,"MAE",1.04754244746736,0.254274789318317,0.709003601440576,0.457986740146355,0.935620527887113,0.212667410664145,0.769633240831021,0.584306655828426,42,1.78901151378453,0.19365682212437,2.51028893891538e-20,FALSE,NA,2
"Environment1",56,"MSE",1.10359536752613,0.304691388585704,0.671836734693878,0.398429697004839,0.883056068525413,0.259466739434989,0.792540313507838,0.629703040490352,41,1.82632569019886,0.152104002407057,3.26139322873699e-33,FALSE,NA,2
"Environment1",56,"GAUSSIAN",1.09898006045365,0.257151029669266,0.673469387755102,0.403450787428526,0.903831647246369,0.243451837520112,0.787459686492162,0.612074190561681,42,1.8655284631399,0.10878052562712,6.34272803902223e-66,FALSE,NA,2
"Environment1",56,"NBINOM",1.94497303045263,1.85944700721872,0.631020408163265,-0.868503081879572,1.73835592318086,1.48900641703589,0.761692042301058,-0.434996991821182,0,0.990849842165175,0.501704483270277,0.0482718831215485,FALSE,NA,2
"Environment2",56,"GLM",1.00621578501381,0.106814876581556,0.699111644657863,0.499909155985169,0.964713994470471,0.106448976904531,0.759897997449936,-0.724664979719133,41,0.242833964886596,0.0822088482182397,0.00313819702787796,FALSE,NA,0.4
"Environment2",56,"POISSON",NA,NA,NA,NA,NA,NA,NA,NA,NA,NA,NA,NA,TRUE,"[33m![39m in callr subprocess.
[1mCaused by error[22m in `checkForRemoteErrors(val)`:
[33m![39m one node produced an error: missing value where TRUE/FALSE needed",0.4
"Environment2",56,"MSE",1.10359536752613,0.304691388585704,0.671836734693878,0.398429697004839,0.883056068525413,0.259466739434989,0.792540313507838,0.629703040490352,41,0.248331160863687,0.107596774330183,0.0210002707992739,FALSE,NA,0.4
"Environment2",56,"GAUSSIAN",1.09898006045365,0.257151029669266,0.673469387755102,0.403450787428526,0.903831647246369,0.243451837520112,0.787459686492162,0.612074190561681,42,0.184142544227914,0.150093625490913,0.219878523820496,FALSE,NA,0.4
"Environment2",56,"MAE",1.04754244746736,0.254274789318317,0.709003601440576,0.457986740146355,0.935620527887113,0.212667410664145,0.769633240831021,0.584306655828426,42,0.165941668099171,0.124553560233546,0.182764370381816,FALSE,NA,0.4
"Environment2",56,"NBINOM",1.94497303045263,1.85944700721872,0.631020408163265,-0.868503081879572,1.73835592318086,1.48900641703589,0.761692042301058,-0.434996991821182,0,-0.0209659122155561,0.136165922134217,0.877630812127103,FALSE,NA,0.4
"Environment3",56,"GLM",1.00621578501381,0.106814876581556,0.699111644657863,0.499909155985169,0.964713994470471,0.106448976904531,0.759897997449936,-0.724664979719133,41,0.03712478356813,0.103417753228916,0.719610929926061,FALSE,NA,0.1
"Environment3",56,"MSE",1.10359536752613,0.304691388585704,0.671836734693878,0.398429697004839,0.883056068525413,0.259466739434989,0.792540313507838,0.629703040490352,41,0.224667003839681,0.194829245557173,0.248849539584359,FALSE,NA,0.1
"Environment3",56,"GAUSSIAN",1.09898006045365,0.257151029669266,0.673469387755102,0.403450787428526,0.903831647246369,0.243451837520112,0.787459686492162,0.612074190561681,42,0.0624541234621356,0.123142508713521,0.612035899773358,FALSE,NA,0.1
"Environment3",56,"POISSON",NA,NA,NA,NA,NA,NA,NA,NA,NA,NA,NA,NA,TRUE,"[33m![39m in callr subprocess.
[1mCaused by error[22m in `checkForRemoteErrors(val)`:
[33m![39m one node produced an error: missing value where TRUE/FALSE needed",0.1
"Environment3",56,"MAE",1.04754244746736,0.254274789318317,0.709003601440576,0.457986740146355,0.935620527887113,0.212667410664145,0.769633240831021,0.584306655828426,42,0.0544715640913892,0.158233673315417,0.73066007910765,FALSE,NA,0.1
"Environment3",56,"NBINOM",1.94497303045263,1.85944700721872,0.631020408163265,-0.868503081879572,1.73835592318086,1.48900641703589,0.761692042301058,-0.434996991821182,0,0.000964270828410174,0.158688828914439,0.995151693556487,FALSE,NA,0.1
"Environment1",57,"GLM",1.15885156454003,0.205698151940418,0.676734693877551,0.429780474545535,0.886856168219932,0.223695582078081,0.833965349133728,-0.438321081179886,41,2.04680881484953,0.142148991097522,5.24682642043193e-47,FALSE,NA,2
"Environment1",57,"POISSON",NA,NA,NA,NA,NA,NA,NA,NA,NA,NA,NA,NA,TRUE,"[33m![39m in callr subprocess.
[1mCaused by error[22m in `checkForRemoteErrors(val)`:
[33m![39m one node produced an error: missing value where TRUE/FALSE needed",2
"Environment1",57,"MAE",1.20384782694584,0.294192576469693,0.634285714285714,0.384639454171067,0.832011279518048,0.326852162907248,0.8579194479862,0.729020017593262,40,1.84786519884318,0.129218607627034,2.17859999316744e-46,FALSE,NA,2
"Environment1",57,"MSE",1.17570966048037,0.312944926740092,0.645234093637455,0.413069558760769,0.796967625059345,0.348231290466857,0.868008700217506,0.751366215039434,37,1.92026783047826,0.151002825064046,4.77195441063739e-37,FALSE,NA,2
"Environment1",57,"GAUSSIAN",1.18818053594965,0.311651947213128,0.648691476590636,0.400552257536039,0.804826517015524,0.343655442186132,0.864810620265507,0.746438486203163,39,1.89596092160232,0.143494137352276,7.40080999297936e-40,FALSE,NA,2
"Environment1",57,"NBINOM",1.65921978433411,1.50862593733059,0.599903961584634,-0.168945589204863,1.87615789993452,1.66392764839213,0.836243906097653,-0.377899539333316,0,0.639258569103207,0.182807145526455,0.000470695713289695,FALSE,NA,2
"Environment2",57,"GLM",1.15885156454003,0.205698151940418,0.676734693877551,0.429780474545535,0.886856168219932,0.223695582078081,0.833965349133728,-0.438321081179886,41,0.630461965207916,0.111063762109803,1.37416948084258e-08,FALSE,NA,0.4
"Environment2",57,"POISSON",NA,NA,NA,NA,NA,NA,NA,NA,NA,NA,NA,NA,TRUE,"[33m![39m in callr subprocess.
[1mCaused by error[22m in `checkForRemoteErrors(val)`:
[33m![39m one node produced an error: missing value where TRUE/FALSE needed",0.4
"Environment2",57,"MSE",1.17570966048037,0.312944926740092,0.645234093637455,0.413069558760769,0.796967625059345,0.348231290466857,0.868008700217506,0.751366215039434,37,0.501989891992083,0.115477218315416,1.37955453267674e-05,FALSE,NA,0.4
"Environment2",57,"GAUSSIAN",1.18818053594965,0.311651947213128,0.648691476590636,0.400552257536039,0.804826517015524,0.343655442186132,0.864810620265507,0.746438486203163,39,0.525450306856343,0.167253686049327,0.0016800639954823,FALSE,NA,0.4
"Environment2",57,"MAE",1.20384782694584,0.294192576469693,0.634285714285714,0.384639454171067,0.832011279518048,0.326852162907248,0.8579194479862,0.729020017593262,40,0.587663344418193,0.170746987802498,0.000578027957630493,FALSE,NA,0.4
"Environment2",57,"NBINOM",1.65921978433411,1.50862593733059,0.599903961584634,-0.168945589204863,1.87615789993452,1.66392764839213,0.836243906097653,-0.377899539333316,0,0.151270859647125,0.122378719590238,0.216425876445656,FALSE,NA,0.4
"Environment3",57,"GLM",1.15885156454003,0.205698151940418,0.676734693877551,0.429780474545535,0.886856168219932,0.223695582078081,0.833965349133728,-0.438321081179886,41,-0.176300470647493,0.112365255863294,0.116649216002773,FALSE,NA,0.1
"Environment3",57,"MSE",1.17570966048037,0.312944926740092,0.645234093637455,0.413069558760769,0.796967625059345,0.348231290466857,0.868008700217506,0.751366215039434,37,-0.150732731138953,0.185244044714443,0.415817910776801,FALSE,NA,0.1
"Environment3",57,"GAUSSIAN",1.18818053594965,0.311651947213128,0.648691476590636,0.400552257536039,0.804826517015524,0.343655442186132,0.864810620265507,0.746438486203163,39,-0.135517013211247,0.135246506252188,0.316343543043092,FALSE,NA,0.1
"Environment3",57,"POISSON",NA,NA,NA,NA,NA,NA,NA,NA,NA,NA,NA,NA,TRUE,"[33m![39m in callr subprocess.
[1mCaused by error[22m in `checkForRemoteErrors(val)`:
[33m![39m one node produced an error: missing value where TRUE/FALSE needed",0.1
"Environment3",57,"MAE",1.20384782694584,0.294192576469693,0.634285714285714,0.384639454171067,0.832011279518048,0.326852162907248,0.8579194479862,0.729020017593262,40,-0.157293707802408,0.091468437695791,0.0854960638854401,FALSE,NA,0.1
"Environment3",57,"NBINOM",1.65921978433411,1.50862593733059,0.599903961584634,-0.168945589204863,1.87615789993452,1.66392764839213,0.836243906097653,-0.377899539333316,0,-0.118683858779845,0.0852331039548341,0.163782539673995,FALSE,NA,0.1
"Environment1",58,"GLM",1.06658592041894,0.195154312433399,0.759903961584634,0.566863411987273,0.984812265643708,0.18035918681379,0.718130953273832,-0.670807572848129,36,1.87054205488802,0.142554415575164,2.47649683806863e-39,FALSE,NA,2
"Environment1",58,"POISSON",NA,NA,NA,NA,NA,NA,NA,NA,NA,NA,NA,NA,TRUE,"[33m![39m in callr subprocess.
[1mCaused by error[22m in `checkForRemoteErrors(val)`:
[33m![39m one node produced an error: missing value where TRUE/FALSE needed",2
"Environment1",58,"MAE",1.07456168774238,0.31220460547846,0.745402160864346,0.560361332683441,0.958737300904379,0.248771428274008,0.741417535438386,0.539788018247816,34,1.7571236740211,0.250153908810834,2.15341920033866e-12,FALSE,NA,2
"Environment1",58,"MSE",1.0841304359133,0.352885100419406,0.755966386554622,0.552496689742658,0.927500237108299,0.259663278988076,0.752886822170554,0.569288238640161,37,1.81675545108784,0.223010833195545,3.74640711734451e-16,FALSE,NA,2
"Environment1",58,"GAUSSIAN",1.04611862070058,0.313173194781423,0.768163265306122,0.583327303411578,0.942427776692911,0.241652013521494,0.743859596489912,0.555312595845471,37,1.81381919027679,0.194748092178266,1.23491572179285e-20,FALSE,NA,2
"Environment1",58,"NBINOM",1.72936379933901,1.40404275016266,0.726002400960384,-0.138691045897085,1.63770040094616,1.43934403892291,0.721171529288232,-0.342850246415896,0,0.468367771545088,0.337124069518627,0.164740370214385,FALSE,NA,2
"Environment2",58,"GLM",1.06658592041894,0.195154312433399,0.759903961584634,0.566863411987273,0.984812265643708,0.18035918681379,0.718130953273832,-0.670807572848129,36,0.138501480527384,0.0915871152875456,0.130473425825652,FALSE,NA,0.4
"Environment2",58,"POISSON",NA,NA,NA,NA,NA,NA,NA,NA,NA,NA,NA,NA,TRUE,"[33m![39m in callr subprocess.
[1mCaused by error[22m in `checkForRemoteErrors(val)`:
[33m![39m one node produced an error: missing value where TRUE/FALSE needed",0.4
"Environment2",58,"MSE",1.0841304359133,0.352885100419406,0.755966386554622,0.552496689742658,0.927500237108299,0.259663278988076,0.752886822170554,0.569288238640161,37,0.137355547706997,0.167952297912568,0.413457257843575,FALSE,NA,0.4
"Environment2",58,"GAUSSIAN",1.04611862070058,0.313173194781423,0.768163265306122,0.583327303411578,0.942427776692911,0.241652013521494,0.743859596489912,0.555312595845471,37,0.172783044743777,0.172296787093485,0.315946650911302,FALSE,NA,0.4
"Environment2",58,"MAE",1.07456168774238,0.31220460547846,0.745402160864346,0.560361332683441,0.958737300904379,0.248771428274008,0.741417535438386,0.539788018247816,34,0.191647716444397,0.161587151543664,0.235609213054106,FALSE,NA,0.4
"Environment2",58,"NBINOM",1.72936379933901,1.40404275016266,0.726002400960384,-0.138691045897085,1.63770040094616,1.43934403892291,0.721171529288232,-0.342850246415896,0,0.00524929956148224,0.0553521847897599,0.924446243236428,FALSE,NA,0.4
"Environment3",58,"GLM",1.06658592041894,0.195154312433399,0.759903961584634,0.566863411987273,0.984812265643708,0.18035918681379,0.718130953273832,-0.670807572848129,36,0.0172381504705351,0.106574474379474,0.871504729373155,FALSE,NA,0.1
"Environment3",58,"MSE",1.0841304359133,0.352885100419406,0.755966386554622,0.552496689742658,0.927500237108299,0.259663278988076,0.752886822170554,0.569288238640161,37,-0.0125169350657015,0.177365003614082,0.94373870059902,FALSE,NA,0.1
"Environment3",58,"GAUSSIAN",1.04611862070058,0.313173194781423,0.768163265306122,0.583327303411578,0.942427776692911,0.241652013521494,0.743859596489912,0.555312595845471,37,0.0189927165234403,0.132451457727571,0.885979187103344,FALSE,NA,0.1
"Environment3",58,"POISSON",NA,NA,NA,NA,NA,NA,NA,NA,NA,NA,NA,NA,TRUE,"[33m![39m in callr subprocess.
[1mCaused by error[22m in `checkForRemoteErrors(val)`:
[33m![39m one node produced an error: missing value where TRUE/FALSE needed",0.1
"Environment3",58,"MAE",1.07456168774238,0.31220460547846,0.745402160864346,0.560361332683441,0.958737300904379,0.248771428274008,0.741417535438386,0.539788018247816,34,0.00238029430363349,0.138640534262209,0.986301936982197,FALSE,NA,0.1
"Environment3",58,"NBINOM",1.72936379933901,1.40404275016266,0.726002400960384,-0.138691045897085,1.63770040094616,1.43934403892291,0.721171529288232,-0.342850246415896,0,-0.0262348900794088,0.0695677673632569,0.706089837579589,FALSE,NA,0.1
"Environment1",59,"GLM",0.974737211994523,0.134831221265721,0.826362545018007,0.633178465777339,0.862485769544213,0.109015309875298,0.817652441311033,-0.996307954063799,31,2.11196172160884,0.0846278463729014,1.84389182212648e-137,FALSE,NA,2
"Environment1",59,"POISSON",NA,NA,NA,NA,NA,NA,NA,NA,NA,NA,NA,NA,TRUE,"[33m![39m in callr subprocess.
[1mCaused by error[22m in `checkForRemoteErrors(val)`:
[33m![39m one node produced an error: missing value where TRUE/FALSE needed",2
"Environment1",59,"MAE",1.04527656786427,0.319640735825236,0.797743097238896,0.578165437474126,0.824359413996951,0.273913203392275,0.832676816920423,0.691443552581476,31,2.06482727044448,0.136228415698624,6.80098862017457e-52,FALSE,NA,2
"Environment1",59,"MSE",1.04516829259722,0.327395649413644,0.806962785114046,0.578252824651308,0.794425857114614,0.265313186079225,0.842772069301733,0.713444885437279,32,2.10642463134602,0.181571269970738,4.06863146886083e-31,FALSE,NA,2
"Environment1",59,"GAUSSIAN",1.0357792322834,0.284276842490112,0.802545018007203,0.58579615258305,0.804726009514645,0.244871406673712,0.84022350558764,0.70596603614445,32,2.03460224867612,0.156235110038246,9.09044491335656e-39,FALSE,NA,2
"Environment1",59,"NBINOM",2.00734694942227,1.63691422096442,0.812629051620648,-0.555695570839854,1.73168868671282,1.50083697809069,0.824165604140104,-0.361573409125587,0,0.692943906674656,0.272217237453607,0.0109104224418977,FALSE,NA,2
"Environment2",59,"GLM",0.974737211994523,0.134831221265721,0.826362545018007,0.633178465777339,0.862485769544213,0.109015309875298,0.817652441311033,-0.996307954063799,31,0.570112905812025,0.0897064391965952,2.07996514359441e-10,FALSE,NA,0.4
"Environment2",59,"POISSON",NA,NA,NA,NA,NA,NA,NA,NA,NA,NA,NA,NA,TRUE,"[33m![39m in callr subprocess.
[1mCaused by error[22m in `checkForRemoteErrors(val)`:
[33m![39m one node produced an error: missing value where TRUE/FALSE needed",0.4
"Environment2",59,"MSE",1.04516829259722,0.327395649413644,0.806962785114046,0.578252824651308,0.794425857114614,0.265313186079225,0.842772069301733,0.713444885437279,32,0.596210127787454,0.140332637697978,2.15159313198861e-05,FALSE,NA,0.4
"Environment2",59,"GAUSSIAN",1.0357792322834,0.284276842490112,0.802545018007203,0.58579615258305,0.804726009514645,0.244871406673712,0.84022350558764,0.70596603614445,32,0.618310858692734,0.166274303922303,0.000200314572627564,FALSE,NA,0.4
"Environment2",59,"MAE",1.04527656786427,0.319640735825236,0.797743097238896,0.578165437474126,0.824359413996951,0.273913203392275,0.832676816920423,0.691443552581476,31,0.72800363352627,0.197631538570221,0.000229926027498031,FALSE,NA,0.4
"Environment2",59,"NBINOM",2.00734694942227,1.63691422096442,0.812629051620648,-0.555695570839854,1.73168868671282,1.50083697809069,0.824165604140104,-0.361573409125587,0,0.272849343066712,0.129029217428179,0.0344613036334246,FALSE,NA,0.4
"Environment3",59,"GLM",0.974737211994523,0.134831221265721,0.826362545018007,0.633178465777339,0.862485769544213,0.109015309875298,0.817652441311033,-0.996307954063799,31,0.0759978521825498,0.111999114089115,0.497418203836903,FALSE,NA,0.1
"Environment3",59,"MSE",1.04516829259722,0.327395649413644,0.806962785114046,0.578252824651308,0.794425857114614,0.265313186079225,0.842772069301733,0.713444885437279,32,0.0923189985679119,0.129242016621814,0.47503487058339,FALSE,NA,0.1
"Environment3",59,"GAUSSIAN",1.0357792322834,0.284276842490112,0.802545018007203,0.58579615258305,0.804726009514645,0.244871406673712,0.84022350558764,0.70596603614445,32,0.108958868299247,0.126879895981466,0.390475163364354,FALSE,NA,0.1
"Environment3",59,"POISSON",NA,NA,NA,NA,NA,NA,NA,NA,NA,NA,NA,NA,TRUE,"[33m![39m in callr subprocess.
[1mCaused by error[22m in `checkForRemoteErrors(val)`:
[33m![39m one node produced an error: missing value where TRUE/FALSE needed",0.1
"Environment3",59,"MAE",1.04527656786427,0.319640735825236,0.797743097238896,0.578165437474126,0.824359413996951,0.273913203392275,0.832676816920423,0.691443552581476,31,0.141727677177099,0.16551670156103,0.391846142057491,FALSE,NA,0.1
"Environment3",59,"NBINOM",2.00734694942227,1.63691422096442,0.812629051620648,-0.555695570839854,1.73168868671282,1.50083697809069,0.824165604140104,-0.361573409125587,0,0.0917785014954742,0.0756069222674062,0.22478965818717,FALSE,NA,0.1
"Environment1",60,"GLM",1.12906253177153,0.100783070157237,0.734933973589436,0.523894498248698,1.05544311915646,0.09357594348859,0.717113927848196,-0.490256458519349,44,1.89541793649538,0.163338383056368,3.92152248674344e-31,FALSE,NA,2
"Environment1",60,"POISSON",NA,NA,NA,NA,NA,NA,NA,NA,NA,NA,NA,NA,TRUE,"[33m![39m in callr subprocess.
[1mCaused by error[22m in `checkForRemoteErrors(val)`:
[33m![39m one node produced an error: missing value where TRUE/FALSE needed",2
"Environment1",60,"MAE",1.13406734639638,0.234415087344308,0.723889555822329,0.519664261403974,1.02886027129233,0.258375126352956,0.738067951698793,0.537855797052153,42,1.7279003650751,0.128845872731172,5.24135865441756e-41,FALSE,NA,2
"Environment1",60,"MSE",1.15715793125691,0.252476980050133,0.701896758703481,0.499905035139579,1.00224188450191,0.233723489287763,0.74774319357984,0.561459395254344,42,1.80564982213918,0.153871740744996,8.45536898086742e-32,FALSE,NA,2
"Environment1",60,"GAUSSIAN",1.14224792401682,0.225460683874614,0.710348139255702,0.512709478294334,1.0127684627602,0.19264424591037,0.743001575039376,0.552199006504614,42,1.68928964558197,0.164573248280727,1.01670789443008e-24,FALSE,NA,2
"Environment1",60,"NBINOM",2.01709611261882,1.65302661962954,0.740600240096038,-0.519568890938364,1.80122597871267,1.53408041601188,0.722925073126828,-0.41644957587403,0,0.697998386491139,0.378713273509011,0.0653175135398877,FALSE,NA,2
"Environment2",60,"GLM",1.12906253177153,0.100783070157237,0.734933973589436,0.523894498248698,1.05544311915646,0.09357594348859,0.717113927848196,-0.490256458519349,44,0.259031898400812,0.122246146818544,0.0340957812754361,FALSE,NA,0.4
"Environment2",60,"POISSON",NA,NA,NA,NA,NA,NA,NA,NA,NA,NA,NA,NA,TRUE,"[33m![39m in callr subprocess.
[1mCaused by error[22m in `checkForRemoteErrors(val)`:
[33m![39m one node produced an error: missing value where TRUE/FALSE needed",0.4
"Environment2",60,"MSE",1.15715793125691,0.252476980050133,0.701896758703481,0.499905035139579,1.00224188450191,0.233723489287763,0.74774319357984,0.561459395254344,42,0.316502077545607,0.204162539986232,0.121082580862319,FALSE,NA,0.4
"Environment2",60,"GAUSSIAN",1.14224792401682,0.225460683874614,0.710348139255702,0.512709478294334,1.0127684627602,0.19264424591037,0.743001575039376,0.552199006504614,42,0.279255185992821,0.17747387142137,0.115603024032316,FALSE,NA,0.4
"Environment2",60,"MAE",1.13406734639638,0.234415087344308,0.723889555822329,0.519664261403974,1.02886027129233,0.258375126352956,0.738067951698793,0.537855797052153,42,0.308882031380265,0.225159799017959,0.170114893946542,FALSE,NA,0.4
"Environment2",60,"NBINOM",2.01709611261882,1.65302661962954,0.740600240096038,-0.519568890938364,1.80122597871267,1.53408041601188,0.722925073126828,-0.41644957587403,0,0.142744037297626,0.104152608997559,0.170522229761609,FALSE,NA,0.4
"Environment3",60,"GLM",1.12906253177153,0.100783070157237,0.734933973589436,0.523894498248698,1.05544311915646,0.09357594348859,0.717113927848196,-0.490256458519349,44,0.117783612978006,0.135426772230794,0.384452468459602,FALSE,NA,0.1
"Environment3",60,"MSE",1.15715793125691,0.252476980050133,0.701896758703481,0.499905035139579,1.00224188450191,0.233723489287763,0.74774319357984,0.561459395254344,42,0.17717131696111,0.202692670708669,0.382070101476968,FALSE,NA,0.1
"Environment3",60,"GAUSSIAN",1.14224792401682,0.225460683874614,0.710348139255702,0.512709478294334,1.0127684627602,0.19264424591037,0.743001575039376,0.552199006504614,42,0.152836524647602,0.152130696632566,0.315070414022215,FALSE,NA,0.1
"Environment3",60,"POISSON",NA,NA,NA,NA,NA,NA,NA,NA,NA,NA,NA,NA,TRUE,"[33m![39m in callr subprocess.
[1mCaused by error[22m in `checkForRemoteErrors(val)`:
[33m![39m one node produced an error: missing value where TRUE/FALSE needed",0.1
"Environment3",60,"MAE",1.13406734639638,0.234415087344308,0.723889555822329,0.519664261403974,1.02886027129233,0.258375126352956,0.738067951698793,0.537855797052153,42,0.30016666194256,0.241198479980619,0.213322989905128,FALSE,NA,0.1
"Environment3",60,"NBINOM",2.01709611261882,1.65302661962954,0.740600240096038,-0.519568890938364,1.80122597871267,1.53408041601188,0.722925073126828,-0.41644957587403,0,0.10070078934954,0.0806510847406731,0.211812115899905,FALSE,NA,0.1
"Environment1",61,"GLM",0.989111665503436,0.161318882432205,0.81109243697479,0.643887738798382,1.10442472727703,0.159247291012444,0.72363159078977,-0.503312488730322,39,1.78127013793289,0.0700951354850112,1.84983617883131e-142,FALSE,NA,2
"Environment1",61,"POISSON",NA,NA,NA,NA,NA,NA,NA,NA,NA,NA,NA,NA,FALSE,NA,2
"Environment1",61,"MAE",1.00282429751542,0.284545191200989,0.802160864345738,0.633945310371613,1.06667378400775,0.294270836955622,0.745188629715743,0.544883906558546,39,1.78042813643068,0.181425334289494,9.84347153049293e-23,FALSE,NA,2
"Environment1",61,"MSE",0.985088206761879,0.280289065251537,0.807154861944778,0.646778997486688,1.00815451319486,0.28043455055054,0.774253356333908,0.593450765723765,40,1.86014331151283,0.1890689240327,7.68936640278323e-23,FALSE,NA,2
"Environment1",61,"GAUSSIAN",1.01148775609932,0.301449422370097,0.802448979591837,0.627593254136474,1.05170419070225,0.257946796706724,0.748376209405235,0.557568378846646,38,1.72595033184858,0.153933936779264,3.54932772155852e-29,FALSE,NA,2
"Environment1",61,"NBINOM",2.09483371665401,1.67048681991034,0.798991596638655,-0.597332726923238,1.91777963809944,1.62913137669651,0.729769744243606,-0.471147969002718,0,0.68765490662773,0.275407970429513,0.0125298719718691,FALSE,NA,2
"Environment2",61,"GLM",0.989111665503436,0.161318882432205,0.81109243697479,0.643887738798382,1.10442472727703,0.159247291012444,0.72363159078977,-0.503312488730322,39,0.573309651446339,0.130597148962377,1.13397898222126e-05,FALSE,NA,0.4
"Environment2",61,"POISSON",NA,NA,NA,NA,NA,NA,NA,NA,NA,NA,NA,NA,FALSE,NA,0.4
"Environment2",61,"MSE",0.985088206761879,0.280289065251537,0.807154861944778,0.646778997486688,1.00815451319486,0.28043455055054,0.774253356333908,0.593450765723765,40,0.461869215159473,0.191535716783234,0.0158914118640599,FALSE,NA,0.4
"Environment2",61,"GAUSSIAN",1.01148775609932,0.301449422370097,0.802448979591837,0.627593254136474,1.05170419070225,0.257946796706724,0.748376209405235,0.557568378846646,38,0.54621878528635,0.214002650976468,0.0106985884608553,FALSE,NA,0.4
"Environment2",61,"MAE",1.00282429751542,0.284545191200989,0.802160864345738,0.633945310371613,1.06667378400775,0.294270836955622,0.745188629715743,0.544883906558546,39,0.624427439878753,0.204399319605998,0.00225106349810944,FALSE,NA,0.4
"Environment2",61,"NBINOM",2.09483371665401,1.67048681991034,0.798991596638655,-0.597332726923238,1.91777963809944,1.62913137669651,0.729769744243606,-0.471147969002718,0,0.0220301585461342,0.123917845261717,0.858895475852624,FALSE,NA,0.4
"Environment3",61,"GLM",0.989111665503436,0.161318882432205,0.81109243697479,0.643887738798382,1.10442472727703,0.159247291012444,0.72363159078977,-0.503312488730322,39,0.0994071937848262,0.165284137630258,0.54755219245328,FALSE,NA,0.1
"Environment3",61,"MSE",0.985088206761879,0.280289065251537,0.807154861944778,0.646778997486688,1.00815451319486,0.28043455055054,0.774253356333908,0.593450765723765,40,0.0163762975419813,0.226515108422095,0.942365781348715,FALSE,NA,0.1
"Environment3",61,"GAUSSIAN",1.01148775609932,0.301449422370097,0.802448979591837,0.627593254136474,1.05170419070225,0.257946796706724,0.748376209405235,0.557568378846646,38,-0.0232688610806508,0.142331680650116,0.870137875384229,FALSE,NA,0.1
"Environment3",61,"POISSON",NA,NA,NA,NA,NA,NA,NA,NA,NA,NA,NA,NA,FALSE,NA,0.1
"Environment3",61,"MAE",1.00282429751542,0.284545191200989,0.802160864345738,0.633945310371613,1.06667378400775,0.294270836955622,0.745188629715743,0.544883906558546,39,-0.0262359388070545,0.266663523891705,0.921625846671195,FALSE,NA,0.1
"Environment3",61,"NBINOM",2.09483371665401,1.67048681991034,0.798991596638655,-0.597332726923238,1.91777963809944,1.62913137669651,0.729769744243606,-0.471147969002718,0,0.0333686211817432,0.12950858856663,0.796672667169053,FALSE,NA,0.1
"Environment1",62,"GLM",1.12220821283566,0.138913780604983,0.754717887154862,0.581901521789784,0.981721204492038,0.133982560155882,0.803787594689867,-0.588518067171357,37,2.05237954980304,0.0989937739900637,1.76713678067554e-95,FALSE,NA,2
"Environment1",62,"POISSON",NA,NA,NA,NA,NA,NA,NA,NA,NA,NA,NA,NA,TRUE,"[33m![39m in callr subprocess.
[1mCaused by error[22m in `checkForRemoteErrors(val)`:
[33m![39m one node produced an error: missing value where TRUE/FALSE needed",2
"Environment1",62,"MAE",1.13164909342104,0.216019902791225,0.757983193277311,0.574837197576326,0.965192492989514,0.201366182261681,0.812309307732693,0.642526663763587,37,1.94418169541152,0.141671086539444,7.3730255048234e-43,FALSE,NA,2
"Environment1",62,"MSE",1.14091175048254,0.24831124411171,0.756158463385354,0.567848716299155,0.931095844366983,0.250483123645614,0.825005625140629,0.667336954342818,38,1.99680961018801,0.151557360326985,1.21785968592152e-39,FALSE,NA,2
"Environment1",62,"GAUSSIAN",1.14821990220514,0.213152586878149,0.747899159663865,0.562294663206952,0.941615658710528,0.215165745028908,0.820520513012825,0.659777425364742,37,1.96041023001261,0.12448952188193,7.1346480820599e-56,FALSE,NA,2
"Environment1",62,"NBINOM",1.95729415403224,1.59355270373674,0.744825930372149,-0.271873443034465,1.95599113443845,1.63430044052552,0.80025500637516,-0.468079406718806,0,0.603499853613155,0.287746283535423,0.0359640837275982,FALSE,NA,2
"Environment2",62,"GLM",1.12220821283566,0.138913780604983,0.754717887154862,0.581901521789784,0.981721204492038,0.133982560155882,0.803787594689867,-0.588518067171357,37,0.583306060309996,0.137043891986848,2.07796141910843e-05,FALSE,NA,0.4
"Environment2",62,"POISSON",NA,NA,NA,NA,NA,NA,NA,NA,NA,NA,NA,NA,TRUE,"[33m![39m in callr subprocess.
[1mCaused by error[22m in `checkForRemoteErrors(val)`:
[33m![39m one node produced an error: missing value where TRUE/FALSE needed",0.4
"Environment2",62,"MSE",1.14091175048254,0.24831124411171,0.756158463385354,0.567848716299155,0.931095844366983,0.250483123645614,0.825005625140629,0.667336954342818,38,0.602419833384245,0.131758667233301,4.82754890320891e-06,FALSE,NA,0.4
"Environment2",62,"GAUSSIAN",1.14821990220514,0.213152586878149,0.747899159663865,0.562294663206952,0.941615658710528,0.215165745028908,0.820520513012825,0.659777425364742,37,0.580821832892467,0.108931130475458,9.71318051146723e-08,FALSE,NA,0.4
"Environment2",62,"MAE",1.13164909342104,0.216019902791225,0.757983193277311,0.574837197576326,0.965192492989514,0.201366182261681,0.812309307732693,0.642526663763587,37,0.460222746067091,0.174760050918893,0.00845210120223049,FALSE,NA,0.4
"Environment2",62,"NBINOM",1.95729415403224,1.59355270373674,0.744825930372149,-0.271873443034465,1.95599113443845,1.63430044052552,0.80025500637516,-0.468079406718806,0,0.258576037711368,0.19259786491162,0.179411380764514,FALSE,NA,0.4
"Environment3",62,"GLM",1.12220821283566,0.138913780604983,0.754717887154862,0.581901521789784,0.981721204492038,0.133982560155882,0.803787594689867,-0.588518067171357,37,-0.005142517626609,0.13363053741254,0.969302504004909,FALSE,NA,0.1
"Environment3",62,"MSE",1.14091175048254,0.24831124411171,0.756158463385354,0.567848716299155,0.931095844366983,0.250483123645614,0.825005625140629,0.667336954342818,38,-0.0139879286687137,0.124764057130226,0.910732183436443,FALSE,NA,0.1
"Environment3",62,"GAUSSIAN",1.14821990220514,0.213152586878149,0.747899159663865,0.562294663206952,0.941615658710528,0.215165745028908,0.820520513012825,0.659777425364742,37,0.0512332303111907,0.211617967708693,0.808700773013541,FALSE,NA,0.1
"Environment3",62,"POISSON",NA,NA,NA,NA,NA,NA,NA,NA,NA,NA,NA,NA,TRUE,"[33m![39m in callr subprocess.
[1mCaused by error[22m in `checkForRemoteErrors(val)`:
[33m![39m one node produced an error: missing value where TRUE/FALSE needed",0.1
"Environment3",62,"MAE",1.13164909342104,0.216019902791225,0.757983193277311,0.574837197576326,0.965192492989514,0.201366182261681,0.812309307732693,0.642526663763587,37,0.0533652312207396,0.181563621667378,0.768818818059654,FALSE,NA,0.1
"Environment3",62,"NBINOM",1.95729415403224,1.59355270373674,0.744825930372149,-0.271873443034465,1.95599113443845,1.63430044052552,0.80025500637516,-0.468079406718806,0,-0.011707888742334,0.13438888549467,0.930576547840634,FALSE,NA,0.1
"Environment1",63,"GLM",0.849443983311868,0.0807115243354847,0.804657863145258,0.653392099453724,0.914825650930432,0.0969143462313935,0.787165679141979,-0.453806707909566,38,2.0592927906963,0.142817173602941,3.9251858661405e-47,FALSE,NA,2
"Environment1",63,"POISSON",NA,NA,NA,NA,NA,NA,NA,NA,NA,NA,NA,NA,TRUE,"[33m![39m in callr subprocess.
[1mCaused by error[22m in `checkForRemoteErrors(val)`:
[33m![39m one node produced an error: missing value where TRUE/FALSE needed",2
"Environment1",63,"MAE",0.845322119291516,0.170010031109763,0.811188475390156,0.656747716547274,0.893059673528174,0.167851585462639,0.801089027225681,0.635638509905896,37,1.99082429373264,0.161084303925874,4.36100314843714e-35,FALSE,NA,2
"Environment1",63,"MSE",0.846353735514148,0.202320422782111,0.817911164465786,0.655909407250732,0.867756655561029,0.181538740617333,0.808505212630316,0.655992890566206,38,2.08785338943638,0.123184865074603,1.95941327916874e-64,FALSE,NA,2
"Environment1",63,"GAUSSIAN",0.848553770402766,0.175978810706945,0.802545018007203,0.654118205357324,0.870250902982945,0.16849956127109,0.806547663691592,0.654012445938613,38,2.10825402082503,0.183797644888442,1.85547283536713e-30,FALSE,NA,2
"Environment1",63,"NBINOM",1.80716206283739,1.58680444388,0.809171668667467,-0.568784069914918,1.72073972343784,1.47413091906399,0.790989274731868,-0.352701216111482,0,0.940689095679418,0.73907156124404,0.203089591483191,FALSE,NA,2
"Environment2",63,"GLM",0.849443983311868,0.0807115243354847,0.804657863145258,0.653392099453724,0.914825650930432,0.0969143462313935,0.787165679141979,-0.453806707909566,38,0.512303121173211,0.109213644965352,2.72093151115242e-06,FALSE,NA,0.4
"Environment2",63,"POISSON",NA,NA,NA,NA,NA,NA,NA,NA,NA,NA,NA,NA,TRUE,"[33m![39m in callr subprocess.
[1mCaused by error[22m in `checkForRemoteErrors(val)`:
[33m![39m one node produced an error: missing value where TRUE/FALSE needed",0.4
"Environment2",63,"MSE",0.846353735514148,0.202320422782111,0.817911164465786,0.655909407250732,0.867756655561029,0.181538740617333,0.808505212630316,0.655992890566206,38,0.404001738616113,0.136922102125933,0.00317161976901626,FALSE,NA,0.4
"Environment2",63,"GAUSSIAN",0.848553770402766,0.175978810706945,0.802545018007203,0.654118205357324,0.870250902982945,0.16849956127109,0.806547663691592,0.654012445938613,38,0.411137265236131,0.16462353700869,0.0125093934741913,FALSE,NA,0.4
"Environment2",63,"MAE",0.845322119291516,0.170010031109763,0.811188475390156,0.656747716547274,0.893059673528174,0.167851585462639,0.801089027225681,0.635638509905896,37,0.399215295091284,0.102692874272524,0.00010129520446508,FALSE,NA,0.4
"Environment2",63,"NBINOM",1.80716206283739,1.58680444388,0.809171668667467,-0.568784069914918,1.72073972343784,1.47413091906399,0.790989274731868,-0.352701216111482,0,0.219657867891878,0.151461369856031,0.146986946187943,FALSE,NA,0.4
"Environment3",63,"GLM",0.849443983311868,0.0807115243354847,0.804657863145258,0.653392099453724,0.914825650930432,0.0969143462313935,0.787165679141979,-0.453806707909566,38,0.105645808208744,0.101689606171162,0.298849067562082,FALSE,NA,0.1
"Environment3",63,"MSE",0.846353735514148,0.202320422782111,0.817911164465786,0.655909407250732,0.867756655561029,0.181538740617333,0.808505212630316,0.655992890566206,38,0.10034885120183,0.127793160398398,0.432310344474431,FALSE,NA,0.1
"Environment3",63,"GAUSSIAN",0.848553770402766,0.175978810706945,0.802545018007203,0.654118205357324,0.870250902982945,0.16849956127109,0.806547663691592,0.654012445938613,38,0.0652516192064577,0.147923639409228,0.659128359766475,FALSE,NA,0.1
"Environment3",63,"POISSON",NA,NA,NA,NA,NA,NA,NA,NA,NA,NA,NA,NA,TRUE,"[33m![39m in callr subprocess.
[1mCaused by error[22m in `checkForRemoteErrors(val)`:
[33m![39m one node produced an error: missing value where TRUE/FALSE needed",0.1
"Environment3",63,"MAE",0.845322119291516,0.170010031109763,0.811188475390156,0.656747716547274,0.893059673528174,0.167851585462639,0.801089027225681,0.635638509905896,37,0.0808745847415848,0.205858085052899,0.694418661734495,FALSE,NA,0.1
"Environment3",63,"NBINOM",1.80716206283739,1.58680444388,0.809171668667467,-0.568784069914918,1.72073972343784,1.47413091906399,0.790989274731868,-0.352701216111482,0,0.0267506978800699,0.0870215414235632,0.758536513972892,FALSE,NA,0.1
"Environment1",64,"GLM",0.946726224211858,0.166710502970289,0.67625450180072,0.574449180798887,0.97278461783143,0.162620321107077,0.797787444686117,-0.629772592291752,38,2.06049450278549,0.135704523339503,4.53580030617795e-52,FALSE,NA,2
"Environment1",64,"POISSON",NA,NA,NA,NA,NA,NA,NA,NA,NA,NA,NA,NA,TRUE,"[33m![39m in callr subprocess.
[1mCaused by error[22m in `checkForRemoteErrors(val)`:
[33m![39m one node produced an error: missing value where TRUE/FALSE needed",2
"Environment1",64,"MAE",0.963669486310427,0.163090416145073,0.679039615846339,0.559080981643177,0.962667184538913,0.169664618692332,0.804344108602715,0.636097588597423,36,1.96007875938714,0.221876316669113,1.00902511966119e-18,FALSE,NA,2
"Environment1",64,"MSE",0.977961164854112,0.18499717266076,0.657046818727491,0.545905925485697,0.93106358136388,0.210589536613591,0.817470936773419,0.659598647592481,37,2.07639855275676,0.196746913135508,4.8859965934269e-26,FALSE,NA,2
"Environment1",64,"GAUSSIAN",0.967197678069215,0.175886681282583,0.672605042016807,0.555846481349911,0.944789589754002,0.199145670760178,0.811196279906998,0.64948807621203,37,2.12481641392782,0.209898125323641,4.36441343951887e-24,FALSE,NA,2
"Environment1",64,"NBINOM",1.66281017273467,1.47534623825188,0.63812725090036,-0.312767940184721,1.78433940842898,1.60141928604409,0.797361434035851,-0.250223138743794,0,1.19573762258074,0.570058923763709,0.0359432831095404,FALSE,NA,2
"Environment2",64,"GLM",0.946726224211858,0.166710502970289,0.67625450180072,0.574449180798887,0.97278461783143,0.162620321107077,0.797787444686117,-0.629772592291752,38,0.460491884454713,0.110251269023665,2.9570493366159e-05,FALSE,NA,0.4
"Environment2",64,"POISSON",NA,NA,NA,NA,NA,NA,NA,NA,NA,NA,NA,NA,TRUE,"[33m![39m in callr subprocess.
[1mCaused by error[22m in `checkForRemoteErrors(val)`:
[33m![39m one node produced an error: missing value where TRUE/FALSE needed",0.4
"Environment2",64,"MSE",0.977961164854112,0.18499717266076,0.657046818727491,0.545905925485697,0.93106358136388,0.210589536613591,0.817470936773419,0.659598647592481,37,0.418047887421038,0.12028869387124,0.000510146508373142,FALSE,NA,0.4
"Environment2",64,"GAUSSIAN",0.967197678069215,0.175886681282583,0.672605042016807,0.555846481349911,0.944789589754002,0.199145670760178,0.811196279906998,0.64948807621203,37,0.486953631253768,0.144516859556561,0.000752969905617214,FALSE,NA,0.4
"Environment2",64,"MAE",0.963669486310427,0.163090416145073,0.679039615846339,0.559080981643177,0.962667184538913,0.169664618692332,0.804344108602715,0.636097588597423,36,0.470560317688418,0.142484260788419,0.000958125894042574,FALSE,NA,0.4
"Environment2",64,"NBINOM",1.66281017273467,1.47534623825188,0.63812725090036,-0.312767940184721,1.78433940842898,1.60141928604409,0.797361434035851,-0.250223138743794,0,0.0526646677327411,0.114957934858586,0.646865364619336,FALSE,NA,0.4
"Environment3",64,"GLM",0.946726224211858,0.166710502970289,0.67625450180072,0.574449180798887,0.97278461783143,0.162620321107077,0.797787444686117,-0.629772592291752,38,0.0552524103290777,0.138909127737098,0.690807552470119,FALSE,NA,0.1
"Environment3",64,"MSE",0.977961164854112,0.18499717266076,0.657046818727491,0.545905925485697,0.93106358136388,0.210589536613591,0.817470936773419,0.659598647592481,37,0.0235955058600302,0.119313949184039,0.843232979349674,FALSE,NA,0.1
"Environment3",64,"GAUSSIAN",0.967197678069215,0.175886681282583,0.672605042016807,0.555846481349911,0.944789589754002,0.199145670760178,0.811196279906998,0.64948807621203,37,0.0247443381872654,0.116423157111696,0.831687380598667,FALSE,NA,0.1
"Environment3",64,"POISSON",NA,NA,NA,NA,NA,NA,NA,NA,NA,NA,NA,NA,TRUE,"[33m![39m in callr subprocess.
[1mCaused by error[22m in `checkForRemoteErrors(val)`:
[33m![39m one node produced an error: missing value where TRUE/FALSE needed",0.1
"Environment3",64,"MAE",0.963669486310427,0.163090416145073,0.679039615846339,0.559080981643177,0.962667184538913,0.169664618692332,0.804344108602715,0.636097588597423,36,0.00279827582427242,0.147886156276891,0.98490346960525,FALSE,NA,0.1
"Environment3",64,"NBINOM",1.66281017273467,1.47534623825188,0.63812725090036,-0.312767940184721,1.78433940842898,1.60141928604409,0.797361434035851,-0.250223138743794,0,-0.0161173752131093,0.142231861888398,0.909778753292617,FALSE,NA,0.1
"Environment1",65,"GLM",0.774502773009633,0.0448798172808862,0.847683073229292,0.713249860503526,1.05767384375919,0.0527569421540515,0.75676741918548,-0.58779843301619,37,1.96243850970013,0.105292698624597,1.58231095308934e-77,FALSE,NA,2
"Environment1",65,"POISSON",NA,NA,NA,NA,NA,NA,NA,NA,NA,NA,NA,NA,TRUE,"[33m![39m in callr subprocess.
[1mCaused by error[22m in `checkForRemoteErrors(val)`:
[33m![39m one node produced an error: missing value where TRUE/FALSE needed",2
"Environment1",65,"MAE",0.772182268772848,0.200868033049138,0.843169267707083,0.714965562809172,1.03979750349986,0.178805560115792,0.763987099677492,0.580560448139031,35,1.97712755181268,0.161910072474202,2.70632636836142e-34,FALSE,NA,2
"Environment1",65,"MSE",0.76502501413071,0.1641543137363,0.842689075630252,0.720224967459713,1.01176283979602,0.177174014251469,0.778759468986725,0.602873115257952,38,1.91958940054849,0.154990400265791,3.14242367160304e-35,FALSE,NA,2
"Environment1",65,"GAUSSIAN",0.778709764827716,0.133886656834211,0.846050420168067,0.710126225803068,1.02993779117538,0.141543830001683,0.767996699917498,0.588477270300903,38,1.96096910780482,0.1559763433697,3.00169866067645e-36,FALSE,NA,2
"Environment1",65,"NBINOM",1.99808577089503,1.87478366013514,0.832893157262905,-0.908472638316918,1.95485814021589,1.63223775779812,0.757721443036076,-0.482526052847604,0,0.824194315716518,0.422517385034299,0.0510956583634449,FALSE,NA,2
"Environment2",65,"GLM",0.774502773009633,0.0448798172808862,0.847683073229292,0.713249860503526,1.05767384375919,0.0527569421540515,0.75676741918548,-0.58779843301619,37,0.477274819659977,0.121947286167117,9.08625190927742e-05,FALSE,NA,0.4
"Environment2",65,"POISSON",NA,NA,NA,NA,NA,NA,NA,NA,NA,NA,NA,NA,TRUE,"[33m![39m in callr subprocess.
[1mCaused by error[22m in `checkForRemoteErrors(val)`:
[33m![39m one node produced an error: missing value where TRUE/FALSE needed",0.4
"Environment2",65,"MSE",0.76502501413071,0.1641543137363,0.842689075630252,0.720224967459713,1.01176283979602,0.177174014251469,0.778759468986725,0.602873115257952,38,0.422576742591511,0.15303203623881,0.00575609598603922,FALSE,NA,0.4
"Environment2",65,"GAUSSIAN",0.778709764827716,0.133886656834211,0.846050420168067,0.710126225803068,1.02993779117538,0.141543830001683,0.767996699917498,0.588477270300903,38,0.419472972016658,0.162024371671646,0.00962691147498911,FALSE,NA,0.4
"Environment2",65,"MAE",0.772182268772848,0.200868033049138,0.843169267707083,0.714965562809172,1.03979750349986,0.178805560115792,0.763987099677492,0.580560448139031,35,0.554747209127614,0.202113606849117,0.00605607654488683,FALSE,NA,0.4
"Environment2",65,"NBINOM",1.99808577089503,1.87478366013514,0.832893157262905,-0.908472638316918,1.95485814021589,1.63223775779812,0.757721443036076,-0.482526052847604,0,0.0992741935481555,0.145568967787319,0.495255642029303,FALSE,NA,0.4
"Environment3",65,"GLM",0.774502773009633,0.0448798172808862,0.847683073229292,0.713249860503526,1.05767384375919,0.0527569421540515,0.75676741918548,-0.58779843301619,37,0.0996088600809777,0.163728700869555,0.542937121191923,FALSE,NA,0.1
"Environment3",65,"MSE",0.76502501413071,0.1641543137363,0.842689075630252,0.720224967459713,1.01176283979602,0.177174014251469,0.778759468986725,0.602873115257952,38,0.0218581618474691,0.150513130048864,0.884533791725063,FALSE,NA,0.1
"Environment3",65,"GAUSSIAN",0.778709764827716,0.133886656834211,0.846050420168067,0.710126225803068,1.02993779117538,0.141543830001683,0.767996699917498,0.588477270300903,38,0.109292930670796,0.132599891975936,0.409808362596884,FALSE,NA,0.1
"Environment3",65,"POISSON",NA,NA,NA,NA,NA,NA,NA,NA,NA,NA,NA,NA,TRUE,"[33m![39m in callr subprocess.
[1mCaused by error[22m in `checkForRemoteErrors(val)`:
[33m![39m one node produced an error: missing value where TRUE/FALSE needed",0.1
"Environment3",65,"MAE",0.772182268772848,0.200868033049138,0.843169267707083,0.714965562809172,1.03979750349986,0.178805560115792,0.763987099677492,0.580560448139031,35,0.0965416675538145,0.190314577137911,0.611962465561631,FALSE,NA,0.1
"Environment3",65,"NBINOM",1.99808577089503,1.87478366013514,0.832893157262905,-0.908472638316918,1.95485814021589,1.63223775779812,0.757721443036076,-0.482526052847604,0,0.114708955619249,0.141369559515123,0.41712911586176,FALSE,NA,0.1
"Environment1",66,"GLM",1.01433678068802,0.186082654418838,0.713613445378151,0.521977027819453,1.03345987119767,0.15650390467078,0.796104402610065,-0.621997354626705,32,2.13152909008382,0.147291209784797,1.83349176631248e-47,FALSE,NA,2
"Environment1",66,"POISSON",NA,NA,NA,NA,NA,NA,NA,NA,NA,NA,NA,NA,TRUE,"[33m![39m in callr subprocess.
[1mCaused by error[22m in `checkForRemoteErrors(val)`:
[33m![39m one node produced an error: missing value where TRUE/FALSE needed",2
"Environment1",66,"MAE",0.983197940983919,0.209748085706668,0.738679471788716,0.550875919253607,1.01698775974205,0.18541748669674,0.806706667666692,0.611224007496134,31,1.84907550189021,0.177805885903582,2.49484917962346e-25,FALSE,NA,2
"Environment1",66,"MSE",1.0857214119321,0.352648422361082,0.681920768307323,0.452327132159872,0.980437260795407,0.282341387791645,0.812214805370134,0.638667019941147,31,2.14996064397134,0.154841471422898,7.8193260453299e-44,FALSE,NA,2
"Environment1",66,"GAUSSIAN",1.0607474955489,0.305839210876686,0.683553421368547,0.477232655716153,1.00157138843805,0.252061218212945,0.805313132828321,0.62292146910437,31,1.97402206139639,0.15447050564265,2.14037890379061e-37,FALSE,NA,2
"Environment1",66,"NBINOM",1.79052682652156,1.52412794094371,0.693253301320528,-0.489519128966981,1.94262986663063,1.63767317240123,0.792993324833121,-0.418561307388226,0,0.944283296297567,0.494269900151291,0.0560739018263772,FALSE,NA,2
"Environment2",66,"GLM",1.01433678068802,0.186082654418838,0.713613445378151,0.521977027819453,1.03345987119767,0.15650390467078,0.796104402610065,-0.621997354626705,32,0.322319575415364,0.148550698858279,0.0300249243653354,FALSE,NA,0.4
"Environment2",66,"POISSON",NA,NA,NA,NA,NA,NA,NA,NA,NA,NA,NA,NA,TRUE,"[33m![39m in callr subprocess.
[1mCaused by error[22m in `checkForRemoteErrors(val)`:
[33m![39m one node produced an error: missing value where TRUE/FALSE needed",0.4
"Environment2",66,"MSE",1.0857214119321,0.352648422361082,0.681920768307323,0.452327132159872,0.980437260795407,0.282341387791645,0.812214805370134,0.638667019941147,31,0.305793909471432,0.127791373346238,0.0167151074939787,FALSE,NA,0.4
"Environment2",66,"GAUSSIAN",1.0607474955489,0.305839210876686,0.683553421368547,0.477232655716153,1.00157138843805,0.252061218212945,0.805313132828321,0.62292146910437,31,0.306890868814706,0.1882643284919,0.103079031475554,FALSE,NA,0.4
"Environment2",66,"MAE",0.983197940983919,0.209748085706668,0.738679471788716,0.550875919253607,1.01698775974205,0.18541748669674,0.806706667666692,0.611224007496134,31,0.404738081131432,0.142214186206181,0.00442756096102659,FALSE,NA,0.4
"Environment2",66,"NBINOM",1.79052682652156,1.52412794094371,0.693253301320528,-0.489519128966981,1.94262986663063,1.63767317240123,0.792993324833121,-0.418561307388226,0,0.0150159503867445,0.170824032638209,0.929953746843762,FALSE,NA,0.4
"Environment3",66,"GLM",1.01433678068802,0.186082654418838,0.713613445378151,0.521977027819453,1.03345987119767,0.15650390467078,0.796104402610065,-0.621997354626705,32,-0.0727882041809008,0.12195867481622,0.550623030921195,FALSE,NA,0.1
"Environment3",66,"MSE",1.0857214119321,0.352648422361082,0.681920768307323,0.452327132159872,0.980437260795407,0.282341387791645,0.812214805370134,0.638667019941147,31,-0.115444002192133,0.178035382271888,0.516704986132341,FALSE,NA,0.1
"Environment3",66,"GAUSSIAN",1.0607474955489,0.305839210876686,0.683553421368547,0.477232655716153,1.00157138843805,0.252061218212945,0.805313132828321,0.62292146910437,31,-0.116435040310469,0.127381517543103,0.360682471508971,FALSE,NA,0.1
"Environment3",66,"POISSON",NA,NA,NA,NA,NA,NA,NA,NA,NA,NA,NA,NA,TRUE,"[33m![39m in callr subprocess.
[1mCaused by error[22m in `checkForRemoteErrors(val)`:
[33m![39m one node produced an error: missing value where TRUE/FALSE needed",0.1
"Environment3",66,"MAE",0.983197940983919,0.209748085706668,0.738679471788716,0.550875919253607,1.01698775974205,0.18541748669674,0.806706667666692,0.611224007496134,31,-0.0929428272902951,0.213596176574711,0.663465612121343,FALSE,NA,0.1
"Environment3",66,"NBINOM",1.79052682652156,1.52412794094371,0.693253301320528,-0.489519128966981,1.94262986663063,1.63767317240123,0.792993324833121,-0.418561307388226,0,0.000590621116107401,0.0958889841013564,0.995085520046748,FALSE,NA,0.1
"Environment1",67,"GLM",1.26711974671137,0.136624199250644,0.698055222088836,0.449098439819836,0.945086504557438,0.150548267723652,0.776404410110253,-0.506283380318741,40,1.86813547412614,0.125681296767687,5.63933431376964e-50,FALSE,NA,2
"Environment1",67,"POISSON",NA,NA,NA,NA,NA,NA,NA,NA,NA,NA,NA,NA,TRUE,"[33m![39m in callr subprocess.
[1mCaused by error[22m in `checkForRemoteErrors(val)`:
[33m![39m one node produced an error: missing value where TRUE/FALSE needed",2
"Environment1",67,"MAE",1.25523256273924,0.294631186359913,0.668187274909964,0.459386261192702,0.910991057230202,0.305975098539296,0.7875196879922,0.625817987852909,39,1.86433187351504,0.213885372354809,2.8693366859799e-18,FALSE,NA,2
"Environment1",67,"MSE",1.2723157448638,0.279719972041601,0.660024009603842,0.444571081613625,0.863273866271962,0.302787845319312,0.806072151803795,0.663990260301105,39,1.89438783754455,0.157806094143883,3.36373311905807e-33,FALSE,NA,2
"Environment1",67,"GAUSSIAN",1.25922876914725,0.246599769477016,0.668667466986795,0.45593854461163,0.882424384861002,0.273322837419146,0.797652441311033,0.648917097341749,40,1.87928515200689,0.16303281405244,9.64056691560703e-31,FALSE,NA,2
"Environment1",67,"NBINOM",1.95929068322272,1.46035586559416,0.679807923169268,-0.317153623687773,1.83121230912331,1.63449006852624,0.767207680192005,-0.511931364678293,0,1.12349423170514,0.55982469407335,0.0447637261268922,FALSE,NA,2
"Environment2",67,"GLM",1.26711974671137,0.136624199250644,0.698055222088836,0.449098439819836,0.945086504557438,0.150548267723652,0.776404410110253,-0.506283380318741,40,0.264010179082229,0.10079963044687,0.00881470571747492,FALSE,NA,0.4
"Environment2",67,"POISSON",NA,NA,NA,NA,NA,NA,NA,NA,NA,NA,NA,NA,TRUE,"[33m![39m in callr subprocess.
[1mCaused by error[22m in `checkForRemoteErrors(val)`:
[33m![39m one node produced an error: missing value where TRUE/FALSE needed",0.4
"Environment2",67,"MSE",1.2723157448638,0.279719972041601,0.660024009603842,0.444571081613625,0.863273866271962,0.302787845319312,0.806072151803795,0.663990260301105,39,0.282139071568618,0.179215281328959,0.115417524177716,FALSE,NA,0.4
"Environment2",67,"GAUSSIAN",1.25922876914725,0.246599769477016,0.668667466986795,0.45593854461163,0.882424384861002,0.273322837419146,0.797652441311033,0.648917097341749,40,0.25573053693134,0.151910213905203,0.0922914652175615,FALSE,NA,0.4
"Environment2",67,"MAE",1.25523256273924,0.294631186359913,0.668187274909964,0.459386261192702,0.910991057230202,0.305975098539296,0.7875196879922,0.625817987852909,39,0.219240284612666,0.20345571191773,0.281220181370282,FALSE,NA,0.4
"Environment2",67,"NBINOM",1.95929068322272,1.46035586559416,0.679807923169268,-0.317153623687773,1.83121230912331,1.63449006852624,0.767207680192005,-0.511931364678293,0,0.0340305217408202,0.104366224426709,0.744372648738193,FALSE,NA,0.4
"Environment3",67,"GLM",1.26711974671137,0.136624199250644,0.698055222088836,0.449098439819836,0.945086504557438,0.150548267723652,0.776404410110253,-0.506283380318741,40,0.262000241663116,0.116400135100889,0.0243944964875494,FALSE,NA,0.1
"Environment3",67,"MSE",1.2723157448638,0.279719972041601,0.660024009603842,0.444571081613625,0.863273866271962,0.302787845319312,0.806072151803795,0.663990260301105,39,0.00889557715595584,0.234969559263433,0.969800562263919,FALSE,NA,0.1
"Environment3",67,"GAUSSIAN",1.25922876914725,0.246599769477016,0.668667466986795,0.45593854461163,0.882424384861002,0.273322837419146,0.797652441311033,0.648917097341749,40,0.0895266469611597,0.159112874697604,0.573665584157065,FALSE,NA,0.1
"Environment3",67,"POISSON",NA,NA,NA,NA,NA,NA,NA,NA,NA,NA,NA,NA,TRUE,"[33m![39m in callr subprocess.
[1mCaused by error[22m in `checkForRemoteErrors(val)`:
[33m![39m one node produced an error: missing value where TRUE/FALSE needed",0.1
"Environment3",67,"MAE",1.25523256273924,0.294631186359913,0.668187274909964,0.459386261192702,0.910991057230202,0.305975098539296,0.7875196879922,0.625817987852909,39,0.189477870307426,0.257753690694247,0.462271193973265,FALSE,NA,0.1
"Environment3",67,"NBINOM",1.95929068322272,1.46035586559416,0.679807923169268,-0.317153623687773,1.83121230912331,1.63449006852624,0.767207680192005,-0.511931364678293,0,0.13920779919842,0.0860477298819406,0.10570625308488,FALSE,NA,0.1
"Environment1",68,"GLM",1.04976779208001,0.247588788650892,0.695366146458583,0.531503240332454,0.914593336068422,0.235702683951825,0.758772969324233,-0.38588377505875,41,1.72714044379949,0.11265391636203,4.71825878715395e-53,FALSE,NA,2
"Environment1",68,"POISSON",NA,NA,NA,NA,NA,NA,NA,NA,NA,NA,NA,NA,FALSE,NA,2
"Environment1",68,"MAE",1.08408319083049,0.327515505073067,0.680960384153662,0.500373661820807,0.89069205451735,0.277727343537642,0.775003375084377,0.590248160487849,41,1.60127705518343,0.171339178131815,9.13214063012791e-21,FALSE,NA,2
"Environment1",68,"MSE",1.09142962013272,0.308908438186215,0.678559423769508,0.493579153231613,0.86670997893833,0.277191435231893,0.787129678241956,0.612016417052644,41,1.6537774322303,0.125228214789196,8.08996001705683e-40,FALSE,NA,2
"Environment1",68,"GAUSSIAN",1.11469318336708,0.367234470027796,0.665882352941176,0.47176059632947,0.859848311548091,0.313157719335794,0.78691217280432,0.618135363653392,39,1.59858720279206,0.103770533715652,1.51441004327617e-53,FALSE,NA,2
"Environment1",68,"NBINOM",1.87934894546944,1.56700801443605,0.696998799519808,-0.501533246182781,1.54124733899856,1.44388822748259,0.758156453911348,-0.226903584110073,0,0.773536182038451,0.243296644551739,0.00147582729393719,FALSE,NA,2
"Environment2",68,"GLM",1.04976779208001,0.247588788650892,0.695366146458583,0.531503240332454,0.914593336068422,0.235702683951825,0.758772969324233,-0.38588377505875,41,0.533142535166431,0.10833060617694,8.5909916676383e-07,FALSE,NA,0.4
"Environment2",68,"POISSON",NA,NA,NA,NA,NA,NA,NA,NA,NA,NA,NA,NA,FALSE,NA,0.4
"Environment2",68,"MSE",1.09142962013272,0.308908438186215,0.678559423769508,0.493579153231613,0.86670997893833,0.277191435231893,0.787129678241956,0.612016417052644,41,0.517085030931252,0.1423537693194,0.000280803528957075,FALSE,NA,0.4
"Environment2",68,"GAUSSIAN",1.11469318336708,0.367234470027796,0.665882352941176,0.47176059632947,0.859848311548091,0.313157719335794,0.78691217280432,0.618135363653392,39,0.550407004189529,0.193048205061322,0.00435631073897249,FALSE,NA,0.4
"Environment2",68,"MAE",1.08408319083049,0.327515505073067,0.680960384153662,0.500373661820807,0.89069205451735,0.277727343537642,0.775003375084377,0.590248160487849,41,0.665298360830493,0.163900469572444,4.92493922857438e-05,FALSE,NA,0.4
"Environment2",68,"NBINOM",1.87934894546944,1.56700801443605,0.696998799519808,-0.501533246182781,1.54124733899856,1.44388822748259,0.758156453911348,-0.226903584110073,0,0.207106547079236,0.0964496165897405,0.0317691704318719,FALSE,NA,0.4
"Environment3",68,"GLM",1.04976779208001,0.247588788650892,0.695366146458583,0.531503240332454,0.914593336068422,0.235702683951825,0.758772969324233,-0.38588377505875,41,0.0292776244929165,0.138260536497183,0.832296684081093,FALSE,NA,0.1
"Environment3",68,"MSE",1.09142962013272,0.308908438186215,0.678559423769508,0.493579153231613,0.86670997893833,0.277191435231893,0.787129678241956,0.612016417052644,41,0.0178747283267003,0.13523188863181,0.894843222598923,FALSE,NA,0.1
"Environment3",68,"GAUSSIAN",1.11469318336708,0.367234470027796,0.665882352941176,0.47176059632947,0.859848311548091,0.313157719335794,0.78691217280432,0.618135363653392,39,0.113742976098667,0.15033123645872,0.44928012304157,FALSE,NA,0.1
"Environment3",68,"POISSON",NA,NA,NA,NA,NA,NA,NA,NA,NA,NA,NA,NA,FALSE,NA,0.1
"Environment3",68,"MAE",1.08408319083049,0.327515505073067,0.680960384153662,0.500373661820807,0.89069205451735,0.277727343537642,0.775003375084377,0.590248160487849,41,0.184683347305818,0.19878894675563,0.35286714685947,FALSE,NA,0.1
"Environment3",68,"NBINOM",1.87934894546944,1.56700801443605,0.696998799519808,-0.501533246182781,1.54124733899856,1.44388822748259,0.758156453911348,-0.226903584110073,0,-0.0224010136053413,0.106039577170527,0.832691071331197,FALSE,NA,0.1
"Environment1",69,"GLM",1.01245731988765,0.15935699347757,0.720336134453782,0.562513413935891,1.00702120844486,0.188578652029254,0.80697667441686,-0.659121379796331,37,2.17763283310999,0.0889125095034616,1.80364518226556e-132,FALSE,NA,2
"Environment1",69,"POISSON",NA,NA,NA,NA,NA,NA,NA,NA,NA,NA,NA,NA,TRUE,"[33m![39m in callr subprocess.
[1mCaused by error[22m in `checkForRemoteErrors(val)`:
[33m![39m one node produced an error: missing value where TRUE/FALSE needed",2
"Environment1",69,"MAE",0.98385113361656,0.24911320114161,0.715342136854742,0.586885847788242,0.972000398721027,0.305468650765951,0.813198829970749,0.671222584716039,36,1.9950970238205,0.220320860264997,1.36048311640628e-19,FALSE,NA,2
"Environment1",69,"MSE",0.984630934399133,0.25923579933473,0.717454981992797,0.58623071939536,0.929118298448169,0.300621427668836,0.836083402085052,0.699592260449821,36,2.07701122536656,0.182501837540128,5.21380402219132e-30,FALSE,NA,2
"Environment1",69,"GAUSSIAN",0.967584855922914,0.217527345821438,0.72436974789916,0.600433180121639,0.95526325729355,0.260913939226413,0.824692117302933,0.68244771804853,36,1.99942679473478,0.12901822915666,3.6210223504815e-54,FALSE,NA,2
"Environment1",69,"NBINOM",1.80598241082754,1.41958477165974,0.72686674669868,-0.39199708164915,1.94082129089713,1.58327393118273,0.811511287782195,-0.310811329221133,0,0.910836457035215,0.469942262049078,0.0526002891932884,FALSE,NA,2
"Environment2",69,"GLM",1.01245731988765,0.15935699347757,0.720336134453782,0.562513413935891,1.00702120844486,0.188578652029254,0.80697667441686,-0.659121379796331,37,0.32488588092812,0.113859833546354,0.00432562528380643,FALSE,NA,0.4
"Environment2",69,"POISSON",NA,NA,NA,NA,NA,NA,NA,NA,NA,NA,NA,NA,TRUE,"[33m![39m in callr subprocess.
[1mCaused by error[22m in `checkForRemoteErrors(val)`:
[33m![39m one node produced an error: missing value where TRUE/FALSE needed",0.4
"Environment2",69,"MSE",0.984630934399133,0.25923579933473,0.717454981992797,0.58623071939536,0.929118298448169,0.300621427668836,0.836083402085052,0.699592260449821,36,0.242043289862333,0.140229282874225,0.0843377301142316,FALSE,NA,0.4
"Environment2",69,"GAUSSIAN",0.967584855922914,0.217527345821438,0.72436974789916,0.600433180121639,0.95526325729355,0.260913939226413,0.824692117302933,0.68244771804853,36,0.368219673993692,0.107865462813057,0.000640885326970781,FALSE,NA,0.4
"Environment2",69,"MAE",0.98385113361656,0.24911320114161,0.715342136854742,0.586885847788242,0.972000398721027,0.305468650765951,0.813198829970749,0.671222584716039,36,0.418143075757755,0.137213585960857,0.00230839305891667,FALSE,NA,0.4
"Environment2",69,"NBINOM",1.80598241082754,1.41958477165974,0.72686674669868,-0.39199708164915,1.94082129089713,1.58327393118273,0.811511287782195,-0.310811329221133,0,0.137642931100574,0.238528917049599,0.563906190572614,FALSE,NA,0.4
"Environment3",69,"GLM",1.01245731988765,0.15935699347757,0.720336134453782,0.562513413935891,1.00702120844486,0.188578652029254,0.80697667441686,-0.659121379796331,37,0.346773023861532,0.0868975553667707,6.59075063896437e-05,FALSE,NA,0.1
"Environment3",69,"MSE",0.984630934399133,0.25923579933473,0.717454981992797,0.58623071939536,0.929118298448169,0.300621427668836,0.836083402085052,0.699592260449821,36,0.295227916572228,0.149034330005752,0.0475981148386712,FALSE,NA,0.1
"Environment3",69,"GAUSSIAN",0.967584855922914,0.217527345821438,0.72436974789916,0.600433180121639,0.95526325729355,0.260913939226413,0.824692117302933,0.68244771804853,36,0.281646553073675,0.119636910926602,0.018563732109893,FALSE,NA,0.1
"Environment3",69,"POISSON",NA,NA,NA,NA,NA,NA,NA,NA,NA,NA,NA,NA,TRUE,"[33m![39m in callr subprocess.
[1mCaused by error[22m in `checkForRemoteErrors(val)`:
[33m![39m one node produced an error: missing value where TRUE/FALSE needed",0.1
"Environment3",69,"MAE",0.98385113361656,0.24911320114161,0.715342136854742,0.586885847788242,0.972000398721027,0.305468650765951,0.813198829970749,0.671222584716039,36,0.372209532683368,0.210128695378154,0.0765040455793569,FALSE,NA,0.1
"Environment3",69,"NBINOM",1.80598241082754,1.41958477165974,0.72686674669868,-0.39199708164915,1.94082129089713,1.58327393118273,0.811511287782195,-0.310811329221133,0,0.149512763009571,0.202854325246138,0.461094993639941,FALSE,NA,0.1
"Environment1",70,"GLM",0.954894164980799,0.186983523476124,0.653109243697479,0.449409732089471,0.976962389752405,0.200300449577141,0.715453386334658,-0.542868694262088,44,1.68297858664789,0.128481203444401,3.33511357714077e-39,FALSE,NA,2
"Environment1",70,"POISSON",NA,NA,NA,NA,NA,NA,NA,NA,NA,NA,NA,NA,TRUE,"[33m![39m in callr subprocess.
[1mCaused by error[22m in `checkForRemoteErrors(val)`:
[33m![39m one node produced an error: missing value where TRUE/FALSE needed",2
"Environment1",70,"MAE",0.95884493887272,0.247102579943646,0.645042016806723,0.444844288744846,0.943704081510777,0.298133662785194,0.736501912547814,0.543596610924647,44,1.56964969675825,0.219206431560551,8.03243816530074e-13,FALSE,NA,2
"Environment1",70,"MSE",0.95786322056044,0.255643762748692,0.655990396158463,0.445980504835596,0.921192137757077,0.269709309179108,0.746070651766294,0.565111784662754,43,1.81705498351809,0.166320405509013,8.7514007212981e-28,FALSE,NA,2
"Environment1",70,"GAUSSIAN",0.958935004989776,0.267947445291901,0.641296518607443,0.444739990196503,0.933764738965393,0.311696285268595,0.740118502962574,0.553159906645272,44,1.60135973790288,0.198597196701174,7.42284428956823e-16,FALSE,NA,2
"Environment1",70,"NBINOM",1.66789290437441,1.55460731453199,0.654549819927971,-0.679787610628485,1.73892559688605,1.57112499459102,0.714680867021676,-0.549669889097515,0,0.465938446794322,0.450334569018523,0.300832617510884,FALSE,NA,2
"Environment2",70,"GLM",0.954894164980799,0.186983523476124,0.653109243697479,0.449409732089471,0.976962389752405,0.200300449577141,0.715453386334658,-0.542868694262088,44,0.263158725074027,0.151573510597037,0.0825322136846783,FALSE,NA,0.4
"Environment2",70,"POISSON",NA,NA,NA,NA,NA,NA,NA,NA,NA,NA,NA,NA,TRUE,"[33m![39m in callr subprocess.
[1mCaused by error[22m in `checkForRemoteErrors(val)`:
[33m![39m one node produced an error: missing value where TRUE/FALSE needed",0.4
"Environment2",70,"MSE",0.95786322056044,0.255643762748692,0.655990396158463,0.445980504835596,0.921192137757077,0.269709309179108,0.746070651766294,0.565111784662754,43,0.194016764132743,0.170038861648646,0.253863993190844,FALSE,NA,0.4
"Environment2",70,"GAUSSIAN",0.958935004989776,0.267947445291901,0.641296518607443,0.444739990196503,0.933764738965393,0.311696285268595,0.740118502962574,0.553159906645272,44,0.245708536564198,0.132849843730472,0.0643826609697406,FALSE,NA,0.4
"Environment2",70,"MAE",0.95884493887272,0.247102579943646,0.645042016806723,0.444844288744846,0.943704081510777,0.298133662785194,0.736501912547814,0.543596610924647,44,0.280386531844917,0.233666355532714,0.230161105767306,FALSE,NA,0.4
"Environment2",70,"NBINOM",1.66789290437441,1.55460731453199,0.654549819927971,-0.679787610628485,1.73892559688605,1.57112499459102,0.714680867021676,-0.549669889097515,0,0.0637392854222377,0.0707437818778549,0.367594798659733,FALSE,NA,0.4
"Environment3",70,"GLM",0.954894164980799,0.186983523476124,0.653109243697479,0.449409732089471,0.976962389752405,0.200300449577141,0.715453386334658,-0.542868694262088,44,0.0969746794699239,0.115696513335772,0.401928764004035,FALSE,NA,0.1
"Environment3",70,"MSE",0.95786322056044,0.255643762748692,0.655990396158463,0.445980504835596,0.921192137757077,0.269709309179108,0.746070651766294,0.565111784662754,43,0.0640862876322353,0.174736047349486,0.713797641702642,FALSE,NA,0.1
"Environment3",70,"GAUSSIAN",0.958935004989776,0.267947445291901,0.641296518607443,0.444739990196503,0.933764738965393,0.311696285268595,0.740118502962574,0.553159906645272,44,0.0805955614283666,0.128782237100653,0.531427603487251,FALSE,NA,0.1
"Environment3",70,"POISSON",NA,NA,NA,NA,NA,NA,NA,NA,NA,NA,NA,NA,TRUE,"[33m![39m in callr subprocess.
[1mCaused by error[22m in `checkForRemoteErrors(val)`:
[33m![39m one node produced an error: missing value where TRUE/FALSE needed",0.1
"Environment3",70,"MAE",0.95884493887272,0.247102579943646,0.645042016806723,0.444844288744846,0.943704081510777,0.298133662785194,0.736501912547814,0.543596610924647,44,0.0379477040211641,0.225620424770115,0.866431699021898,FALSE,NA,0.1
"Environment3",70,"NBINOM",1.66789290437441,1.55460731453199,0.654549819927971,-0.679787610628485,1.73892559688605,1.57112499459102,0.714680867021676,-0.549669889097515,0,0.00551250613307844,0.0726636549970743,0.939527838892393,FALSE,NA,0.1
"Environment1",71,"GLM",1.05192835224774,0.108235887326849,0.697575030012005,0.548152524063492,1.06782336694805,0.10681891003424,0.733534838370959,-0.508753813139318,37,1.86465872975244,0.130718145873346,3.63007134440548e-46,FALSE,NA,2
"Environment1",71,"POISSON",NA,NA,NA,NA,NA,NA,NA,NA,NA,NA,NA,NA,TRUE,"[33m![39m in callr subprocess.
[1mCaused by error[22m in `checkForRemoteErrors(val)`:
[33m![39m one node produced an error: missing value where TRUE/FALSE needed",2
"Environment1",71,"MAE",1.09170754641736,0.221097902821804,0.67500600240096,0.513332702450799,1.02986918709616,0.214554112928017,0.751079276981925,0.535522423690284,35,1.63277957430133,0.202403724385779,7.20794021711876e-16,FALSE,NA,2
"Environment1",71,"MSE",1.07706094451729,0.201958623159043,0.693445378151261,0.526303587534616,0.998094022461582,0.213742280106136,0.763747093677342,0.563741871055364,38,1.74254762142128,0.153947017176761,1.05503506596345e-29,FALSE,NA,2
"Environment1",71,"GAUSSIAN",1.08152961682844,0.190641351774956,0.683841536614646,0.522364747695161,1.00957625808359,0.197391300477673,0.75609540238506,0.553646565508544,37,1.73361907146994,0.176814404079428,1.07424426894399e-22,FALSE,NA,2
"Environment1",71,"NBINOM",1.91001407910214,1.53739338331282,0.690084033613445,-0.489678934188368,1.75724524661225,1.47545486438988,0.726142653566339,-0.352276116034029,0,0.458128750388954,0.245935780933059,0.0624906517452497,FALSE,NA,2
"Environment2",71,"GLM",1.05192835224774,0.108235887326849,0.697575030012005,0.548152524063492,1.06782336694805,0.10681891003424,0.733534838370959,-0.508753813139318,37,0.464149335938752,0.140175328774179,0.000928949235370905,FALSE,NA,0.4
"Environment2",71,"POISSON",NA,NA,NA,NA,NA,NA,NA,NA,NA,NA,NA,NA,TRUE,"[33m![39m in callr subprocess.
[1mCaused by error[22m in `checkForRemoteErrors(val)`:
[33m![39m one node produced an error: missing value where TRUE/FALSE needed",0.4
"Environment2",71,"MSE",1.07706094451729,0.201958623159043,0.693445378151261,0.526303587534616,0.998094022461582,0.213742280106136,0.763747093677342,0.563741871055364,38,0.39022965821161,0.117559995430973,0.00090208334205749,FALSE,NA,0.4
"Environment2",71,"GAUSSIAN",1.08152961682844,0.190641351774956,0.683841536614646,0.522364747695161,1.00957625808359,0.197391300477673,0.75609540238506,0.553646565508544,37,0.331121564204266,0.185952933945433,0.0749657146494676,FALSE,NA,0.4
"Environment2",71,"MAE",1.09170754641736,0.221097902821804,0.67500600240096,0.513332702450799,1.02986918709616,0.214554112928017,0.751079276981925,0.535522423690284,35,0.406140595016643,0.120417518613149,0.00074416084189328,FALSE,NA,0.4
"Environment2",71,"NBINOM",1.91001407910214,1.53739338331282,0.690084033613445,-0.489678934188368,1.75724524661225,1.47545486438988,0.726142653566339,-0.352276116034029,0,0.127846698073092,0.0909552879984788,0.159843114859146,FALSE,NA,0.4
"Environment3",71,"GLM",1.05192835224774,0.108235887326849,0.697575030012005,0.548152524063492,1.06782336694805,0.10681891003424,0.733534838370959,-0.508753813139318,37,0.136176184684486,0.147566922975287,0.356106396398433,FALSE,NA,0.1
"Environment3",71,"MSE",1.07706094451729,0.201958623159043,0.693445378151261,0.526303587534616,0.998094022461582,0.213742280106136,0.763747093677342,0.563741871055364,38,0.154513008252759,0.113513894154699,0.173456351450802,FALSE,NA,0.1
"Environment3",71,"GAUSSIAN",1.08152961682844,0.190641351774956,0.683841536614646,0.522364747695161,1.00957625808359,0.197391300477673,0.75609540238506,0.553646565508544,37,0.107819570358715,0.190272869359842,0.570946822711907,FALSE,NA,0.1
"Environment3",71,"POISSON",NA,NA,NA,NA,NA,NA,NA,NA,NA,NA,NA,NA,TRUE,"[33m![39m in callr subprocess.
[1mCaused by error[22m in `checkForRemoteErrors(val)`:
[33m![39m one node produced an error: missing value where TRUE/FALSE needed",0.1
"Environment3",71,"MAE",1.09170754641736,0.221097902821804,0.67500600240096,0.513332702450799,1.02986918709616,0.214554112928017,0.751079276981925,0.535522423690284,35,0.0610960166906734,0.200381501016807,0.760443467342151,FALSE,NA,0.1
"Environment3",71,"NBINOM",1.91001407910214,1.53739338331282,0.690084033613445,-0.489678934188368,1.75724524661225,1.47545486438988,0.726142653566339,-0.352276116034029,0,0.0177344712385422,0.0674758333797816,0.792683919618282,FALSE,NA,0.1
"Environment1",72,"GLM",0.847898578988012,0.119886831280254,0.686914765906363,0.468533875988768,0.958651962429195,0.129172090948756,0.771590789769744,-0.472801622323852,42,1.81682696314206,0.105959610096277,6.68567912780012e-66,FALSE,NA,2
"Environment1",72,"POISSON",NA,NA,NA,NA,NA,NA,NA,NA,NA,NA,NA,NA,TRUE,"[33m![39m in callr subprocess.
[1mCaused by error[22m in `checkForRemoteErrors(val)`:
[33m![39m one node produced an error: missing value where TRUE/FALSE needed",2
"Environment1",72,"MAE",0.896929705851765,0.161954580557793,0.675966386554622,0.405290893880779,0.938668390618521,0.163464752018894,0.784294607365184,0.602267172139552,40,1.70169697134569,0.233817400487742,3.39085385115199e-13,FALSE,NA,2
"Environment1",72,"MSE",0.864624254892619,0.195414087129996,0.683073229291717,0.447359636505083,0.907437852412134,0.186384432146199,0.798924473111828,0.628292919574468,40,1.7520441435338,0.168800724933365,3.07819417812926e-25,FALSE,NA,2
"Environment1",72,"GAUSSIAN",0.855404446947989,0.169196153196038,0.679711884753902,0.459082814017796,0.931494434311885,0.194223482751608,0.789466736668417,0.608323441718291,40,1.63821312742308,0.110843651796225,1.9865189059862e-49,FALSE,NA,2
"Environment1",72,"NBINOM",1.51218039618014,1.42651521025138,0.628523409363745,-0.690421391518872,1.70692064454033,1.52921470045209,0.763894097352434,-0.315205793843019,0,0.63653229760555,0.228037477885502,0.00524887628543494,FALSE,NA,2
"Environment2",72,"GLM",0.847898578988012,0.119886831280254,0.686914765906363,0.468533875988768,0.958651962429195,0.129172090948756,0.771590789769744,-0.472801622323852,42,0.439358594775542,0.123952693243175,0.000393258918090682,FALSE,NA,0.4
"Environment2",72,"POISSON",NA,NA,NA,NA,NA,NA,NA,NA,NA,NA,NA,NA,TRUE,"[33m![39m in callr subprocess.
[1mCaused by error[22m in `checkForRemoteErrors(val)`:
[33m![39m one node produced an error: missing value where TRUE/FALSE needed",0.4
"Environment2",72,"MSE",0.864624254892619,0.195414087129996,0.683073229291717,0.447359636505083,0.907437852412134,0.186384432146199,0.798924473111828,0.628292919574468,40,0.519655243403526,0.268732483005984,0.0531467090920165,FALSE,NA,0.4
"Environment2",72,"GAUSSIAN",0.855404446947989,0.169196153196038,0.679711884753902,0.459082814017796,0.931494434311885,0.194223482751608,0.789466736668417,0.608323441718291,40,0.486683394906293,0.208068824837742,0.0193328434086425,FALSE,NA,0.4
"Environment2",72,"MAE",0.896929705851765,0.161954580557793,0.675966386554622,0.405290893880779,0.938668390618521,0.163464752018894,0.784294607365184,0.602267172139552,40,0.462124474907747,0.192842532748773,0.0165578003305017,FALSE,NA,0.4
"Environment2",72,"NBINOM",1.51218039618014,1.42651521025138,0.628523409363745,-0.690421391518872,1.70692064454033,1.52921470045209,0.763894097352434,-0.315205793843019,0,0.139305438064221,0.125260765298886,0.266085063042435,FALSE,NA,0.4
"Environment3",72,"GLM",0.847898578988012,0.119886831280254,0.686914765906363,0.468533875988768,0.958651962429195,0.129172090948756,0.771590789769744,-0.472801622323852,42,0.0751674424264245,0.137547925020171,0.58473477105885,FALSE,NA,0.1
"Environment3",72,"MSE",0.864624254892619,0.195414087129996,0.683073229291717,0.447359636505083,0.907437852412134,0.186384432146199,0.798924473111828,0.628292919574468,40,0.144999136454913,0.1987476713895,0.465656763875643,FALSE,NA,0.1
"Environment3",72,"GAUSSIAN",0.855404446947989,0.169196153196038,0.679711884753902,0.459082814017796,0.931494434311885,0.194223482751608,0.789466736668417,0.608323441718291,40,0.079114855627035,0.142613712487061,0.579066157473777,FALSE,NA,0.1
"Environment3",72,"POISSON",NA,NA,NA,NA,NA,NA,NA,NA,NA,NA,NA,NA,TRUE,"[33m![39m in callr subprocess.
[1mCaused by error[22m in `checkForRemoteErrors(val)`:
[33m![39m one node produced an error: missing value where TRUE/FALSE needed",0.1
"Environment3",72,"MAE",0.896929705851765,0.161954580557793,0.675966386554622,0.405290893880779,0.938668390618521,0.163464752018894,0.784294607365184,0.602267172139552,40,0.0626686570944585,0.184925787800566,0.734696032804997,FALSE,NA,0.1
"Environment3",72,"NBINOM",1.51218039618014,1.42651521025138,0.628523409363745,-0.690421391518872,1.70692064454033,1.52921470045209,0.763894097352434,-0.315205793843019,0,0.0886359696593511,0.0988503333798482,0.3698958906917,FALSE,NA,0.1
"Environment1",73,"GLM",1.08754632012059,0.119485446572541,0.650324129651861,0.440694250213303,0.970157567185702,0.121679767806119,0.725557638940974,-0.371852212335871,41,1.82369132906899,0.123902023774888,4.88117997359833e-49,FALSE,NA,2
"Environment1",73,"POISSON",NA,NA,NA,NA,NA,NA,NA,NA,NA,NA,NA,NA,TRUE,"[33m![39m in callr subprocess.
[1mCaused by error[22m in `checkForRemoteErrors(val)`:
[33m![39m one node produced an error: missing value where TRUE/FALSE needed",2
"Environment1",73,"MAE",1.07463151369828,0.139737820342188,0.664825930372149,0.453899087961558,0.943688564317001,0.18726762841451,0.749169729243231,0.551532144316382,42,1.79925188809633,0.18026046042113,1.8385278618976e-23,FALSE,NA,2
"Environment1",73,"MSE",1.06868724828656,0.247288230332825,0.682016806722689,0.459923833595832,0.916838207031389,0.229400141395867,0.76347108677717,0.576689206779208,42,1.79263266473357,0.1539333796237,2.41871257176167e-31,FALSE,NA,2
"Environment1",73,"GAUSSIAN",1.0715735421053,0.214369255595714,0.674909963985594,0.457002635612857,0.922584993506045,0.211250070267939,0.758622965574139,0.571365910279545,41,1.79935162419826,0.205482696410875,2.01038584816637e-18,FALSE,NA,2
"Environment1",73,"NBINOM",1.86117727683713,1.44070497941387,0.644465786314526,-0.638057870227248,1.62362013661964,1.3577554698944,0.725989649741244,-0.327525259527879,0,0.669440819441645,0.259596488788065,0.00991514728345912,FALSE,NA,2
"Environment2",73,"GLM",1.08754632012059,0.119485446572541,0.650324129651861,0.440694250213303,0.970157567185702,0.121679767806119,0.725557638940974,-0.371852212335871,41,0.462232725860385,0.122077292582051,0.000152849265535605,FALSE,NA,0.4
"Environment2",73,"POISSON",NA,NA,NA,NA,NA,NA,NA,NA,NA,NA,NA,NA,TRUE,"[33m![39m in callr subprocess.
[1mCaused by error[22m in `checkForRemoteErrors(val)`:
[33m![39m one node produced an error: missing value where TRUE/FALSE needed",0.4
"Environment2",73,"MSE",1.06868724828656,0.247288230332825,0.682016806722689,0.459923833595832,0.916838207031389,0.229400141395867,0.76347108677717,0.576689206779208,42,0.392672114309185,0.164347009114051,0.0168811255799693,FALSE,NA,0.4
"Environment2",73,"GAUSSIAN",1.0715735421053,0.214369255595714,0.674909963985594,0.457002635612857,0.922584993506045,0.211250070267939,0.758622965574139,0.571365910279545,41,0.452040886267547,0.140855533441705,0.00133080850205103,FALSE,NA,0.4
"Environment2",73,"MAE",1.07463151369828,0.139737820342188,0.664825930372149,0.453899087961558,0.943688564317001,0.18726762841451,0.749169729243231,0.551532144316382,42,0.324318631306465,0.124996843818819,0.0094697048386183,FALSE,NA,0.4
"Environment2",73,"NBINOM",1.86117727683713,1.44070497941387,0.644465786314526,-0.638057870227248,1.62362013661964,1.3577554698944,0.725989649741244,-0.327525259527879,0,0.155416548573171,0.0812973180150191,0.0559139491419543,FALSE,NA,0.4
"Environment3",73,"GLM",1.08754632012059,0.119485446572541,0.650324129651861,0.440694250213303,0.970157567185702,0.121679767806119,0.725557638940974,-0.371852212335871,41,0.176672886420581,0.151826600408753,0.244566246050834,FALSE,NA,0.1
"Environment3",73,"MSE",1.06868724828656,0.247288230332825,0.682016806722689,0.459923833595832,0.916838207031389,0.229400141395867,0.76347108677717,0.576689206779208,42,0.233257409478581,0.138001231513596,0.0909789890881959,FALSE,NA,0.1
"Environment3",73,"GAUSSIAN",1.0715735421053,0.214369255595714,0.674909963985594,0.457002635612857,0.922584993506045,0.211250070267939,0.758622965574139,0.571365910279545,41,0.170451610870863,0.158415534028481,0.281937148123834,FALSE,NA,0.1
"Environment3",73,"POISSON",NA,NA,NA,NA,NA,NA,NA,NA,NA,NA,NA,NA,TRUE,"[33m![39m in callr subprocess.
[1mCaused by error[22m in `checkForRemoteErrors(val)`:
[33m![39m one node produced an error: missing value where TRUE/FALSE needed",0.1
"Environment3",73,"MAE",1.07463151369828,0.139737820342188,0.664825930372149,0.453899087961558,0.943688564317001,0.18726762841451,0.749169729243231,0.551532144316382,42,0.197180747592607,0.217271993530231,0.364126847126087,FALSE,NA,0.1
"Environment3",73,"NBINOM",1.86117727683713,1.44070497941387,0.644465786314526,-0.638057870227248,1.62362013661964,1.3577554698944,0.725989649741244,-0.327525259527879,0,0.0481275953462164,0.0789497365430703,0.542128188437467,FALSE,NA,0.1
"Environment1",74,"GLM",1.05847127046378,0.212470719707893,0.838559423769508,0.671053857427379,0.955760745574532,0.196851746549086,0.741755043876097,-0.940795657039264,32,1.88909957082881,0.124543100403728,5.73957599399133e-52,FALSE,NA,2
"Environment1",74,"POISSON",NA,NA,NA,NA,NA,NA,NA,NA,NA,NA,NA,NA,TRUE,"[33m![39m in callr subprocess.
[1mCaused by error[22m in `checkForRemoteErrors(val)`:
[33m![39m one node produced an error: missing value where TRUE/FALSE needed",2
"Environment1",74,"MAE",1.08109591763204,0.269146344170289,0.823385354141657,0.656841229305726,0.928453605678117,0.275752417920697,0.757560939023476,0.563878542759641,31,1.82283888767939,0.154102778449613,2.77332856850455e-32,FALSE,NA,2
"Environment1",74,"MSE",1.08075587801432,0.284003798860657,0.82953181272509,0.657057064412112,0.908417027848558,0.260583282369684,0.767125178129453,0.582498949311012,31,1.86786685465276,0.174774362509978,1.16713614291491e-26,FALSE,NA,2
"Environment1",74,"GAUSSIAN",1.09251423861665,0.278313884622742,0.831836734693878,0.649554199419364,0.918376476222427,0.24355035717836,0.763579089477237,0.573294203847244,32,1.83362125580013,0.131963736034491,6.80303919763169e-44,FALSE,NA,2
"Environment1",74,"NBINOM",2.00016007076899,1.63942020018161,0.836062424969988,-0.174616656430581,1.50772758947805,1.38672107222906,0.751097277431936,-0.150092586794909,0,1.1294220970695,0.487599004124411,0.020542283334268,FALSE,NA,2
"Environment2",74,"GLM",1.05847127046378,0.212470719707893,0.838559423769508,0.671053857427379,0.955760745574532,0.196851746549086,0.741755043876097,-0.940795657039264,32,0.282843907348431,0.104130285391736,0.00660260020479456,FALSE,NA,0.4
"Environment2",74,"POISSON",NA,NA,NA,NA,NA,NA,NA,NA,NA,NA,NA,NA,TRUE,"[33m![39m in callr subprocess.
[1mCaused by error[22m in `checkForRemoteErrors(val)`:
[33m![39m one node produced an error: missing value where TRUE/FALSE needed",0.4
"Environment2",74,"MSE",1.08075587801432,0.284003798860657,0.82953181272509,0.657057064412112,0.908417027848558,0.260583282369684,0.767125178129453,0.582498949311012,31,0.320652925745559,0.135943643957106,0.0183381104650918,FALSE,NA,0.4
"Environment2",74,"GAUSSIAN",1.09251423861665,0.278313884622742,0.831836734693878,0.649554199419364,0.918376476222427,0.24355035717836,0.763579089477237,0.573294203847244,32,0.256931639719009,0.13673747423628,0.0602425703498095,FALSE,NA,0.4
"Environment2",74,"MAE",1.08109591763204,0.269146344170289,0.823385354141657,0.656841229305726,0.928453605678117,0.275752417920697,0.757560939023476,0.563878542759641,31,0.273352850937314,0.166077740744007,0.0997775329774435,FALSE,NA,0.4
"Environment2",74,"NBINOM",2.00016007076899,1.63942020018161,0.836062424969988,-0.174616656430581,1.50772758947805,1.38672107222906,0.751097277431936,-0.150092586794909,0,0.134529212118518,0.150471930133479,0.371295911265378,FALSE,NA,0.4
"Environment3",74,"GLM",1.05847127046378,0.212470719707893,0.838559423769508,0.671053857427379,0.955760745574532,0.196851746549086,0.741755043876097,-0.940795657039264,32,-0.00413916934435043,0.0888902179544328,0.962859960478574,FALSE,NA,0.1
"Environment3",74,"MSE",1.08075587801432,0.284003798860657,0.82953181272509,0.657057064412112,0.908417027848558,0.260583282369684,0.767125178129453,0.582498949311012,31,-0.035448798066318,0.137658911184937,0.79678368452989,FALSE,NA,0.1
"Environment3",74,"GAUSSIAN",1.09251423861665,0.278313884622742,0.831836734693878,0.649554199419364,0.918376476222427,0.24355035717836,0.763579089477237,0.573294203847244,32,-0.00413252287320938,0.153350432563447,0.97850102473272,FALSE,NA,0.1
"Environment3",74,"POISSON",NA,NA,NA,NA,NA,NA,NA,NA,NA,NA,NA,NA,TRUE,"[33m![39m in callr subprocess.
[1mCaused by error[22m in `checkForRemoteErrors(val)`:
[33m![39m one node produced an error: missing value where TRUE/FALSE needed",0.1
"Environment3",74,"MAE",1.08109591763204,0.269146344170289,0.823385354141657,0.656841229305726,0.928453605678117,0.275752417920697,0.757560939023476,0.563878542759641,31,0.0997716517072949,0.0798622897149155,0.211556772656787,FALSE,NA,0.1
"Environment3",74,"NBINOM",2.00016007076899,1.63942020018161,0.836062424969988,-0.174616656430581,1.50772758947805,1.38672107222906,0.751097277431936,-0.150092586794909,0,-0.0860555456910119,0.0632472829011135,0.173633669733785,FALSE,NA,0.1
"Environment1",75,"GLM",1.08821162551147,0.103356464046892,0.797454981992797,0.591048700659205,1.04504039665627,0.117541931389163,0.78232055801395,-0.388617653246525,33,2.16945319926974,0.137530597973228,4.67322121955606e-56,FALSE,NA,2
"Environment1",75,"POISSON",NA,NA,NA,NA,NA,NA,NA,NA,NA,NA,NA,NA,TRUE,"[33m![39m in callr subprocess.
[1mCaused by error[22m in `checkForRemoteErrors(val)`:
[33m![39m one node produced an error: missing value where TRUE/FALSE needed",2
"Environment1",75,"MAE",1.11053908819723,0.233914899728136,0.795918367346939,0.574095166891804,1.00716211711453,0.231191238265283,0.798916972924323,0.625412270616564,35,2.07835124449665,0.178720998870314,2.93424496160726e-31,FALSE,NA,2
"Environment1",75,"MSE",1.1445018751237,0.26687213416937,0.782665066026411,0.547646570714272,0.988965917373933,0.244859156880899,0.805025125628141,0.6388252072302,35,2.06686251262564,0.159044348287474,1.29738980965962e-38,FALSE,NA,2
"Environment1",75,"GAUSSIAN",1.15019551356824,0.238882465748919,0.788235294117647,0.543134663326671,1.00189411482269,0.218389046694892,0.800328508212705,0.629320615052327,36,2.01925810958073,0.154726104880813,6.3104516756008e-39,FALSE,NA,2
"Environment1",75,"NBINOM",1.83601370706578,1.38180294482847,0.790252100840336,-0.164117206042602,1.86488479350181,1.49162297099767,0.787725193129828,-0.284277275384078,0,0.693615340805531,0.284934840008445,0.0149208457851383,FALSE,NA,2
"Environment2",75,"GLM",1.08821162551147,0.103356464046892,0.797454981992797,0.591048700659205,1.04504039665627,0.117541931389163,0.78232055801395,-0.388617653246525,33,0.426461555212524,0.110404465097137,0.00011213142307807,FALSE,NA,0.4
"Environment2",75,"POISSON",NA,NA,NA,NA,NA,NA,NA,NA,NA,NA,NA,NA,TRUE,"[33m![39m in callr subprocess.
[1mCaused by error[22m in `checkForRemoteErrors(val)`:
[33m![39m one node produced an error: missing value where TRUE/FALSE needed",0.4
"Environment2",75,"MSE",1.1445018751237,0.26687213416937,0.782665066026411,0.547646570714272,0.988965917373933,0.244859156880899,0.805025125628141,0.6388252072302,35,0.4552241725247,0.139201167144058,0.00107448229074891,FALSE,NA,0.4
"Environment2",75,"GAUSSIAN",1.15019551356824,0.238882465748919,0.788235294117647,0.543134663326671,1.00189411482269,0.218389046694892,0.800328508212705,0.629320615052327,36,0.345292779990654,0.166253829606224,0.0378106780019454,FALSE,NA,0.4
"Environment2",75,"MAE",1.11053908819723,0.233914899728136,0.795918367346939,0.574095166891804,1.00716211711453,0.231191238265283,0.798916972924323,0.625412270616564,35,0.491289033276989,0.189037883236497,0.0093525206192074,FALSE,NA,0.4
"Environment2",75,"NBINOM",1.83601370706578,1.38180294482847,0.790252100840336,-0.164117206042602,1.86488479350181,1.49162297099767,0.787725193129828,-0.284277275384078,0,0.155193002953253,0.0948396131969067,0.101761501022229,FALSE,NA,0.4
"Environment3",75,"GLM",1.08821162551147,0.103356464046892,0.797454981992797,0.591048700659205,1.04504039665627,0.117541931389163,0.78232055801395,-0.388617653246525,33,0.200111334338191,0.160546263475741,0.212602790320424,FALSE,NA,0.1
"Environment3",75,"MSE",1.1445018751237,0.26687213416937,0.782665066026411,0.547646570714272,0.988965917373933,0.244859156880899,0.805025125628141,0.6388252072302,35,0.214705078545547,0.187406048522056,0.25193262489173,FALSE,NA,0.1
"Environment3",75,"GAUSSIAN",1.15019551356824,0.238882465748919,0.788235294117647,0.543134663326671,1.00189411482269,0.218389046694892,0.800328508212705,0.629320615052327,36,0.183680417291544,0.171247220341007,0.283448924269492,FALSE,NA,0.1
"Environment3",75,"POISSON",NA,NA,NA,NA,NA,NA,NA,NA,NA,NA,NA,NA,TRUE,"[33m![39m in callr subprocess.
[1mCaused by error[22m in `checkForRemoteErrors(val)`:
[33m![39m one node produced an error: missing value where TRUE/FALSE needed",0.1
"Environment3",75,"MAE",1.11053908819723,0.233914899728136,0.795918367346939,0.574095166891804,1.00716211711453,0.231191238265283,0.798916972924323,0.625412270616564,35,0.151129701341917,0.155594784732145,0.331397350861125,FALSE,NA,0.1
"Environment3",75,"NBINOM",1.83601370706578,1.38180294482847,0.790252100840336,-0.164117206042602,1.86488479350181,1.49162297099767,0.787725193129828,-0.284277275384078,0,0.0459684993048217,0.0969983681928369,0.635564068498365,FALSE,NA,0.1
"Environment1",76,"GLM",0.850562396049437,0.0901585277331702,0.814645858343337,0.658708090977385,1.0095627830222,0.0748142766824693,0.758049951248781,-0.307977814657435,34,1.97559300901405,0.111054677690419,8.54315137202302e-71,FALSE,NA,2
"Environment1",76,"POISSON",NA,NA,NA,NA,NA,NA,NA,NA,NA,NA,NA,NA,TRUE,"[33m![39m in callr subprocess.
[1mCaused by error[22m in `checkForRemoteErrors(val)`:
[33m![39m one node produced an error: missing value where TRUE/FALSE needed",2
"Environment1",76,"MAE",0.804243181240431,0.212784672218123,0.817719087635054,0.694867539692423,0.953675550416269,0.214010638879734,0.791916297907448,0.626317847467421,35,1.86657089348137,0.257581837402517,4.27628838195866e-13,FALSE,NA,2
"Environment1",76,"MSE",0.805686446890926,0.30593748756592,0.822521008403361,0.693771397728043,0.909434417223275,0.312610647717487,0.807311182779569,0.660183994564533,36,1.944110615385,0.152947682181474,5.14049298341651e-37,FALSE,NA,2
"Environment1",76,"GAUSSIAN",0.805011625449933,0.248557161885578,0.827130852340936,0.694284160690241,0.943426880893699,0.233567310350124,0.794307357683942,0.6343062387374,37,1.81771484378912,0.143230987245318,6.65087476418383e-37,FALSE,NA,2
"Environment1",76,"NBINOM",1.62103024458831,1.33977913550031,0.794477791116447,-0.239640828436757,1.75331532339921,1.45354772113247,0.788583214580365,-0.263051664274877,0,0.668812244020505,0.284970610057748,0.0189277106680544,FALSE,NA,2
"Environment2",76,"GLM",0.850562396049437,0.0901585277331702,0.814645858343337,0.658708090977385,1.0095627830222,0.0748142766824693,0.758049951248781,-0.307977814657435,34,0.498106937186088,0.139549745698347,0.000357818601912619,FALSE,NA,0.4
"Environment2",76,"POISSON",NA,NA,NA,NA,NA,NA,NA,NA,NA,NA,NA,NA,TRUE,"[33m![39m in callr subprocess.
[1mCaused by error[22m in `checkForRemoteErrors(val)`:
[33m![39m one node produced an error: missing value where TRUE/FALSE needed",0.4
"Environment2",76,"MSE",0.805686446890926,0.30593748756592,0.822521008403361,0.693771397728043,0.909434417223275,0.312610647717487,0.807311182779569,0.660183994564533,36,0.440435559230478,0.202910296749331,0.0299619929104299,FALSE,NA,0.4
"Environment2",76,"GAUSSIAN",0.805011625449933,0.248557161885578,0.827130852340936,0.694284160690241,0.943426880893699,0.233567310350124,0.794307357683942,0.6343062387374,37,0.493149992548504,0.163027520130851,0.00248674760652505,FALSE,NA,0.4
"Environment2",76,"MAE",0.804243181240431,0.212784672218123,0.817719087635054,0.694867539692423,0.953675550416269,0.214010638879734,0.791916297907448,0.626317847467421,35,0.405345582475769,0.285975999906266,0.156362742816332,FALSE,NA,0.4
"Environment2",76,"NBINOM",1.62103024458831,1.33977913550031,0.794477791116447,-0.239640828436757,1.75331532339921,1.45354772113247,0.788583214580365,-0.263051664274877,0,0.0891062190505785,0.0864078528561909,0.302433795031399,FALSE,NA,0.4
"Environment3",76,"GLM",0.850562396049437,0.0901585277331702,0.814645858343337,0.658708090977385,1.0095627830222,0.0748142766824693,0.758049951248781,-0.307977814657435,34,0.165767298740988,0.131925766327109,0.208927678295602,FALSE,NA,0.1
"Environment3",76,"MSE",0.805686446890926,0.30593748756592,0.822521008403361,0.693771397728043,0.909434417223275,0.312610647717487,0.807311182779569,0.660183994564533,36,0.165929901375241,0.164448619620838,0.312971005769546,FALSE,NA,0.1
"Environment3",76,"GAUSSIAN",0.805011625449933,0.248557161885578,0.827130852340936,0.694284160690241,0.943426880893699,0.233567310350124,0.794307357683942,0.6343062387374,37,0.160688697890211,0.150322258503295,0.285087045031083,FALSE,NA,0.1
"Environment3",76,"POISSON",NA,NA,NA,NA,NA,NA,NA,NA,NA,NA,NA,NA,TRUE,"[33m![39m in callr subprocess.
[1mCaused by error[22m in `checkForRemoteErrors(val)`:
[33m![39m one node produced an error: missing value where TRUE/FALSE needed",0.1
"Environment3",76,"MAE",0.804243181240431,0.212784672218123,0.817719087635054,0.694867539692423,0.953675550416269,0.214010638879734,0.791916297907448,0.626317847467421,35,0.208162786288116,0.175720211405837,0.236165228299041,FALSE,NA,0.1
"Environment3",76,"NBINOM",1.62103024458831,1.33977913550031,0.794477791116447,-0.239640828436757,1.75331532339921,1.45354772113247,0.788583214580365,-0.263051664274877,0,0.00608091376502773,0.0578299615780224,0.916255504669302,FALSE,NA,0.1
"Environment1",77,"GLM",0.852627855866182,0.043128424994215,0.833469387755102,0.683492141226706,0.970228193276361,0.0497431852105018,0.754406360159004,-0.61436103689179,37,1.98077420188729,0.0994146160519253,2.5014428867675e-88,FALSE,NA,2
"Environment1",77,"POISSON",NA,NA,NA,NA,NA,NA,NA,NA,NA,NA,NA,NA,TRUE,"[33m![39m in callr subprocess.
[1mCaused by error[22m in `checkForRemoteErrors(val)`:
[33m![39m one node produced an error: missing value where TRUE/FALSE needed",2
"Environment1",77,"MAE",0.88436861075349,0.156302769599579,0.825210084033614,0.659488250017426,0.945824052526175,0.166584563031305,0.772117302932574,0.589640801050571,36,2.01808094142377,0.152468328139411,5.43200910336834e-40,FALSE,NA,2
"Environment1",77,"MSE",0.900343612367663,0.250528079334822,0.793037214885954,0.647075312416952,0.891533425108689,0.288665290840855,0.800757518937974,0.635398269314134,38,2.09731852093409,0.188540659971132,9.59192870337835e-29,FALSE,NA,2
"Environment1",77,"GAUSSIAN",0.893174718431775,0.178941720557491,0.809267707082833,0.65267319053322,0.922884376797241,0.2066250126496,0.781341033525838,0.609304820016326,38,2.00821334826201,0.191009455295179,7.47153728671846e-26,FALSE,NA,2
"Environment1",77,"NBINOM",2.48064879160136,2.3007348285518,0.792941176470588,-1.67914381249129,1.69431473084049,1.41311555140635,0.765364134103353,-0.31683584200713,0,1.28257076096142,0.662733304597475,0.0529566389999019,FALSE,NA,2
"Environment2",77,"GLM",0.852627855866182,0.043128424994215,0.833469387755102,0.683492141226706,0.970228193276361,0.0497431852105018,0.754406360159004,-0.61436103689179,37,0.473534200825213,0.118450049363038,6.394626088893e-05,FALSE,NA,0.4
"Environment2",77,"POISSON",NA,NA,NA,NA,NA,NA,NA,NA,NA,NA,NA,NA,TRUE,"[33m![39m in callr subprocess.
[1mCaused by error[22m in `checkForRemoteErrors(val)`:
[33m![39m one node produced an error: missing value where TRUE/FALSE needed",0.4
"Environment2",77,"MSE",0.900343612367663,0.250528079334822,0.793037214885954,0.647075312416952,0.891533425108689,0.288665290840855,0.800757518937974,0.635398269314134,38,0.494130860965466,0.168466358690887,0.00335581766008185,FALSE,NA,0.4
"Environment2",77,"GAUSSIAN",0.893174718431775,0.178941720557491,0.809267707082833,0.65267319053322,0.922884376797241,0.2066250126496,0.781341033525838,0.609304820016326,38,0.47360172826927,0.133907509086742,0.000405033146983101,FALSE,NA,0.4
"Environment2",77,"MAE",0.88436861075349,0.156302769599579,0.825210084033614,0.659488250017426,0.945824052526175,0.166584563031305,0.772117302932574,0.589640801050571,36,0.440777429346177,0.126160579655008,0.000476231603709906,FALSE,NA,0.4
"Environment2",77,"NBINOM",2.48064879160136,2.3007348285518,0.792941176470588,-1.67914381249129,1.69431473084049,1.41311555140635,0.765364134103353,-0.31683584200713,0,0.214275271633593,0.18210952912703,0.239343796362277,FALSE,NA,0.4
"Environment3",77,"GLM",0.852627855866182,0.043128424994215,0.833469387755102,0.683492141226706,0.970228193276361,0.0497431852105018,0.754406360159004,-0.61436103689179,37,0.0813328422638455,0.13337834748674,0.542000629852581,FALSE,NA,0.1
"Environment3",77,"MSE",0.900343612367663,0.250528079334822,0.793037214885954,0.647075312416952,0.891533425108689,0.288665290840855,0.800757518937974,0.635398269314134,38,0.0225404876002067,0.184657734920149,0.902846506100179,FALSE,NA,0.1
"Environment3",77,"GAUSSIAN",0.893174718431775,0.178941720557491,0.809267707082833,0.65267319053322,0.922884376797241,0.2066250126496,0.781341033525838,0.609304820016326,38,0.107203957688769,0.192812440225914,0.578210000580654,FALSE,NA,0.1
"Environment3",77,"POISSON",NA,NA,NA,NA,NA,NA,NA,NA,NA,NA,NA,NA,TRUE,"[33m![39m in callr subprocess.
[1mCaused by error[22m in `checkForRemoteErrors(val)`:
[33m![39m one node produced an error: missing value where TRUE/FALSE needed",0.1
"Environment3",77,"MAE",0.88436861075349,0.156302769599579,0.825210084033614,0.659488250017426,0.945824052526175,0.166584563031305,0.772117302932574,0.589640801050571,36,0.0501136539503859,0.181741975534329,0.782747256603165,FALSE,NA,0.1
"Environment3",77,"NBINOM",2.48064879160136,2.3007348285518,0.792941176470588,-1.67914381249129,1.69431473084049,1.41311555140635,0.765364134103353,-0.31683584200713,0,-0.0577657831821319,0.115831211257333,0.617986133005053,FALSE,NA,0.1
"Environment1",78,"GLM",1.03241455048809,0.222277653293964,0.785546218487395,0.584658452002421,0.840771992547027,0.210107437350689,0.843187579689492,-0.686323425442719,38,2.22260925733268,0.0998220659963613,7.94525019648298e-110,FALSE,NA,2
"Environment1",78,"POISSON",NA,NA,NA,NA,NA,NA,NA,NA,NA,NA,NA,NA,TRUE,"[33m![39m in callr subprocess.
[1mCaused by error[22m in `checkForRemoteErrors(val)`:
[33m![39m one node produced an error: missing value where TRUE/FALSE needed",2
"Environment1",78,"MAE",1.04171617390339,0.25411385667043,0.781416566626651,0.577140630302929,0.819221158698496,0.286995911197478,0.849748743718593,0.730192056419376,36,2.23040720140934,0.246438592041966,1.42237317471456e-19,FALSE,NA,2
"Environment1",78,"MSE",1.05221407847611,0.303513637658011,0.782665066026411,0.568574947736799,0.789192253581144,0.29483131353907,0.857166429160729,0.749609390113288,38,2.26930770984245,0.195059483127211,2.77053457615787e-31,FALSE,NA,2
"Environment1",78,"GAUSSIAN",1.04473616010957,0.288430946558432,0.773061224489796,0.574685296343146,0.787771474087393,0.28221836637833,0.857809945248631,0.75051013290408,37,2.26436715574563,0.197445411603642,1.90318290348032e-30,FALSE,NA,2
"Environment1",78,"NBINOM",1.84761496710168,1.67138628206174,0.778055222088836,-0.330209628886657,1.98499795716044,1.64147661793501,0.832682817070427,-0.584063324084233,0,1.14936072971855,0.696978244484733,0.099134818391065,FALSE,NA,2
"Environment2",78,"GLM",1.03241455048809,0.222277653293964,0.785546218487395,0.584658452002421,0.840771992547027,0.210107437350689,0.843187579689492,-0.686323425442719,38,0.309232278029652,0.0859452812273506,0.00032065703729359,FALSE,NA,0.4
"Environment2",78,"POISSON",NA,NA,NA,NA,NA,NA,NA,NA,NA,NA,NA,NA,TRUE,"[33m![39m in callr subprocess.
[1mCaused by error[22m in `checkForRemoteErrors(val)`:
[33m![39m one node produced an error: missing value where TRUE/FALSE needed",0.4
"Environment2",78,"MSE",1.05221407847611,0.303513637658011,0.782665066026411,0.568574947736799,0.789192253581144,0.29483131353907,0.857166429160729,0.749609390113288,38,0.305093631142838,0.0982026559848653,0.00189139810658148,FALSE,NA,0.4
"Environment2",78,"GAUSSIAN",1.04473616010957,0.288430946558432,0.773061224489796,0.574685296343146,0.787771474087393,0.28221836637833,0.857809945248631,0.75051013290408,37,0.355715453549492,0.17307335689075,0.03985127376173,FALSE,NA,0.4
"Environment2",78,"MAE",1.04171617390339,0.25411385667043,0.781416566626651,0.577140630302929,0.819221158698496,0.286995911197478,0.849748743718593,0.730192056419376,36,0.204642381583217,0.11107005850258,0.0654075744138016,FALSE,NA,0.4
"Environment2",78,"NBINOM",1.84761496710168,1.67138628206174,0.778055222088836,-0.330209628886657,1.98499795716044,1.64147661793501,0.832682817070427,-0.584063324084233,0,0.144004635390737,0.120200192624884,0.230901456126863,FALSE,NA,0.4
"Environment3",78,"GLM",1.03241455048809,0.222277653293964,0.785546218487395,0.584658452002421,0.840771992547027,0.210107437350689,0.843187579689492,-0.686323425442719,38,0.286613406691126,0.100544187231962,0.00436338968788228,FALSE,NA,0.1
"Environment3",78,"MSE",1.05221407847611,0.303513637658011,0.782665066026411,0.568574947736799,0.789192253581144,0.29483131353907,0.857166429160729,0.749609390113288,38,0.333245939560009,0.11112207983136,0.00270940743274291,FALSE,NA,0.1
"Environment3",78,"GAUSSIAN",1.04473616010957,0.288430946558432,0.773061224489796,0.574685296343146,0.787771474087393,0.28221836637833,0.857809945248631,0.75051013290408,37,0.332431550320922,0.155720093773123,0.0327771959456103,FALSE,NA,0.1
"Environment3",78,"POISSON",NA,NA,NA,NA,NA,NA,NA,NA,NA,NA,NA,NA,TRUE,"[33m![39m in callr subprocess.
[1mCaused by error[22m in `checkForRemoteErrors(val)`:
[33m![39m one node produced an error: missing value where TRUE/FALSE needed",0.1
"Environment3",78,"MAE",1.04171617390339,0.25411385667043,0.781416566626651,0.577140630302929,0.819221158698496,0.286995911197478,0.849748743718593,0.730192056419376,36,0.270926451634527,0.165970119611073,0.102599272229587,FALSE,NA,0.1
"Environment3",78,"NBINOM",1.84761496710168,1.67138628206174,0.778055222088836,-0.330209628886657,1.98499795716044,1.64147661793501,0.832682817070427,-0.584063324084233,0,0.0551695851445139,0.107336357314625,0.607260474808859,FALSE,NA,0.1
"Environment1",79,"GLM",0.953527974585006,0.256889508058619,0.738583433373349,0.636009362832482,1.0502838358478,0.249422513588071,0.749966249156229,-0.544545721390736,35,1.84116606861919,0.165993921769288,1.37542126574569e-28,FALSE,NA,2
"Environment1",79,"POISSON",NA,NA,NA,NA,NA,NA,NA,NA,NA,NA,NA,NA,TRUE,"[33m![39m in callr subprocess.
[1mCaused by error[22m in `checkForRemoteErrors(val)`:
[33m![39m one node produced an error: missing value where TRUE/FALSE needed",2
"Environment1",79,"MAE",0.937483873556334,0.328452058015202,0.748379351740696,0.64815535432914,0.998619029479114,0.338702060828861,0.777940448511213,0.570800488195954,35,1.60610252553935,0.168286254199695,1.37596350073255e-21,FALSE,NA,2
"Environment1",79,"MSE",0.940280764742802,0.318493589702356,0.727250900360144,0.646052834688605,0.947313829855419,0.365921983397511,0.806484662116553,0.613768848144969,31,1.70386483649217,0.22136929928924,1.39370081191769e-14,FALSE,NA,2
"Environment1",79,"GAUSSIAN",0.919002333872594,0.310977021547896,0.742713085234094,0.661891130680756,0.965619985478267,0.333447688395615,0.797013425335634,0.598697342573425,32,1.6487772136007,0.1537248983867,7.7263603964465e-27,FALSE,NA,2
"Environment1",79,"NBINOM",1.35448966176717,1.16778353914459,0.732244897959184,0.265528879460106,1.93711493466946,1.6355467110615,0.767350183754594,-0.614991805052411,0,0.710213909808755,0.342943780312575,0.0383649710758662,FALSE,NA,2
"Environment2",79,"GLM",0.953527974585006,0.256889508058619,0.738583433373349,0.636009362832482,1.0502838358478,0.249422513588071,0.749966249156229,-0.544545721390736,35,0.297659887494883,0.104711150036584,0.00447365039342321,FALSE,NA,0.4
"Environment2",79,"POISSON",NA,NA,NA,NA,NA,NA,NA,NA,NA,NA,NA,NA,TRUE,"[33m![39m in callr subprocess.
[1mCaused by error[22m in `checkForRemoteErrors(val)`:
[33m![39m one node produced an error: missing value where TRUE/FALSE needed",0.4
"Environment2",79,"MSE",0.940280764742802,0.318493589702356,0.727250900360144,0.646052834688605,0.947313829855419,0.365921983397511,0.806484662116553,0.613768848144969,31,0.253911297827161,0.175010055506728,0.146824881772916,FALSE,NA,0.4
"Environment2",79,"GAUSSIAN",0.919002333872594,0.310977021547896,0.742713085234094,0.661891130680756,0.965619985478267,0.333447688395615,0.797013425335634,0.598697342573425,32,0.233241846307195,0.157288895596142,0.138104118682123,FALSE,NA,0.4
"Environment2",79,"MAE",0.937483873556334,0.328452058015202,0.748379351740696,0.64815535432914,0.998619029479114,0.338702060828861,0.777940448511213,0.570800488195954,35,0.267344031144888,0.152156827247664,0.0789127843799874,FALSE,NA,0.4
"Environment2",79,"NBINOM",1.35448966176717,1.16778353914459,0.732244897959184,0.265528879460106,1.93711493466946,1.6355467110615,0.767350183754594,-0.614991805052411,0,0.0841394326513713,0.141823443231538,0.553001234555798,FALSE,NA,0.4
"Environment3",79,"GLM",0.953527974585006,0.256889508058619,0.738583433373349,0.636009362832482,1.0502838358478,0.249422513588071,0.749966249156229,-0.544545721390736,35,-0.229674608270604,0.112781938876208,0.0417053412676198,FALSE,NA,0.1
"Environment3",79,"MSE",0.940280764742802,0.318493589702356,0.727250900360144,0.646052834688605,0.947313829855419,0.365921983397511,0.806484662116553,0.613768848144969,31,-0.0620041531982497,0.170215058157337,0.71565677712916,FALSE,NA,0.1
"Environment3",79,"GAUSSIAN",0.919002333872594,0.310977021547896,0.742713085234094,0.661891130680756,0.965619985478267,0.333447688395615,0.797013425335634,0.598697342573425,32,-0.088436216607317,0.185596024357607,0.633719316430405,FALSE,NA,0.1
"Environment3",79,"POISSON",NA,NA,NA,NA,NA,NA,NA,NA,NA,NA,NA,NA,TRUE,"[33m![39m in callr subprocess.
[1mCaused by error[22m in `checkForRemoteErrors(val)`:
[33m![39m one node produced an error: missing value where TRUE/FALSE needed",0.1
"Environment3",79,"MAE",0.937483873556334,0.328452058015202,0.748379351740696,0.64815535432914,0.998619029479114,0.338702060828861,0.777940448511213,0.570800488195954,35,-0.158200027653686,0.166475890733481,0.341965976117211,FALSE,NA,0.1
"Environment3",79,"NBINOM",1.35448966176717,1.16778353914459,0.732244897959184,0.265528879460106,1.93711493466946,1.6355467110615,0.767350183754594,-0.614991805052411,0,-0.00460256048136531,0.232056057318872,0.984175930439582,FALSE,NA,0.1
"Environment1",80,"GLM",0.894390024736168,0.148659094719009,0.759711884753902,0.504477608935773,1.00716407435862,0.141368514348831,0.787156678916973,-0.391325672447646,32,2.22560062039871,0.0818423033092546,7.6962282303114e-163,FALSE,NA,2
"Environment1",80,"POISSON",NA,NA,NA,NA,NA,NA,NA,NA,NA,NA,NA,NA,TRUE,"[33m![39m in callr subprocess.
[1mCaused by error[22m in `checkForRemoteErrors(val)`:
[33m![39m one node produced an error: missing value where TRUE/FALSE needed",2
"Environment1",80,"MAE",0.873878650803895,0.23352776947487,0.762400960384154,0.526944987119576,0.962524381541302,0.242974791135278,0.802260556513913,0.634580476007453,29,2.03602625720669,0.229744033933685,7.84853881357922e-19,FALSE,NA,2
"Environment1",80,"MSE",0.872159932572764,0.220679470851041,0.755486194477791,0.528803937981412,0.919730950381076,0.276649186947777,0.821794044851121,0.666350966100143,31,2.14739221091173,0.182888980738905,7.80827435998333e-32,FALSE,NA,2
"Environment1",80,"GAUSSIAN",0.916976398431898,0.277724049982453,0.754333733493397,0.479134364497381,0.946595936705167,0.280242483278091,0.812156303907598,0.646574777035088,30,2.13099177815509,0.17849779169359,7.45762207974089e-33,FALSE,NA,2
"Environment1",80,"NBINOM",1.61180768135487,1.24804631931375,0.745018007202881,-0.609295631205424,1.83523274772869,1.50369975373731,0.791886297157429,-0.32846638328541,0,1.26680173773748,0.666124627487487,0.0572039974766209,FALSE,NA,2
"Environment2",80,"GLM",0.894390024736168,0.148659094719009,0.759711884753902,0.504477608935773,1.00716407435862,0.141368514348831,0.787156678916973,-0.391325672447646,32,0.338344004750681,0.148041782172383,0.0222856978750728,FALSE,NA,0.4
"Environment2",80,"POISSON",NA,NA,NA,NA,NA,NA,NA,NA,NA,NA,NA,NA,TRUE,"[33m![39m in callr subprocess.
[1mCaused by error[22m in `checkForRemoteErrors(val)`:
[33m![39m one node produced an error: missing value where TRUE/FALSE needed",0.4
"Environment2",80,"MSE",0.872159932572764,0.220679470851041,0.755486194477791,0.528803937981412,0.919730950381076,0.276649186947777,0.821794044851121,0.666350966100143,31,0.371995167989069,0.155678846712196,0.0168711575348576,FALSE,NA,0.4
"Environment2",80,"GAUSSIAN",0.916976398431898,0.277724049982453,0.754333733493397,0.479134364497381,0.946595936705167,0.280242483278091,0.812156303907598,0.646574777035088,30,0.313727960704239,0.153573958003675,0.0410676756889723,FALSE,NA,0.4
"Environment2",80,"MAE",0.873878650803895,0.23352776947487,0.762400960384154,0.526944987119576,0.962524381541302,0.242974791135278,0.802260556513913,0.634580476007453,29,0.411902951372318,0.185083195578177,0.0260475825767561,FALSE,NA,0.4
"Environment2",80,"NBINOM",1.61180768135487,1.24804631931375,0.745018007202881,-0.609295631205424,1.83523274772869,1.50369975373731,0.791886297157429,-0.32846638328541,0,-0.0273286541174126,0.156885705662535,0.861712472262552,FALSE,NA,0.4
"Environment3",80,"GLM",0.894390024736168,0.148659094719009,0.759711884753902,0.504477608935773,1.00716407435862,0.141368514348831,0.787156678916973,-0.391325672447646,32,0.0326578466137902,0.132681101982796,0.805575492392507,FALSE,NA,0.1
"Environment3",80,"MSE",0.872159932572764,0.220679470851041,0.755486194477791,0.528803937981412,0.919730950381076,0.276649186947777,0.821794044851121,0.666350966100143,31,-0.0132271088141642,0.217124003831259,0.951423234939706,FALSE,NA,0.1
"Environment3",80,"GAUSSIAN",0.916976398431898,0.277724049982453,0.754333733493397,0.479134364497381,0.946595936705167,0.280242483278091,0.812156303907598,0.646574777035088,30,0.022940737950812,0.178678527502921,0.897839450749379,FALSE,NA,0.1
"Environment3",80,"POISSON",NA,NA,NA,NA,NA,NA,NA,NA,NA,NA,NA,NA,TRUE,"[33m![39m in callr subprocess.
[1mCaused by error[22m in `checkForRemoteErrors(val)`:
[33m![39m one node produced an error: missing value where TRUE/FALSE needed",0.1
"Environment3",80,"MAE",0.873878650803895,0.23352776947487,0.762400960384154,0.526944987119576,0.962524381541302,0.242974791135278,0.802260556513913,0.634580476007453,29,0.0445983548341937,0.193839643320241,0.818030689266876,FALSE,NA,0.1
"Environment3",80,"NBINOM",1.61180768135487,1.24804631931375,0.745018007202881,-0.609295631205424,1.83523274772869,1.50369975373731,0.791886297157429,-0.32846638328541,0,-0.0396700480717311,0.110344310922524,0.719212480838745,FALSE,NA,0.1
"Environment1",81,"GLM",0.961762780333365,0.160389277325269,0.685282112845138,0.486225054863748,0.969150036201662,0.15806578209582,0.810701267531688,-0.486989542477052,40,2.16484509823407,0.0939559313873303,1.80774657302826e-117,FALSE,NA,2
"Environment1",81,"POISSON",NA,NA,NA,NA,NA,NA,NA,NA,NA,NA,NA,NA,TRUE,"[33m![39m in callr subprocess.
[1mCaused by error[22m in `checkForRemoteErrors(val)`:
[33m![39m one node produced an error: missing value where TRUE/FALSE needed",2
"Environment1",81,"MAE",0.965885567790909,0.179123979695187,0.685186074429772,0.481810816854833,0.966479232286095,0.197959798959748,0.81881647041176,0.643133050148369,39,2.04175624718517,0.133961903931084,1.88032762103459e-52,FALSE,NA,2
"Environment1",81,"MSE",0.982715434161392,0.227678742945508,0.67750300120048,0.463595338591144,0.934293598027743,0.236293906165364,0.822899572489312,0.666506001959572,40,2.05815455687046,0.143257297287156,8.35586137042881e-47,FALSE,NA,2
"Environment1",81,"GAUSSIAN",0.987977892265847,0.23424214001172,0.678175270108043,0.457835044105973,0.934101374534682,0.250071073609039,0.822331058276457,0.666643215329687,40,2.15282446283102,0.112260523453258,5.75664440274389e-82,FALSE,NA,2
"Environment1",81,"NBINOM",1.82075659054695,1.60871413995921,0.686338535414166,-0.841368759094763,1.97015132512352,1.60224284582735,0.794421360534013,-0.482929301252646,0,1.39315402766049,0.551819807378206,0.0115812283989536,FALSE,NA,2
"Environment2",81,"GLM",0.961762780333365,0.160389277325269,0.685282112845138,0.486225054863748,0.969150036201662,0.15806578209582,0.810701267531688,-0.486989542477052,40,0.334231526883597,0.11966149477058,0.00521987991141907,FALSE,NA,0.4
"Environment2",81,"POISSON",NA,NA,NA,NA,NA,NA,NA,NA,NA,NA,NA,NA,TRUE,"[33m![39m in callr subprocess.
[1mCaused by error[22m in `checkForRemoteErrors(val)`:
[33m![39m one node produced an error: missing value where TRUE/FALSE needed",0.4
"Environment2",81,"MSE",0.982715434161392,0.227678742945508,0.67750300120048,0.463595338591144,0.934293598027743,0.236293906165364,0.822899572489312,0.666506001959572,40,0.291223888582568,0.103066441005593,0.00471930798104473,FALSE,NA,0.4
"Environment2",81,"GAUSSIAN",0.987977892265847,0.23424214001172,0.678175270108043,0.457835044105973,0.934101374534682,0.250071073609039,0.822331058276457,0.666643215329687,40,0.285143078013232,0.12795312880756,0.0258474357705978,FALSE,NA,0.4
"Environment2",81,"MAE",0.965885567790909,0.179123979695187,0.685186074429772,0.481810816854833,0.966479232286095,0.197959798959748,0.81881647041176,0.643133050148369,39,0.343827601135986,0.150141806488835,0.0220202107840088,FALSE,NA,0.4
"Environment2",81,"NBINOM",1.82075659054695,1.60871413995921,0.686338535414166,-0.841368759094763,1.97015132512352,1.60224284582735,0.794421360534013,-0.482929301252646,0,0.097307091602689,0.0991212408912082,0.326248811783456,FALSE,NA,0.4
"Environment3",81,"GLM",0.961762780333365,0.160389277325269,0.685282112845138,0.486225054863748,0.969150036201662,0.15806578209582,0.810701267531688,-0.486989542477052,40,0.155404326713365,0.145909995151531,0.286844352605939,FALSE,NA,0.1
"Environment3",81,"MSE",0.982715434161392,0.227678742945508,0.67750300120048,0.463595338591144,0.934293598027743,0.236293906165364,0.822899572489312,0.666506001959572,40,0.137033508305514,0.144518774187108,0.343024806298554,FALSE,NA,0.1
"Environment3",81,"GAUSSIAN",0.987977892265847,0.23424214001172,0.678175270108043,0.457835044105973,0.934101374534682,0.250071073609039,0.822331058276457,0.666643215329687,40,0.153315877687322,0.14374533663487,0.286161609490398,FALSE,NA,0.1
"Environment3",81,"POISSON",NA,NA,NA,NA,NA,NA,NA,NA,NA,NA,NA,NA,TRUE,"[33m![39m in callr subprocess.
[1mCaused by error[22m in `checkForRemoteErrors(val)`:
[33m![39m one node produced an error: missing value where TRUE/FALSE needed",0.1
"Environment3",81,"MAE",0.965885567790909,0.179123979695187,0.685186074429772,0.481810816854833,0.966479232286095,0.197959798959748,0.81881647041176,0.643133050148369,39,0.133742608824674,0.212217635905144,0.528554322958937,FALSE,NA,0.1
"Environment3",81,"NBINOM",1.82075659054695,1.60871413995921,0.686338535414166,-0.841368759094763,1.97015132512352,1.60224284582735,0.794421360534013,-0.482929301252646,0,0.0248522676313088,0.140712583373031,0.859809054076842,FALSE,NA,0.1
"Environment1",82,"GLM",0.973173276641022,0.170214043096228,0.788139255702281,0.671933761361373,1.01342602442526,0.134779810784094,0.724125103127578,-0.417620703720207,38,1.82739864830328,0.112164838191291,1.12340350823341e-59,FALSE,NA,2
"Environment1",82,"POISSON",NA,NA,NA,NA,NA,NA,NA,NA,NA,NA,NA,NA,TRUE,"[33m![39m in callr subprocess.
[1mCaused by error[22m in `checkForRemoteErrors(val)`:
[33m![39m one node produced an error: missing value where TRUE/FALSE needed",2
"Environment1",82,"MAE",1.02485265878047,0.280200777638248,0.750876350540216,0.636165352269133,0.991453885225763,0.243734354817084,0.732555313882847,0.553263723111254,39,1.57677719937172,0.187662609440046,4.38222084051365e-17,FALSE,NA,2
"Environment1",82,"MSE",1.0454326301364,0.362107327065826,0.732436974789916,0.621406378799955,0.969986824117363,0.295098496614053,0.747774694367359,0.572399846376002,39,1.64539749218524,0.131335262141925,5.23216760780051e-36,FALSE,NA,2
"Environment1",82,"GAUSSIAN",1.00584019455518,0.27190986067704,0.777575030012005,0.649539429914935,0.983254593278216,0.233538825109455,0.739315982899573,0.560622159225466,38,1.62660177091416,0.180731603705933,2.25520538820947e-19,FALSE,NA,2
"Environment1",82,"NBINOM",1.46399646879091,1.24808051540706,0.784873949579832,0.257560194382498,1.96867674462085,1.72432269008286,0.713002325058127,-0.76138788444231,0,0.442339827310196,0.37620712947853,0.239679603935251,FALSE,NA,2
"Environment2",82,"GLM",0.973173276641022,0.170214043096228,0.788139255702281,0.671933761361373,1.01342602442526,0.134779810784094,0.724125103127578,-0.417620703720207,38,0.421654619283783,0.0877581252314994,1.5495586671586e-06,FALSE,NA,0.4
"Environment2",82,"POISSON",NA,NA,NA,NA,NA,NA,NA,NA,NA,NA,NA,NA,TRUE,"[33m![39m in callr subprocess.
[1mCaused by error[22m in `checkForRemoteErrors(val)`:
[33m![39m one node produced an error: missing value where TRUE/FALSE needed",0.4
"Environment2",82,"MSE",1.0454326301364,0.362107327065826,0.732436974789916,0.621406378799955,0.969986824117363,0.295098496614053,0.747774694367359,0.572399846376002,39,0.423601981098633,0.148570507596113,0.00435566392255811,FALSE,NA,0.4
"Environment2",82,"GAUSSIAN",1.00584019455518,0.27190986067704,0.777575030012005,0.649539429914935,0.983254593278216,0.233538825109455,0.739315982899573,0.560622159225466,38,0.367043584760089,0.174333976969177,0.035256089901262,FALSE,NA,0.4
"Environment2",82,"MAE",1.02485265878047,0.280200777638248,0.750876350540216,0.636165352269133,0.991453885225763,0.243734354817084,0.732555313882847,0.553263723111254,39,0.404606664876017,0.118085816192473,0.000611688056497811,FALSE,NA,0.4
"Environment2",82,"NBINOM",1.46399646879091,1.24808051540706,0.784873949579832,0.257560194382498,1.96867674462085,1.72432269008286,0.713002325058127,-0.76138788444231,0,0.0754636106292691,0.065956623073132,0.25256558188249,FALSE,NA,0.4
"Environment3",82,"GLM",0.973173276641022,0.170214043096228,0.788139255702281,0.671933761361373,1.01342602442526,0.134779810784094,0.724125103127578,-0.417620703720207,38,0.0719254688904775,0.126512149605729,0.569677735449402,FALSE,NA,0.1
"Environment3",82,"MSE",1.0454326301364,0.362107327065826,0.732436974789916,0.621406378799955,0.969986824117363,0.295098496614053,0.747774694367359,0.572399846376002,39,0.140853884771292,0.169954972514189,0.407233560652753,FALSE,NA,0.1
"Environment3",82,"GAUSSIAN",1.00584019455518,0.27190986067704,0.777575030012005,0.649539429914935,0.983254593278216,0.233538825109455,0.739315982899573,0.560622159225466,38,0.118303718553187,0.157717132119678,0.453194106274933,FALSE,NA,0.1
"Environment3",82,"POISSON",NA,NA,NA,NA,NA,NA,NA,NA,NA,NA,NA,NA,TRUE,"[33m![39m in callr subprocess.
[1mCaused by error[22m in `checkForRemoteErrors(val)`:
[33m![39m one node produced an error: missing value where TRUE/FALSE needed",0.1
"Environment3",82,"MAE",1.02485265878047,0.280200777638248,0.750876350540216,0.636165352269133,0.991453885225763,0.243734354817084,0.732555313882847,0.553263723111254,39,0.0565949420549277,0.173776060233011,0.744668416341216,FALSE,NA,0.1
"Environment3",82,"NBINOM",1.46399646879091,1.24808051540706,0.784873949579832,0.257560194382498,1.96867674462085,1.72432269008286,0.713002325058127,-0.76138788444231,0,-0.0257868597504492,0.0777842451618656,0.740253418189118,FALSE,NA,0.1
"Environment1",83,"GLM",1.04491518988116,0.161241349087718,0.628235294117647,0.432189372221942,1.0263512037478,0.173430236027519,0.766237155928898,-0.381338632572422,36,1.94848582470964,0.114724826535755,1.07886671557619e-64,FALSE,NA,2
"Environment1",83,"POISSON",NA,NA,NA,NA,NA,NA,NA,NA,NA,NA,NA,NA,TRUE,"[33m![39m in callr subprocess.
[1mCaused by error[22m in `checkForRemoteErrors(val)`:
[33m![39m one node produced an error: missing value where TRUE/FALSE needed",2
"Environment1",83,"MAE",1.06241675992767,0.230188551888822,0.629387755102041,0.413009248949594,0.984932396349193,0.223774278062929,0.793546838670967,0.62644417317811,35,2.00728002303839,0.174998020929015,1.86010545363994e-30,FALSE,NA,2
"Environment1",83,"MSE",1.08482453733159,0.246122460084058,0.61546218487395,0.387987303971881,0.931724623998024,0.312161780438696,0.815081377034426,0.665714286182805,35,2.01963467053371,0.227534865117405,6.92115407992001e-19,FALSE,NA,2
"Environment1",83,"GAUSSIAN",1.06838724639964,0.222304135027297,0.618535414165666,0.406393261765881,0.972284843136779,0.234050712181099,0.795712892822321,0.63597626501336,35,1.94180519015691,0.267944750401171,4.25991499168767e-13,FALSE,NA,2
"Environment1",83,"NBINOM",1.72423848657468,1.41953481442628,0.617575030012005,-0.546094735386399,1.79277493521207,1.57178677572265,0.78312007800195,-0.237639647617616,0,1.10852480567867,0.366833555925864,0.00251215045494103,FALSE,NA,2
"Environment2",83,"GLM",1.04491518988116,0.161241349087718,0.628235294117647,0.432189372221942,1.0263512037478,0.173430236027519,0.766237155928898,-0.381338632572422,36,0.435731485859343,0.0888674625243993,9.43065756874651e-07,FALSE,NA,0.4
"Environment2",83,"POISSON",NA,NA,NA,NA,NA,NA,NA,NA,NA,NA,NA,NA,TRUE,"[33m![39m in callr subprocess.
[1mCaused by error[22m in `checkForRemoteErrors(val)`:
[33m![39m one node produced an error: missing value where TRUE/FALSE needed",0.4
"Environment2",83,"MSE",1.08482453733159,0.246122460084058,0.61546218487395,0.387987303971881,0.931724623998024,0.312161780438696,0.815081377034426,0.665714286182805,35,0.540742502234483,0.186803455729158,0.00379504623062087,FALSE,NA,0.4
"Environment2",83,"GAUSSIAN",1.06838724639964,0.222304135027297,0.618535414165666,0.406393261765881,0.972284843136779,0.234050712181099,0.795712892822321,0.63597626501336,35,0.425263426437406,0.132034474300263,0.00127810382413696,FALSE,NA,0.4
"Environment2",83,"MAE",1.06241675992767,0.230188551888822,0.629387755102041,0.413009248949594,0.984932396349193,0.223774278062929,0.793546838670967,0.62644417317811,35,0.416260557497604,0.187567186298822,0.0264689674063206,FALSE,NA,0.4
"Environment2",83,"NBINOM",1.72423848657468,1.41953481442628,0.617575030012005,-0.546094735386399,1.79277493521207,1.57178677572265,0.78312007800195,-0.237639647617616,0,0.223601903112626,0.0977807462896611,0.0222093553912598,FALSE,NA,0.4
"Environment3",83,"GLM",1.04491518988116,0.161241349087718,0.628235294117647,0.432189372221942,1.0263512037478,0.173430236027519,0.766237155928898,-0.381338632572422,36,-0.0782283451661636,0.122012743498436,0.521425898705276,FALSE,NA,0.1
"Environment3",83,"MSE",1.08482453733159,0.246122460084058,0.61546218487395,0.387987303971881,0.931724623998024,0.312161780438696,0.815081377034426,0.665714286182805,35,0.040495986086411,0.209290458793065,0.846573833010699,FALSE,NA,0.1
"Environment3",83,"GAUSSIAN",1.06838724639964,0.222304135027297,0.618535414165666,0.406393261765881,0.972284843136779,0.234050712181099,0.795712892822321,0.63597626501336,35,-0.0392016981698798,0.192715927613035,0.838809104075916,FALSE,NA,0.1
"Environment3",83,"POISSON",NA,NA,NA,NA,NA,NA,NA,NA,NA,NA,NA,NA,TRUE,"[33m![39m in callr subprocess.
[1mCaused by error[22m in `checkForRemoteErrors(val)`:
[33m![39m one node produced an error: missing value where TRUE/FALSE needed",0.1
"Environment3",83,"MAE",1.06241675992767,0.230188551888822,0.629387755102041,0.413009248949594,0.984932396349193,0.223774278062929,0.793546838670967,0.62644417317811,35,-0.0408785846016635,0.148577469735624,0.78321395777088,FALSE,NA,0.1
"Environment3",83,"NBINOM",1.72423848657468,1.41953481442628,0.617575030012005,-0.546094735386399,1.79277493521207,1.57178677572265,0.78312007800195,-0.237639647617616,0,0.0640042934168651,0.150156813836828,0.669925922547461,FALSE,NA,0.1
"Environment1",84,"GLM",0.950467883600769,0.107480132350508,0.737623049219688,0.610759811869532,0.960787424456973,0.119834114002902,0.79441536038401,-0.615838394347066,44,2.06300794444149,0.105360190227174,2.2666779484835e-85,FALSE,NA,2
"Environment1",84,"POISSON",NA,NA,NA,NA,NA,NA,NA,NA,NA,NA,NA,NA,TRUE,"[33m![39m in callr subprocess.
[1mCaused by error[22m in `checkForRemoteErrors(val)`:
[33m![39m one node produced an error: missing value where TRUE/FALSE needed",2
"Environment1",84,"MAE",0.975543460723715,0.172349824825364,0.72734693877551,0.589950747258942,0.932095776290449,0.194306181879465,0.806724668116703,0.634524472066958,43,1.92610884664049,0.160529678714755,3.61970984050172e-33,FALSE,NA,2
"Environment1",84,"MSE",0.941430533829256,0.250516596153261,0.705546218487395,0.618126659469382,0.88566467324386,0.263484263000601,0.821044026100653,0.67002892891601,43,2.01886924448819,0.181188506002911,7.8015798566274e-29,FALSE,NA,2
"Environment1",84,"GAUSSIAN",0.941074733873582,0.187799415258227,0.730804321728691,0.618415251856416,0.914468800990146,0.205049455591505,0.812177304432611,0.648216870189384,43,1.9599418297857,0.130930293905501,1.16448036681841e-50,FALSE,NA,2
"Environment1",84,"NBINOM",1.95226866676914,1.68220567284782,0.752989195678271,-0.642184500216332,1.7434935032626,1.52895334960438,0.789142728568214,-0.27872715789934,0,0.924158752877181,0.371608366330322,0.0128855858039398,FALSE,NA,2
"Environment2",84,"GLM",0.950467883600769,0.107480132350508,0.737623049219688,0.610759811869532,0.960787424456973,0.119834114002902,0.79441536038401,-0.615838394347066,44,0.433197326258775,0.135101633170067,0.00134381255195287,FALSE,NA,0.4
"Environment2",84,"POISSON",NA,NA,NA,NA,NA,NA,NA,NA,NA,NA,NA,NA,TRUE,"[33m![39m in callr subprocess.
[1mCaused by error[22m in `checkForRemoteErrors(val)`:
[33m![39m one node produced an error: missing value where TRUE/FALSE needed",0.4
"Environment2",84,"MSE",0.941430533829256,0.250516596153261,0.705546218487395,0.618126659469382,0.88566467324386,0.263484263000601,0.821044026100653,0.67002892891601,43,0.444720696506767,0.123142699122571,0.000304518444321637,FALSE,NA,0.4
"Environment2",84,"GAUSSIAN",0.941074733873582,0.187799415258227,0.730804321728691,0.618415251856416,0.914468800990146,0.205049455591505,0.812177304432611,0.648216870189384,43,0.331641665710064,0.122108860009271,0.0066085722271526,FALSE,NA,0.4
"Environment2",84,"MAE",0.975543460723715,0.172349824825364,0.72734693877551,0.589950747258942,0.932095776290449,0.194306181879465,0.806724668116703,0.634524472066958,43,0.332244857448874,0.152587336791666,0.0294501541611991,FALSE,NA,0.4
"Environment2",84,"NBINOM",1.95226866676914,1.68220567284782,0.752989195678271,-0.642184500216332,1.7434935032626,1.52895334960438,0.789142728568214,-0.27872715789934,0,0.111985041858252,0.099479679938449,0.260289262770679,FALSE,NA,0.4
"Environment3",84,"GLM",0.950467883600769,0.107480132350508,0.737623049219688,0.610759811869532,0.960787424456973,0.119834114002902,0.79441536038401,-0.615838394347066,44,0.206589618292772,0.112077824562647,0.0652896945545875,FALSE,NA,0.1
"Environment3",84,"MSE",0.941430533829256,0.250516596153261,0.705546218487395,0.618126659469382,0.88566467324386,0.263484263000601,0.821044026100653,0.67002892891601,43,0.126008209448475,0.145932222279294,0.387878679574558,FALSE,NA,0.1
"Environment3",84,"GAUSSIAN",0.941074733873582,0.187799415258227,0.730804321728691,0.618415251856416,0.914468800990146,0.205049455591505,0.812177304432611,0.648216870189384,43,0.134621911648603,0.124927383851861,0.281211720379812,FALSE,NA,0.1
"Environment3",84,"POISSON",NA,NA,NA,NA,NA,NA,NA,NA,NA,NA,NA,NA,TRUE,"[33m![39m in callr subprocess.
[1mCaused by error[22m in `checkForRemoteErrors(val)`:
[33m![39m one node produced an error: missing value where TRUE/FALSE needed",0.1
"Environment3",84,"MAE",0.975543460723715,0.172349824825364,0.72734693877551,0.589950747258942,0.932095776290449,0.194306181879465,0.806724668116703,0.634524472066958,43,0.0898687634439084,0.164367136997913,0.584546187040924,FALSE,NA,0.1
"Environment3",84,"NBINOM",1.95226866676914,1.68220567284782,0.752989195678271,-0.642184500216332,1.7434935032626,1.52895334960438,0.789142728568214,-0.27872715789934,0,0.0580536003374415,0.0709990304829973,0.413547068342063,FALSE,NA,0.1
"Environment1",85,"GLM",0.902615924217586,0.1572638209742,0.833469387755102,0.67489619920025,0.876465275927759,0.164301791721058,0.798871971799295,-0.692643375345442,35,1.89875873642124,0.111301370559701,2.96493487870746e-65,FALSE,NA,2
"Environment1",85,"POISSON",NA,NA,NA,NA,NA,NA,NA,NA,NA,NA,NA,NA,TRUE,"[33m![39m in callr subprocess.
[1mCaused by error[22m in `checkForRemoteErrors(val)`:
[33m![39m one node produced an error: missing value where TRUE/FALSE needed",2
"Environment1",85,"MAE",0.914911113583469,0.154978057373225,0.831932773109244,0.665978924065116,0.845617609550868,0.191988954468101,0.814109352733818,0.645693410664595,34,1.6941573308669,0.0952222115064681,8.20735306191935e-71,FALSE,NA,2
"Environment1",85,"MSE",0.911578144765126,0.182991051033531,0.833565426170468,0.668408130582052,0.81202372409945,0.216206971060494,0.827257181429536,0.67328533542466,34,1.81824574500998,0.175299885804908,3.31791252377716e-25,FALSE,NA,2
"Environment1",85,"GAUSSIAN",0.89592775395108,0.152992285005999,0.838079231692677,0.679696233873197,0.827662747194028,0.18622416347341,0.820805520138004,0.660579546771914,34,1.79609862403758,0.194734707898825,2.88066890553459e-20,FALSE,NA,2
"Environment1",85,"NBINOM",1.74138495660849,1.50488094369825,0.837310924369748,-0.210056478665036,1.74013489221991,1.58847885689527,0.789783244581115,-0.50036534129925,0,0.619725848836816,0.245460418655654,0.0115781081686205,FALSE,NA,2
"Environment2",85,"GLM",0.902615924217586,0.1572638209742,0.833469387755102,0.67489619920025,0.876465275927759,0.164301791721058,0.798871971799295,-0.692643375345442,35,0.192845285723156,0.106923178764158,0.0712960307826876,FALSE,NA,0.4
"Environment2",85,"POISSON",NA,NA,NA,NA,NA,NA,NA,NA,NA,NA,NA,NA,TRUE,"[33m![39m in callr subprocess.
[1mCaused by error[22m in `checkForRemoteErrors(val)`:
[33m![39m one node produced an error: missing value where TRUE/FALSE needed",0.4
"Environment2",85,"MSE",0.911578144765126,0.182991051033531,0.833565426170468,0.668408130582052,0.81202372409945,0.216206971060494,0.827257181429536,0.67328533542466,34,0.250811011391252,0.158026682134435,0.11248016201238,FALSE,NA,0.4
"Environment2",85,"GAUSSIAN",0.89592775395108,0.152992285005999,0.838079231692677,0.679696233873197,0.827662747194028,0.18622416347341,0.820805520138004,0.660579546771914,34,0.225363158072966,0.0965969544109656,0.019646806885384,FALSE,NA,0.4
"Environment2",85,"MAE",0.914911113583469,0.154978057373225,0.831932773109244,0.665978924065116,0.845617609550868,0.191988954468101,0.814109352733818,0.645693410664595,34,0.230912588510488,0.152143887478258,0.129083727561641,FALSE,NA,0.4
"Environment2",85,"NBINOM",1.74138495660849,1.50488094369825,0.837310924369748,-0.210056478665036,1.74013489221991,1.58847885689527,0.789783244581115,-0.50036534129925,0,0.00612141964679712,0.0686007622846705,0.928897112494612,FALSE,NA,0.4
"Environment3",85,"GLM",0.902615924217586,0.1572638209742,0.833469387755102,0.67489619920025,0.876465275927759,0.164301791721058,0.798871971799295,-0.692643375345442,35,-0.0927074004590123,0.108521503201379,0.392951648999576,FALSE,NA,0.1
"Environment3",85,"MSE",0.911578144765126,0.182991051033531,0.833565426170468,0.668408130582052,0.81202372409945,0.216206971060494,0.827257181429536,0.67328533542466,34,-0.0595344486538197,0.139052297798908,0.668546066052474,FALSE,NA,0.1
"Environment3",85,"GAUSSIAN",0.89592775395108,0.152992285005999,0.838079231692677,0.679696233873197,0.827662747194028,0.18622416347341,0.820805520138004,0.660579546771914,34,0.00562757964067259,0.135600141256038,0.966896271205652,FALSE,NA,0.1
"Environment3",85,"POISSON",NA,NA,NA,NA,NA,NA,NA,NA,NA,NA,NA,NA,TRUE,"[33m![39m in callr subprocess.
[1mCaused by error[22m in `checkForRemoteErrors(val)`:
[33m![39m one node produced an error: missing value where TRUE/FALSE needed",0.1
"Environment3",85,"MAE",0.914911113583469,0.154978057373225,0.831932773109244,0.665978924065116,0.845617609550868,0.191988954468101,0.814109352733818,0.645693410664595,34,-0.0467353188700963,0.158767197843011,0.768479910138942,FALSE,NA,0.1
"Environment3",85,"NBINOM",1.74138495660849,1.50488094369825,0.837310924369748,-0.210056478665036,1.74013489221991,1.58847885689527,0.789783244581115,-0.50036534129925,0,-0.0461181068369733,0.0700300519869198,0.510186466226787,FALSE,NA,0.1
"Environment1",86,"GLM",0.97982187501045,0.254239589352738,0.809939975990396,0.587499823298133,0.902371996666782,0.229310292889545,0.853461336533413,-1.1329225420689,34,2.38581799697218,0.106891999794476,2.36855871886855e-110,FALSE,NA,2
"Environment1",86,"POISSON",NA,NA,NA,NA,NA,NA,NA,NA,NA,NA,NA,NA,TRUE,"[33m![39m in callr subprocess.
[1mCaused by error[22m in `checkForRemoteErrors(val)`:
[33m![39m one node produced an error: missing value where TRUE/FALSE needed",2
"Environment1",86,"MAE",0.930556591826449,0.144077732223081,0.820696278511405,0.627937879782785,0.885541395646097,0.162171525449491,0.862104552613816,0.719501176178331,34,2.06191084343195,0.128875637689493,1.29367174763625e-57,FALSE,NA,2
"Environment1",86,"MSE",0.96562846158136,0.267514556117437,0.825114045618247,0.59936398011939,0.835985919195181,0.27776537270124,0.880067501687542,0.750016563258245,35,2.21177614877746,0.161001174807753,6.04132885077371e-43,FALSE,NA,2
"Environment1",86,"GAUSSIAN",0.964305341937581,0.266530007801869,0.826458583433373,0.600461143760447,0.865238772381434,0.282365688191424,0.868005700142504,0.732215611701378,35,2.20989714515209,0.162339444155922,3.36037300005555e-42,FALSE,NA,2
"Environment1",86,"NBINOM",2.08531149290587,1.70449883670193,0.799567827130852,-0.868408138611321,1.88795018587973,1.54636287080372,0.853771844296107,-0.274953576580035,0,1.75995269831615,0.690638813736971,0.0108250321194346,FALSE,NA,2
"Environment2",86,"GLM",0.97982187501045,0.254239589352738,0.809939975990396,0.587499823298133,0.902371996666782,0.229310292889545,0.853461336533413,-1.1329225420689,34,0.332889347027825,0.117325907416098,0.0045496172798057,FALSE,NA,0.4
"Environment2",86,"POISSON",NA,NA,NA,NA,NA,NA,NA,NA,NA,NA,NA,NA,TRUE,"[33m![39m in callr subprocess.
[1mCaused by error[22m in `checkForRemoteErrors(val)`:
[33m![39m one node produced an error: missing value where TRUE/FALSE needed",0.4
"Environment2",86,"MSE",0.96562846158136,0.267514556117437,0.825114045618247,0.59936398011939,0.835985919195181,0.27776537270124,0.880067501687542,0.750016563258245,35,0.257894860808796,0.221083082718807,0.243409707892246,FALSE,NA,0.4
"Environment2",86,"GAUSSIAN",0.964305341937581,0.266530007801869,0.826458583433373,0.600461143760447,0.865238772381434,0.282365688191424,0.868005700142504,0.732215611701378,35,0.338829020943216,0.144758951140626,0.0192505664262896,FALSE,NA,0.4
"Environment2",86,"MAE",0.930556591826449,0.144077732223081,0.820696278511405,0.627937879782785,0.885541395646097,0.162171525449491,0.862104552613816,0.719501176178331,34,0.41574406472288,0.166644020408762,0.0126026943103991,FALSE,NA,0.4
"Environment2",86,"NBINOM",2.08531149290587,1.70449883670193,0.799567827130852,-0.868408138611321,1.88795018587973,1.54636287080372,0.853771844296107,-0.274953576580035,0,0.149594617740991,0.119015918113079,0.208779167394026,FALSE,NA,0.4
"Environment3",86,"GLM",0.97982187501045,0.254239589352738,0.809939975990396,0.587499823298133,0.902371996666782,0.229310292889545,0.853461336533413,-1.1329225420689,34,0.122098297953953,0.121759364480807,0.31596526706105,FALSE,NA,0.1
"Environment3",86,"MSE",0.96562846158136,0.267514556117437,0.825114045618247,0.59936398011939,0.835985919195181,0.27776537270124,0.880067501687542,0.750016563258245,35,0.130784789644607,0.162873702948657,0.421984649102752,FALSE,NA,0.1
"Environment3",86,"GAUSSIAN",0.964305341937581,0.266530007801869,0.826458583433373,0.600461143760447,0.865238772381434,0.282365688191424,0.868005700142504,0.732215611701378,35,0.0718799134260944,0.140047626324878,0.607774111193417,FALSE,NA,0.1
"Environment3",86,"POISSON",NA,NA,NA,NA,NA,NA,NA,NA,NA,NA,NA,NA,TRUE,"[33m![39m in callr subprocess.
[1mCaused by error[22m in `checkForRemoteErrors(val)`:
[33m![39m one node produced an error: missing value where TRUE/FALSE needed",0.1
"Environment3",86,"MAE",0.930556591826449,0.144077732223081,0.820696278511405,0.627937879782785,0.885541395646097,0.162171525449491,0.862104552613816,0.719501176178331,34,0.0792196842710946,0.124497773042148,0.524571738212011,FALSE,NA,0.1
"Environment3",86,"NBINOM",2.08531149290587,1.70449883670193,0.799567827130852,-0.868408138611321,1.88795018587973,1.54636287080372,0.853771844296107,-0.274953576580035,0,0.0730521907643319,0.0937726129009309,0.435958825785443,FALSE,NA,0.1
"Environment1",87,"GLM",0.955257296804593,0.221298798658054,0.805714285714286,0.613165198138732,0.982719682688355,0.212427483415758,0.809525238130953,-0.739811413721586,32,2.15395210094746,0.0926302596066323,1.31963557276631e-119,FALSE,NA,2
"Environment1",87,"POISSON",NA,NA,NA,NA,NA,NA,NA,NA,NA,NA,NA,NA,TRUE,"[33m![39m in callr subprocess.
[1mCaused by error[22m in `checkForRemoteErrors(val)`:
[33m![39m one node produced an error: missing value where TRUE/FALSE needed",2
"Environment1",87,"MAE",0.984145585455293,0.249469928579854,0.791596638655462,0.58941459390743,0.971905528855735,0.261948158007984,0.817593939848496,0.655314564182101,30,2.02050567883253,0.141995239314926,6.02043849435078e-46,FALSE,NA,2
"Environment1",87,"MSE",0.957870900823971,0.23010462115845,0.818103241296519,0.611045526087832,0.945956838393353,0.237700158167656,0.823628590714768,0.673474224087518,27,2.12576498040557,0.222637634849099,1.32104740404714e-21,FALSE,NA,2
"Environment1",87,"GAUSSIAN",0.967454763873155,0.204491436320542,0.795918367346939,0.603223313578818,0.968987704903391,0.22758436291067,0.816249906247656,0.657381064893029,30,1.94943483430892,0.164889504573879,2.98044687361928e-32,FALSE,NA,2
"Environment1",87,"NBINOM",1.64852716799764,1.36780583666461,0.797070828331333,-0.152065121894022,1.88932135940941,1.57628799184576,0.819888997224931,-0.302526287050429,0,0.963440536652224,0.43757821333161,0.0276825357449814,FALSE,NA,2
"Environment2",87,"GLM",0.955257296804593,0.221298798658054,0.805714285714286,0.613165198138732,0.982719682688355,0.212427483415758,0.809525238130953,-0.739811413721586,32,0.553663505948893,0.131762088386315,2.64574138057454e-05,FALSE,NA,0.4
"Environment2",87,"POISSON",NA,NA,NA,NA,NA,NA,NA,NA,NA,NA,NA,NA,TRUE,"[33m![39m in callr subprocess.
[1mCaused by error[22m in `checkForRemoteErrors(val)`:
[33m![39m one node produced an error: missing value where TRUE/FALSE needed",0.4
"Environment2",87,"MSE",0.957870900823971,0.23010462115845,0.818103241296519,0.611045526087832,0.945956838393353,0.237700158167656,0.823628590714768,0.673474224087518,27,0.548163365302858,0.192274728830847,0.0043590443644407,FALSE,NA,0.4
"Environment2",87,"GAUSSIAN",0.967454763873155,0.204491436320542,0.795918367346939,0.603223313578818,0.968987704903391,0.22758436291067,0.816249906247656,0.657381064893029,30,0.577075621577678,0.199131489287588,0.0037559529700952,FALSE,NA,0.4
"Environment2",87,"MAE",0.984145585455293,0.249469928579854,0.791596638655462,0.58941459390743,0.971905528855735,0.261948158007984,0.817593939848496,0.655314564182101,30,0.531693803236701,0.185131162676285,0.00407903157872389,FALSE,NA,0.4
"Environment2",87,"NBINOM",1.64852716799764,1.36780583666461,0.797070828331333,-0.152065121894022,1.88932135940941,1.57628799184576,0.819888997224931,-0.302526287050429,0,0.136238188553288,0.103363878177995,0.187488760054495,FALSE,NA,0.4
"Environment3",87,"GLM",0.955257296804593,0.221298798658054,0.805714285714286,0.613165198138732,0.982719682688355,0.212427483415758,0.809525238130953,-0.739811413721586,32,0.374941022438634,0.13306119754212,0.0048352583624019,FALSE,NA,0.1
"Environment3",87,"MSE",0.957870900823971,0.23010462115845,0.818103241296519,0.611045526087832,0.945956838393353,0.237700158167656,0.823628590714768,0.673474224087518,27,0.281718385151238,0.153294691274459,0.0660982270154311,FALSE,NA,0.1
"Environment3",87,"GAUSSIAN",0.967454763873155,0.204491436320542,0.795918367346939,0.603223313578818,0.968987704903391,0.22758436291067,0.816249906247656,0.657381064893029,30,0.321594858358374,0.126668693768488,0.0111212363620952,FALSE,NA,0.1
"Environment3",87,"POISSON",NA,NA,NA,NA,NA,NA,NA,NA,NA,NA,NA,NA,TRUE,"[33m![39m in callr subprocess.
[1mCaused by error[22m in `checkForRemoteErrors(val)`:
[33m![39m one node produced an error: missing value where TRUE/FALSE needed",0.1
"Environment3",87,"MAE",0.984145585455293,0.249469928579854,0.791596638655462,0.58941459390743,0.971905528855735,0.261948158007984,0.817593939848496,0.655314564182101,30,0.367876979399454,0.222254754165557,0.0978831047081545,FALSE,NA,0.1
"Environment3",87,"NBINOM",1.64852716799764,1.36780583666461,0.797070828331333,-0.152065121894022,1.88932135940941,1.57628799184576,0.819888997224931,-0.302526287050429,0,0.0981169062036358,0.0858316115549668,0.252983575082215,FALSE,NA,0.1
"Environment1",88,"GLM",1.17412685907374,0.110111819196425,0.804465786314526,0.586614061646082,0.997629718491309,0.117044585644754,0.768470711767794,-0.795758799006326,35,1.95124091654506,0.139300462250692,1.40402105146383e-44,FALSE,NA,2
"Environment1",88,"POISSON",NA,NA,NA,NA,NA,NA,NA,NA,NA,NA,NA,NA,TRUE,"[33m![39m in callr subprocess.
[1mCaused by error[22m in `checkForRemoteErrors(val)`:
[33m![39m one node produced an error: missing value where TRUE/FALSE needed",2
"Environment1",88,"MAE",1.16141415615074,0.223123615313102,0.80484993997599,0.595517362530241,0.97642391485863,0.214910449245681,0.778502962574064,0.599349648035497,33,1.88125469599856,0.208029923231152,1.52161225557084e-19,FALSE,NA,2
"Environment1",88,"MSE",1.18471853189567,0.221303862480963,0.800816326530612,0.579122201064664,0.954870921841215,0.206026321255972,0.784857121428036,0.616841866017837,35,1.82012194128241,0.170413642847934,1.25442384191994e-26,FALSE,NA,2
"Environment1",88,"GAUSSIAN",1.17670748363137,0.246738323737098,0.790924369747899,0.584794894910798,0.963211332566589,0.229017732434247,0.781399534988375,0.610119171478204,33,1.87399495414831,0.154544763272343,7.70057936238773e-34,FALSE,NA,2
"Environment1",88,"NBINOM",1.87514743269638,1.49561099600605,0.79265306122449,-0.0543783819629196,1.79633162964296,1.47733133274248,0.771497787444686,-0.356006424287948,0,0.748174820429846,0.584391273072118,0.200452477656205,FALSE,NA,2
"Environment2",88,"GLM",1.17412685907374,0.110111819196425,0.804465786314526,0.586614061646082,0.997629718491309,0.117044585644754,0.768470711767794,-0.795758799006326,35,0.581709911263649,0.124138224136517,2.78616066918e-06,FALSE,NA,0.4
"Environment2",88,"POISSON",NA,NA,NA,NA,NA,NA,NA,NA,NA,NA,NA,NA,TRUE,"[33m![39m in callr subprocess.
[1mCaused by error[22m in `checkForRemoteErrors(val)`:
[33m![39m one node produced an error: missing value where TRUE/FALSE needed",0.4
"Environment2",88,"MSE",1.18471853189567,0.221303862480963,0.800816326530612,0.579122201064664,0.954870921841215,0.206026321255972,0.784857121428036,0.616841866017837,35,0.615183410895501,0.175901888110176,0.000469975571119921,FALSE,NA,0.4
"Environment2",88,"GAUSSIAN",1.17670748363137,0.246738323737098,0.790924369747899,0.584794894910798,0.963211332566589,0.229017732434247,0.781399534988375,0.610119171478204,33,0.680018303632984,0.189145920163557,0.000324136594883717,FALSE,NA,0.4
"Environment2",88,"MAE",1.16141415615074,0.223123615313102,0.80484993997599,0.595517362530241,0.97642391485863,0.214910449245681,0.778502962574064,0.599349648035497,33,0.688245279424009,0.156048763309068,1.03155989265647e-05,FALSE,NA,0.4
"Environment2",88,"NBINOM",1.87514743269638,1.49561099600605,0.79265306122449,-0.0543783819629196,1.79633162964296,1.47733133274248,0.771497787444686,-0.356006424287948,0,0.121558191471863,0.136209627869042,0.372160006081009,FALSE,NA,0.4
"Environment3",88,"GLM",1.17412685907374,0.110111819196425,0.804465786314526,0.586614061646082,0.997629718491309,0.117044585644754,0.768470711767794,-0.795758799006326,35,0.0766640977707734,0.107177099427832,0.474421852404298,FALSE,NA,0.1
"Environment3",88,"MSE",1.18471853189567,0.221303862480963,0.800816326530612,0.579122201064664,0.954870921841215,0.206026321255972,0.784857121428036,0.616841866017837,35,0.098120229779619,0.16378640951942,0.549123334130908,FALSE,NA,0.1
"Environment3",88,"GAUSSIAN",1.17670748363137,0.246738323737098,0.790924369747899,0.584794894910798,0.963211332566589,0.229017732434247,0.781399534988375,0.610119171478204,33,0.124579346059007,0.142178029879133,0.380910014950249,FALSE,NA,0.1
"Environment3",88,"POISSON",NA,NA,NA,NA,NA,NA,NA,NA,NA,NA,NA,NA,TRUE,"[33m![39m in callr subprocess.
[1mCaused by error[22m in `checkForRemoteErrors(val)`:
[33m![39m one node produced an error: missing value where TRUE/FALSE needed",0.1
"Environment3",88,"MAE",1.16141415615074,0.223123615313102,0.80484993997599,0.595517362530241,0.97642391485863,0.214910449245681,0.778502962574064,0.599349648035497,33,0.0504269918221471,0.219802658209855,0.818542966784921,FALSE,NA,0.1
"Environment3",88,"NBINOM",1.87514743269638,1.49561099600605,0.79265306122449,-0.0543783819629196,1.79633162964296,1.47733133274248,0.771497787444686,-0.356006424287948,0,-0.0731802812389897,0.127708383400824,0.566626786952542,FALSE,NA,0.1
"Environment1",89,"GLM",1.07664619130425,0.151526476979245,0.685090036014406,0.358159316038306,0.965049263386905,0.15442560826897,0.781773044326108,-0.3656638977681,42,1.98591800733574,0.138465564322954,1.19002380758936e-46,FALSE,NA,2
"Environment1",89,"POISSON",NA,NA,NA,NA,NA,NA,NA,NA,NA,NA,NA,NA,TRUE,"[33m![39m in callr subprocess.
[1mCaused by error[22m in `checkForRemoteErrors(val)`:
[33m![39m one node produced an error: missing value where TRUE/FALSE needed",2
"Environment1",89,"MAE",1.11128479531112,0.264260185452509,0.684513805522209,0.316195475781389,0.928693705654776,0.288493332641893,0.796174904372609,0.628994443936701,41,1.89000725267455,0.199082168418952,2.23181812792076e-21,FALSE,NA,2
"Environment1",89,"MSE",1.07805457834457,0.262797107381208,0.697671068427371,0.356479002942624,0.914013298397438,0.270260341129996,0.803634590864772,0.640631142907357,41,1.8578215477436,0.16077904803748,6.95484813904743e-31,FALSE,NA,2
"Environment1",89,"GAUSSIAN",1.06331031444464,0.27703646701805,0.692484993997599,0.373961159249741,0.911439949579026,0.247004108987796,0.803786094652366,0.64265185659387,42,1.86511924125708,0.217938101149802,1.14819648056248e-17,FALSE,NA,2
"Environment1",89,"NBINOM",1.75255482836607,1.66063107266447,0.659639855942377,-0.700687237156415,1.83502265857972,1.48874593500035,0.788826220655517,-0.448499240520803,0,0.665369559673699,0.199269673459665,0.000840682313489897,FALSE,NA,2
"Environment2",89,"GLM",1.07664619130425,0.151526476979245,0.685090036014406,0.358159316038306,0.965049263386905,0.15442560826897,0.781773044326108,-0.3656638977681,42,0.598994475043061,0.122163227471234,9.42732043978042e-07,FALSE,NA,0.4
"Environment2",89,"POISSON",NA,NA,NA,NA,NA,NA,NA,NA,NA,NA,NA,NA,TRUE,"[33m![39m in callr subprocess.
[1mCaused by error[22m in `checkForRemoteErrors(val)`:
[33m![39m one node produced an error: missing value where TRUE/FALSE needed",0.4
"Environment2",89,"MSE",1.07805457834457,0.262797107381208,0.697671068427371,0.356479002942624,0.914013298397438,0.270260341129996,0.803634590864772,0.640631142907357,41,0.569951208865612,0.148887459101384,0.000129153461765452,FALSE,NA,0.4
"Environment2",89,"GAUSSIAN",1.06331031444464,0.27703646701805,0.692484993997599,0.373961159249741,0.911439949579026,0.247004108987796,0.803786094652366,0.64265185659387,42,0.588483010974622,0.156052116241185,0.000162550913506254,FALSE,NA,0.4
"Environment2",89,"MAE",1.11128479531112,0.264260185452509,0.684513805522209,0.316195475781389,0.928693705654776,0.288493332641893,0.796174904372609,0.628994443936701,41,0.520152191155328,0.138893477924881,0.000180413867972892,FALSE,NA,0.4
"Environment2",89,"NBINOM",1.75255482836607,1.66063107266447,0.659639855942377,-0.700687237156415,1.83502265857972,1.48874593500035,0.788826220655517,-0.448499240520803,0,0.180876870184288,0.0637499702364506,0.00454988982326628,FALSE,NA,0.4
"Environment3",89,"GLM",1.07664619130425,0.151526476979245,0.685090036014406,0.358159316038306,0.965049263386905,0.15442560826897,0.781773044326108,-0.3656638977681,42,0.243534550241571,0.119408541791487,0.0413994588291324,FALSE,NA,0.1
"Environment3",89,"MSE",1.07805457834457,0.262797107381208,0.697671068427371,0.356479002942624,0.914013298397438,0.270260341129996,0.803634590864772,0.640631142907357,41,0.165710872748394,0.114912313638698,0.149284412729377,FALSE,NA,0.1
"Environment3",89,"GAUSSIAN",1.06331031444464,0.27703646701805,0.692484993997599,0.373961159249741,0.911439949579026,0.247004108987796,0.803786094652366,0.64265185659387,42,0.13190340109243,0.140794074024017,0.348833993898901,FALSE,NA,0.1
"Environment3",89,"POISSON",NA,NA,NA,NA,NA,NA,NA,NA,NA,NA,NA,NA,TRUE,"[33m![39m in callr subprocess.
[1mCaused by error[22m in `checkForRemoteErrors(val)`:
[33m![39m one node produced an error: missing value where TRUE/FALSE needed",0.1
"Environment3",89,"MAE",1.11128479531112,0.264260185452509,0.684513805522209,0.316195475781389,0.928693705654776,0.288493332641893,0.796174904372609,0.628994443936701,41,0.168706144042386,0.192199958887778,0.380071976076424,FALSE,NA,0.1
"Environment3",89,"NBINOM",1.75255482836607,1.66063107266447,0.659639855942377,-0.700687237156415,1.83502265857972,1.48874593500035,0.788826220655517,-0.448499240520803,0,-0.0211060514958307,0.107586764228483,0.844471608875853,FALSE,NA,0.1
"Environment1",90,"GLM",0.956807729532244,0.166717351792267,0.759039615846339,0.570319253585181,1.01715059928408,0.174560650501586,0.718385959648991,-0.680869604537777,38,1.76161277843469,0.167097603304844,5.50646100436683e-26,FALSE,NA,2
"Environment1",90,"POISSON",NA,NA,NA,NA,NA,NA,NA,NA,NA,NA,NA,NA,TRUE,"[33m![39m in callr subprocess.
[1mCaused by error[22m in `checkForRemoteErrors(val)`:
[33m![39m one node produced an error: missing value where TRUE/FALSE needed",2
"Environment1",90,"MAE",0.954420523522251,0.19972606681549,0.771428571428571,0.572460659508351,0.981771672382975,0.197127073918959,0.733822845571139,0.556639172279193,39,1.74657828439679,0.239692756898487,3.17549933457912e-13,FALSE,NA,2
"Environment1",90,"MSE",0.969947338388825,0.293008550231666,0.754813925570228,0.55843681739363,0.956427778477947,0.294161601344383,0.739570989274732,0.579233953123164,36,1.80593966399226,0.189396352448177,1.49539361953048e-21,FALSE,NA,2
"Environment1",90,"GAUSSIAN",0.975023739993072,0.2513739482099,0.760192076830732,0.553802714589331,0.950142793909856,0.263585131995318,0.73987249681242,0.584745752817466,37,1.84407647934277,0.164501677858919,3.63876597981786e-29,FALSE,NA,2
"Environment1",90,"NBINOM",1.70453746043041,1.59069678916101,0.733973589435774,-0.36367112247637,1.75326760525995,1.58008189776004,0.708023700592515,-0.413945735079646,0,0.417377005078369,0.127832842861767,0.00109455693246487,FALSE,NA,2
"Environment2",90,"GLM",0.956807729532244,0.166717351792267,0.759039615846339,0.570319253585181,1.01715059928408,0.174560650501586,0.718385959648991,-0.680869604537777,38,0.564109045886669,0.151471960854084,0.00019595006624676,FALSE,NA,0.4
"Environment2",90,"POISSON",NA,NA,NA,NA,NA,NA,NA,NA,NA,NA,NA,NA,TRUE,"[33m![39m in callr subprocess.
[1mCaused by error[22m in `checkForRemoteErrors(val)`:
[33m![39m one node produced an error: missing value where TRUE/FALSE needed",0.4
"Environment2",90,"MSE",0.969947338388825,0.293008550231666,0.754813925570228,0.55843681739363,0.956427778477947,0.294161601344383,0.739570989274732,0.579233953123164,36,0.63910173248572,0.166478823577929,0.000123568077609455,FALSE,NA,0.4
"Environment2",90,"GAUSSIAN",0.975023739993072,0.2513739482099,0.760192076830732,0.553802714589331,0.950142793909856,0.263585131995318,0.73987249681242,0.584745752817466,37,0.588821916598448,0.158076741806184,0.000195383543741834,FALSE,NA,0.4
"Environment2",90,"MAE",0.954420523522251,0.19972606681549,0.771428571428571,0.572460659508351,0.981771672382975,0.197127073918959,0.733822845571139,0.556639172279193,39,0.444728844866797,0.20020540922702,0.0263263996966004,FALSE,NA,0.4
"Environment2",90,"NBINOM",1.70453746043041,1.59069678916101,0.733973589435774,-0.36367112247637,1.75326760525995,1.58008189776004,0.708023700592515,-0.413945735079646,0,0.205048812253665,0.106548680310904,0.0542967866227674,FALSE,NA,0.4
"Environment3",90,"GLM",0.956807729532244,0.166717351792267,0.759039615846339,0.570319253585181,1.01715059928408,0.174560650501586,0.718385959648991,-0.680869604537777,38,0.0906828064526566,0.118350147573507,0.443542613243822,FALSE,NA,0.1
"Environment3",90,"MSE",0.969947338388825,0.293008550231666,0.754813925570228,0.55843681739363,0.956427778477947,0.294161601344383,0.739570989274732,0.579233953123164,36,0.0338623765009452,0.158766443358821,0.831105283627195,FALSE,NA,0.1
"Environment3",90,"GAUSSIAN",0.975023739993072,0.2513739482099,0.760192076830732,0.553802714589331,0.950142793909856,0.263585131995318,0.73987249681242,0.584745752817466,37,0.0447446759819977,0.235547471676694,0.849340214764693,FALSE,NA,0.1
"Environment3",90,"POISSON",NA,NA,NA,NA,NA,NA,NA,NA,NA,NA,NA,NA,TRUE,"[33m![39m in callr subprocess.
[1mCaused by error[22m in `checkForRemoteErrors(val)`:
[33m![39m one node produced an error: missing value where TRUE/FALSE needed",0.1
"Environment3",90,"MAE",0.954420523522251,0.19972606681549,0.771428571428571,0.572460659508351,0.981771672382975,0.197127073918959,0.733822845571139,0.556639172279193,39,0.0391493542233075,0.186703425686575,0.833911667284751,FALSE,NA,0.1
"Environment3",90,"NBINOM",1.70453746043041,1.59069678916101,0.733973589435774,-0.36367112247637,1.75326760525995,1.58008189776004,0.708023700592515,-0.413945735079646,0,0.0227024129144366,0.0554918985873808,0.682457320861119,FALSE,NA,0.1
"Environment1",91,"GLM",1.18938973155508,0.201497789914512,0.666650660264106,0.447871471689585,0.908917449811471,0.208148702221277,0.722382059551489,-0.693483977042222,39,1.7227848000922,0.0971790676234384,2.5520985772267e-70,FALSE,NA,2
"Environment1",91,"POISSON",NA,NA,NA,NA,NA,NA,NA,NA,NA,NA,NA,NA,TRUE,"[33m![39m in callr subprocess.
[1mCaused by error[22m in `checkForRemoteErrors(val)`:
[33m![39m one node produced an error: missing value where TRUE/FALSE needed",2
"Environment1",91,"MAE",1.21097778284293,0.248983662575856,0.655990396158463,0.427646729240778,0.886617595573119,0.234192060308725,0.736717917947949,0.566006555409638,40,1.69955901782028,0.12542935819802,7.93057806607108e-42,FALSE,NA,2
"Environment1",91,"MSE",1.21614940070374,0.303098086116803,0.652436974789916,0.422747691568461,0.858627319623048,0.290356519673472,0.754796369909248,0.592976126466649,40,1.70143449667725,0.148666379647982,2.50115438183459e-30,FALSE,NA,2
"Environment1",91,"GAUSSIAN",1.22008269149143,0.314949763882396,0.647731092436975,0.419007735224083,0.878627864461708,0.29721820297299,0.7472001800045,0.573793153244031,39,1.62641895338893,0.122874927098044,5.40955454281159e-40,FALSE,NA,2
"Environment1",91,"NBINOM",2.19434498671113,1.85824837752351,0.627274909963985,-0.879323877200269,2.25512259032808,2.04739123398952,0.699792994824871,-1.80770056022425,0,1.41212129985766,4.25444773280863,0.739952328775262,FALSE,NA,2
"Environment2",91,"GLM",1.18938973155508,0.201497789914512,0.666650660264106,0.447871471689585,0.908917449811471,0.208148702221277,0.722382059551489,-0.693483977042222,39,0.587498878907867,0.106100594055527,3.07367515767921e-08,FALSE,NA,0.4
"Environment2",91,"POISSON",NA,NA,NA,NA,NA,NA,NA,NA,NA,NA,NA,NA,TRUE,"[33m![39m in callr subprocess.
[1mCaused by error[22m in `checkForRemoteErrors(val)`:
[33m![39m one node produced an error: missing value where TRUE/FALSE needed",0.4
"Environment2",91,"MSE",1.21614940070374,0.303098086116803,0.652436974789916,0.422747691568461,0.858627319623048,0.290356519673472,0.754796369909248,0.592976126466649,40,0.709659606591027,0.238317612542797,0.00290335618380615,FALSE,NA,0.4
"Environment2",91,"GAUSSIAN",1.22008269149143,0.314949763882396,0.647731092436975,0.419007735224083,0.878627864461708,0.29721820297299,0.7472001800045,0.573793153244031,39,0.706552010843665,0.146126254776735,1.33001109235957e-06,FALSE,NA,0.4
"Environment2",91,"MAE",1.21097778284293,0.248983662575856,0.655990396158463,0.427646729240778,0.886617595573119,0.234192060308725,0.736717917947949,0.566006555409638,40,0.609032167147114,0.192559705706242,0.00156247573847132,FALSE,NA,0.4
"Environment2",91,"NBINOM",2.19434498671113,1.85824837752351,0.627274909963985,-0.879323877200269,2.25512259032808,2.04739123398952,0.699792994824871,-1.80770056022425,0,0.804426248966239,3.10497630096112,0.795576251907296,FALSE,NA,0.4
"Environment3",91,"GLM",1.18938973155508,0.201497789914512,0.666650660264106,0.447871471689585,0.908917449811471,0.208148702221277,0.722382059551489,-0.693483977042222,39,0.0793039200789767,0.10276825906079,0.44030565124095,FALSE,NA,0.1
"Environment3",91,"MSE",1.21614940070374,0.303098086116803,0.652436974789916,0.422747691568461,0.858627319623048,0.290356519673472,0.754796369909248,0.592976126466649,40,0.023783542283064,0.150726985324842,0.874620546884669,FALSE,NA,0.1
"Environment3",91,"GAUSSIAN",1.22008269149143,0.314949763882396,0.647731092436975,0.419007735224083,0.878627864461708,0.29721820297299,0.7472001800045,0.573793153244031,39,0.0729632831143226,0.117117776795594,0.533290648053424,FALSE,NA,0.1
"Environment3",91,"POISSON",NA,NA,NA,NA,NA,NA,NA,NA,NA,NA,NA,NA,TRUE,"[33m![39m in callr subprocess.
[1mCaused by error[22m in `checkForRemoteErrors(val)`:
[33m![39m one node produced an error: missing value where TRUE/FALSE needed",0.1
"Environment3",91,"MAE",1.21097778284293,0.248983662575856,0.655990396158463,0.427646729240778,0.886617595573119,0.234192060308725,0.736717917947949,0.566006555409638,40,0.0933051182222698,0.166704581947165,0.575681775500808,FALSE,NA,0.1
"Environment3",91,"NBINOM",2.19434498671113,1.85824837752351,0.627274909963985,-0.879323877200269,2.25512259032808,2.04739123398952,0.699792994824871,-1.80770056022425,0,0.222278409891219,0.80226368152162,0.781730939782615,FALSE,NA,0.1
"Environment1",92,"GLM",1.0818095407691,0.0680924554224072,0.638703481392557,0.421316844421262,0.931492527606347,0.0658784533932614,0.7830390759769,-0.61975284193122,38,1.90272415325355,0.102876624476235,2.25686584059818e-76,FALSE,NA,2
"Environment1",92,"POISSON",NA,NA,NA,NA,NA,NA,NA,NA,NA,NA,NA,NA,TRUE,"[33m![39m in callr subprocess.
[1mCaused by error[22m in `checkForRemoteErrors(val)`:
[33m![39m one node produced an error: missing value where TRUE/FALSE needed",2
"Environment1",92,"MAE",1.11963505660641,0.20048085208223,0.660984393757503,0.380142011454121,0.886764648899531,0.208441333417155,0.800264006600165,0.64333057965527,37,1.83038072093716,0.138768838469862,9.99963628190401e-40,FALSE,NA,2
"Environment1",92,"MSE",1.14259437658472,0.238855831239686,0.627466986794718,0.354459653441026,0.84872397365529,0.235214112317138,0.823291082277057,0.673275221367242,38,1.74654414310446,0.163743492663472,1.46271518698941e-26,FALSE,NA,2
"Environment1",92,"GAUSSIAN",1.10595923639508,0.194908729656589,0.650324129651861,0.39519208451362,0.870850551839361,0.211688726765247,0.815126378159454,0.656017462671801,37,1.77166534212977,0.166286960988597,1.66555164875187e-26,FALSE,NA,2
"Environment1",92,"NBINOM",1.78028713480875,1.53642979858844,0.660696278511405,-0.567181633501324,1.75153717161829,1.51788419451387,0.786724668116703,-0.39151486424556,0,1.05357643303264,0.426598051858594,0.0135220003117941,FALSE,NA,2
"Environment2",92,"GLM",1.0818095407691,0.0680924554224072,0.638703481392557,0.421316844421262,0.931492527606347,0.0658784533932614,0.7830390759769,-0.61975284193122,38,0.383956599123326,0.09944499953409,0.000112926432409382,FALSE,NA,0.4
"Environment2",92,"POISSON",NA,NA,NA,NA,NA,NA,NA,NA,NA,NA,NA,NA,TRUE,"[33m![39m in callr subprocess.
[1mCaused by error[22m in `checkForRemoteErrors(val)`:
[33m![39m one node produced an error: missing value where TRUE/FALSE needed",0.4
"Environment2",92,"MSE",1.14259437658472,0.238855831239686,0.627466986794718,0.354459653441026,0.84872397365529,0.235214112317138,0.823291082277057,0.673275221367242,38,0.337219310618253,0.12775471043602,0.00830078091122847,FALSE,NA,0.4
"Environment2",92,"GAUSSIAN",1.10595923639508,0.194908729656589,0.650324129651861,0.39519208451362,0.870850551839361,0.211688726765247,0.815126378159454,0.656017462671801,37,0.296582688919239,0.0998322404041921,0.00297014787666889,FALSE,NA,0.4
"Environment2",92,"MAE",1.11963505660641,0.20048085208223,0.660984393757503,0.380142011454121,0.886764648899531,0.208441333417155,0.800264006600165,0.64333057965527,37,0.268791216903133,0.115233612900794,0.0196703837748374,FALSE,NA,0.4
"Environment2",92,"NBINOM",1.78028713480875,1.53642979858844,0.660696278511405,-0.567181633501324,1.75153717161829,1.51788419451387,0.786724668116703,-0.39151486424556,0,0.00751942789712711,0.124532183917994,0.951851870438218,FALSE,NA,0.4
"Environment3",92,"GLM",1.0818095407691,0.0680924554224072,0.638703481392557,0.421316844421262,0.931492527606347,0.0658784533932614,0.7830390759769,-0.61975284193122,38,0.119009530769912,0.15448485249851,0.441084148374316,FALSE,NA,0.1
"Environment3",92,"MSE",1.14259437658472,0.238855831239686,0.627466986794718,0.354459653441026,0.84872397365529,0.235214112317138,0.823291082277057,0.673275221367242,38,0.0770760369785785,0.141036705612278,0.58472483429383,FALSE,NA,0.1
"Environment3",92,"GAUSSIAN",1.10595923639508,0.194908729656589,0.650324129651861,0.39519208451362,0.870850551839361,0.211688726765247,0.815126378159454,0.656017462671801,37,0.0474407740481838,0.13080713107763,0.716845976321252,FALSE,NA,0.1
"Environment3",92,"POISSON",NA,NA,NA,NA,NA,NA,NA,NA,NA,NA,NA,NA,TRUE,"[33m![39m in callr subprocess.
[1mCaused by error[22m in `checkForRemoteErrors(val)`:
[33m![39m one node produced an error: missing value where TRUE/FALSE needed",0.1
"Environment3",92,"MAE",1.11963505660641,0.20048085208223,0.660984393757503,0.380142011454121,0.886764648899531,0.208441333417155,0.800264006600165,0.64333057965527,37,-0.0119129344727808,0.155377457582493,0.93888532941688,FALSE,NA,0.1
"Environment3",92,"NBINOM",1.78028713480875,1.53642979858844,0.660696278511405,-0.567181633501324,1.75153717161829,1.51788419451387,0.786724668116703,-0.39151486424556,0,-0.045947155573881,0.159102431477665,0.772742256367394,FALSE,NA,0.1
"Environment1",93,"GLM",1.01178668442924,0.119292985700629,0.735894357743097,0.495672064926102,1.06948414537752,0.118659517718132,0.762547063676592,-0.552633060912138,37,2.15895014903662,0.16254809092737,2.94752931701302e-40,FALSE,NA,2
"Environment1",93,"POISSON",NA,NA,NA,NA,NA,NA,NA,NA,NA,NA,NA,NA,TRUE,"[33m![39m in callr subprocess.
[1mCaused by error[22m in `checkForRemoteErrors(val)`:
[33m![39m one node produced an error: missing value where TRUE/FALSE needed",2
"Environment1",93,"MAE",1.02190027090906,0.27723520457781,0.719279711884754,0.485539383212847,1.01217752877146,0.27485762401471,0.786172654316358,0.612676019970936,36,1.9142903443317,0.12353548771548,3.69896590247652e-54,FALSE,NA,2
"Environment1",93,"MSE",1.07731650081583,0.356585664308279,0.685954381752701,0.428229520325984,0.955352301024793,0.344005087649326,0.809714242856072,0.654945169873345,37,2.00096114955726,0.131780563927202,4.51130102785184e-52,FALSE,NA,2
"Environment1",93,"GAUSSIAN",1.03722616823792,0.342001507869671,0.703337334933974,0.469992475081109,0.985797537859998,0.315025797690444,0.795136878421961,0.632602276127628,38,1.99541312154732,0.144222269248783,1.55261908460265e-43,FALSE,NA,2
"Environment1",93,"NBINOM",1.8632527909689,1.49232877854821,0.703625450180072,-0.71032508848807,1.91022747160844,1.51627334570172,0.75409585239631,-0.379530085311891,0,0.768127463318896,0.605296477387406,0.20443739109273,FALSE,NA,2
"Environment2",93,"GLM",1.01178668442924,0.119292985700629,0.735894357743097,0.495672064926102,1.06948414537752,0.118659517718132,0.762547063676592,-0.552633060912138,37,0.306762708027891,0.155248843716882,0.0481613485798217,FALSE,NA,0.4
"Environment2",93,"POISSON",NA,NA,NA,NA,NA,NA,NA,NA,NA,NA,NA,NA,TRUE,"[33m![39m in callr subprocess.
[1mCaused by error[22m in `checkForRemoteErrors(val)`:
[33m![39m one node produced an error: missing value where TRUE/FALSE needed",0.4
"Environment2",93,"MSE",1.07731650081583,0.356585664308279,0.685954381752701,0.428229520325984,0.955352301024793,0.344005087649326,0.809714242856072,0.654945169873345,37,0.43287860268238,0.189028804758213,0.0220205071205597,FALSE,NA,0.4
"Environment2",93,"GAUSSIAN",1.03722616823792,0.342001507869671,0.703337334933974,0.469992475081109,0.985797537859998,0.315025797690444,0.795136878421961,0.632602276127628,38,0.355864657198465,0.185294236490033,0.0547899543124946,FALSE,NA,0.4
"Environment2",93,"MAE",1.02190027090906,0.27723520457781,0.719279711884754,0.485539383212847,1.01217752877146,0.27485762401471,0.786172654316358,0.612676019970936,36,0.275986263771891,0.197914426808626,0.163174909902498,FALSE,NA,0.4
"Environment2",93,"NBINOM",1.8632527909689,1.49232877854821,0.703625450180072,-0.71032508848807,1.91022747160844,1.51627334570172,0.75409585239631,-0.379530085311891,0,0.128573613218151,0.29746084005324,0.6655690918706,FALSE,NA,0.4
"Environment3",93,"GLM",1.01178668442924,0.119292985700629,0.735894357743097,0.495672064926102,1.06948414537752,0.118659517718132,0.762547063676592,-0.552633060912138,37,0.145382917255922,0.117771668210761,0.217036274693465,FALSE,NA,0.1
"Environment3",93,"MSE",1.07731650081583,0.356585664308279,0.685954381752701,0.428229520325984,0.955352301024793,0.344005087649326,0.809714242856072,0.654945169873345,37,0.175685649085644,0.162831790148925,0.280614701886108,FALSE,NA,0.1
"Environment3",93,"GAUSSIAN",1.03722616823792,0.342001507869671,0.703337334933974,0.469992475081109,0.985797537859998,0.315025797690444,0.795136878421961,0.632602276127628,38,0.155461020657203,0.201107800745489,0.439508577072287,FALSE,NA,0.1
"Environment3",93,"POISSON",NA,NA,NA,NA,NA,NA,NA,NA,NA,NA,NA,NA,TRUE,"[33m![39m in callr subprocess.
[1mCaused by error[22m in `checkForRemoteErrors(val)`:
[33m![39m one node produced an error: missing value where TRUE/FALSE needed",0.1
"Environment3",93,"MAE",1.02190027090906,0.27723520457781,0.719279711884754,0.485539383212847,1.01217752877146,0.27485762401471,0.786172654316358,0.612676019970936,36,0.137311090403424,0.251684181282636,0.585362229340301,FALSE,NA,0.1
"Environment3",93,"NBINOM",1.8632527909689,1.49232877854821,0.703625450180072,-0.71032508848807,1.91022747160844,1.51627334570172,0.75409585239631,-0.379530085311891,0,-0.00791055474383935,0.276746532474923,0.977196281204962,FALSE,NA,0.1
"Environment1",94,"GLM",1.18030546379525,0.045737537570264,0.691908763505402,0.494610657341974,0.9557564917923,0.0492059567258176,0.801213530338259,-0.568843381882981,38,1.95758953052641,0.0733969250910841,1.01415488541268e-156,FALSE,NA,2
"Environment1",94,"POISSON",NA,NA,NA,NA,NA,NA,NA,NA,NA,NA,NA,NA,TRUE,"[33m![39m in callr subprocess.
[1mCaused by error[22m in `checkForRemoteErrors(val)`:
[33m![39m one node produced an error: missing value where TRUE/FALSE needed",2
"Environment1",94,"MAE",1.20809472366476,0.185209249276807,0.690372148859544,0.470532606833727,0.928578286922561,0.176543417085722,0.810362259056477,0.633512977538073,37,1.78663869746774,0.159839883880101,5.24444365211899e-29,FALSE,NA,2
"Environment1",94,"MSE",1.22258669910016,0.23950346360148,0.674045618247299,0.457753724375753,0.896667317948708,0.237745059502865,0.820649516237906,0.658269113266822,37,1.90913091558963,0.202181410962173,3.63423608390327e-21,FALSE,NA,2
"Environment1",94,"GAUSSIAN",1.21989552537303,0.225369407419712,0.672605042016807,0.460138296103543,0.905328073094433,0.219521799037756,0.818345458636466,0.651635792660558,37,1.8520441667363,0.144788211626139,1.83140782226975e-37,FALSE,NA,2
"Environment1",94,"NBINOM",1.98696040907041,1.46163007610949,0.682208883553421,-0.432239581974195,1.72237767147745,1.49799372418568,0.797047926198155,-0.260893266705738,0,1.0028513312151,0.356676259438046,0.0049287017967395,FALSE,NA,2
"Environment2",94,"GLM",1.18030546379525,0.045737537570264,0.691908763505402,0.494610657341974,0.9557564917923,0.0492059567258176,0.801213530338259,-0.568843381882981,38,0.388386698802883,0.112448234867868,0.000552510510694553,FALSE,NA,0.4
"Environment2",94,"POISSON",NA,NA,NA,NA,NA,NA,NA,NA,NA,NA,NA,NA,TRUE,"[33m![39m in callr subprocess.
[1mCaused by error[22m in `checkForRemoteErrors(val)`:
[33m![39m one node produced an error: missing value where TRUE/FALSE needed",0.4
"Environment2",94,"MSE",1.22258669910016,0.23950346360148,0.674045618247299,0.457753724375753,0.896667317948708,0.237745059502865,0.820649516237906,0.658269113266822,37,0.422556716629881,0.143217857020563,0.00317314336674346,FALSE,NA,0.4
"Environment2",94,"GAUSSIAN",1.21989552537303,0.225369407419712,0.672605042016807,0.460138296103543,0.905328073094433,0.219521799037756,0.818345458636466,0.651635792660558,37,0.399664633670232,0.12950893158587,0.00202868449211328,FALSE,NA,0.4
"Environment2",94,"MAE",1.20809472366476,0.185209249276807,0.690372148859544,0.470532606833727,0.928578286922561,0.176543417085722,0.810362259056477,0.633512977538073,37,0.480278614570969,0.145113517689255,0.000934042807826611,FALSE,NA,0.4
"Environment2",94,"NBINOM",1.98696040907041,1.46163007610949,0.682208883553421,-0.432239581974195,1.72237767147745,1.49799372418568,0.797047926198155,-0.260893266705738,0,0.119240563345348,0.0954384542002567,0.211519732848898,FALSE,NA,0.4
"Environment3",94,"GLM",1.18030546379525,0.045737537570264,0.691908763505402,0.494610657341974,0.9557564917923,0.0492059567258176,0.801213530338259,-0.568843381882981,38,0.0598715679454182,0.0970223574415047,0.53717508283079,FALSE,NA,0.1
"Environment3",94,"MSE",1.22258669910016,0.23950346360148,0.674045618247299,0.457753724375753,0.896667317948708,0.237745059502865,0.820649516237906,0.658269113266822,37,0.148828157093349,0.263204722282645,0.571770186387351,FALSE,NA,0.1
"Environment3",94,"GAUSSIAN",1.21989552537303,0.225369407419712,0.672605042016807,0.460138296103543,0.905328073094433,0.219521799037756,0.818345458636466,0.651635792660558,37,0.0310133812390595,0.131040297097606,0.812912371469357,FALSE,NA,0.1
"Environment3",94,"POISSON",NA,NA,NA,NA,NA,NA,NA,NA,NA,NA,NA,NA,TRUE,"[33m![39m in callr subprocess.
[1mCaused by error[22m in `checkForRemoteErrors(val)`:
[33m![39m one node produced an error: missing value where TRUE/FALSE needed",0.1
"Environment3",94,"MAE",1.20809472366476,0.185209249276807,0.690372148859544,0.470532606833727,0.928578286922561,0.176543417085722,0.810362259056477,0.633512977538073,37,0.050445394098993,0.168556378206678,0.764727131993805,FALSE,NA,0.1
"Environment3",94,"NBINOM",1.98696040907041,1.46163007610949,0.682208883553421,-0.432239581974195,1.72237767147745,1.49799372418568,0.797047926198155,-0.260893266705738,0,0.0894345849904727,0.227755887148221,0.694557779728286,FALSE,NA,0.1
"Environment1",95,"GLM",0.965373904208535,0.171596911945432,0.703337334933974,0.546022861269103,1.04887437027829,0.151426941000777,0.705515637890947,-0.579921953871686,35,1.74479316672967,0.169449680993791,7.28277641242057e-25,FALSE,NA,2
"Environment1",95,"POISSON",NA,NA,NA,NA,NA,NA,NA,NA,NA,NA,NA,NA,TRUE,"[33m![39m in callr subprocess.
[1mCaused by error[22m in `checkForRemoteErrors(val)`:
[33m![39m one node produced an error: missing value where TRUE/FALSE needed",2
"Environment1",95,"MAE",0.9559682725695,0.266541510999761,0.711980792316927,0.55482595966174,1.04356110094185,0.216056492841553,0.709292732318308,0.483210690051483,35,1.60325282537192,0.208476716997162,1.46766602751834e-14,FALSE,NA,2
"Environment1",95,"MSE",0.955987590050466,0.255467816967204,0.718991596638655,0.554807968002006,1.01392547103599,0.21257498455627,0.720420010500262,0.512146052652011,35,1.63733470244134,0.147461495109896,1.20662370662817e-28,FALSE,NA,2
"Environment1",95,"GAUSSIAN",0.957812649438198,0.233504200808387,0.709483793517407,0.553106528626701,1.03441886909821,0.216326389972053,0.708284707117678,0.492225806576792,34,1.57176093041152,0.133944926138525,8.49444955754609e-32,FALSE,NA,2
"Environment1",95,"NBINOM",1.59990788099187,1.43103186621106,0.682977190876351,-0.24690345684044,1.75785840728328,1.46931642962227,0.698268956723918,-0.466376654333128,0,0.564794837454674,0.419621461886017,0.178314544909793,FALSE,NA,2
"Environment2",95,"GLM",0.965373904208535,0.171596911945432,0.703337334933974,0.546022861269103,1.04887437027829,0.151426941000777,0.705515637890947,-0.579921953871686,35,0.330594161116848,0.145782886687664,0.0233465318714441,FALSE,NA,0.4
"Environment2",95,"POISSON",NA,NA,NA,NA,NA,NA,NA,NA,NA,NA,NA,NA,TRUE,"[33m![39m in callr subprocess.
[1mCaused by error[22m in `checkForRemoteErrors(val)`:
[33m![39m one node produced an error: missing value where TRUE/FALSE needed",0.4
"Environment2",95,"MSE",0.955987590050466,0.255467816967204,0.718991596638655,0.554807968002006,1.01392547103599,0.21257498455627,0.720420010500262,0.512146052652011,35,0.338400389316334,0.150479818259323,0.0245246422019711,FALSE,NA,0.4
"Environment2",95,"GAUSSIAN",0.957812649438198,0.233504200808387,0.709483793517407,0.553106528626701,1.03441886909821,0.216326389972053,0.708284707117678,0.492225806576792,34,0.245642260020108,0.100558893175509,0.0145750176572194,FALSE,NA,0.4
"Environment2",95,"MAE",0.9559682725695,0.266541510999761,0.711980792316927,0.55482595966174,1.04356110094185,0.216056492841553,0.709292732318308,0.483210690051483,35,0.257214726677797,0.137992240167553,0.0623245630290185,FALSE,NA,0.4
"Environment2",95,"NBINOM",1.59990788099187,1.43103186621106,0.682977190876351,-0.24690345684044,1.75785840728328,1.46931642962227,0.698268956723918,-0.466376654333128,0,0.09505119806446,0.112123687922939,0.39658545301984,FALSE,NA,0.4
"Environment3",95,"GLM",0.965373904208535,0.171596911945432,0.703337334933974,0.546022861269103,1.04887437027829,0.151426941000777,0.705515637890947,-0.579921953871686,35,0.0350585909928655,0.202952081411403,0.862853289370638,FALSE,NA,0.1
"Environment3",95,"MSE",0.955987590050466,0.255467816967204,0.718991596638655,0.554807968002006,1.01392547103599,0.21257498455627,0.720420010500262,0.512146052652011,35,-0.0547706344595172,0.192810117512599,0.776360455515088,FALSE,NA,0.1
"Environment3",95,"GAUSSIAN",0.957812649438198,0.233504200808387,0.709483793517407,0.553106528626701,1.03441886909821,0.216326389972053,0.708284707117678,0.492225806576792,34,-0.0221279084246198,0.166699742536119,0.894398131523892,FALSE,NA,0.1
"Environment3",95,"POISSON",NA,NA,NA,NA,NA,NA,NA,NA,NA,NA,NA,NA,TRUE,"[33m![39m in callr subprocess.
[1mCaused by error[22m in `checkForRemoteErrors(val)`:
[33m![39m one node produced an error: missing value where TRUE/FALSE needed",0.1
"Environment3",95,"MAE",0.9559682725695,0.266541510999761,0.711980792316927,0.55482595966174,1.04356110094185,0.216056492841553,0.709292732318308,0.483210690051483,35,-0.0264805630620358,0.216411138341443,0.902612100091526,FALSE,NA,0.1
"Environment3",95,"NBINOM",1.59990788099187,1.43103186621106,0.682977190876351,-0.24690345684044,1.75785840728328,1.46931642962227,0.698268956723918,-0.466376654333128,0,0.0260868610644411,0.0507877885798264,0.607500660576028,FALSE,NA,0.1
"Environment1",96,"GLM",1.09275358346465,0.0489238277676668,0.613253301320528,0.405575227223262,0.950315456768932,0.0475655289165274,0.783498087452186,-0.658769556556002,35,1.92996175536231,0.118311063980966,8.02930369760561e-60,FALSE,NA,2
"Environment1",96,"POISSON",NA,NA,NA,NA,NA,NA,NA,NA,NA,NA,NA,NA,TRUE,"[33m![39m in callr subprocess.
[1mCaused by error[22m in `checkForRemoteErrors(val)`:
[33m![39m one node produced an error: missing value where TRUE/FALSE needed",2
"Environment1",96,"MAE",1.08485767592501,0.135636228321299,0.61296518607443,0.414134459836181,0.925549037547219,0.129686299559784,0.798027450686267,0.623147964380604,32,1.79834455059096,0.207559242888858,4.54506959725752e-18,FALSE,NA,2
"Environment1",96,"MSE",1.11283378903864,0.151583448173486,0.611620648259304,0.383528463738074,0.888784297624012,0.200488897644562,0.808935723393085,0.652492049688816,32,1.82803645078908,0.130952527353195,2.75221813067953e-44,FALSE,NA,2
"Environment1",96,"GAUSSIAN",1.13518711755894,0.13433112700063,0.611620648259304,0.358513782763354,0.912539007882301,0.142461635362304,0.800781519537988,0.633667985114131,32,1.88349572200421,0.139046238851621,8.38687647994062e-42,FALSE,NA,2
"Environment1",96,"NBINOM",1.436373023095,1.33402016908981,0.594045618247299,-0.0270389199108851,1.76514108212948,1.52795775054099,0.785254631365784,-0.370663488357124,0,1.03661391108278,0.288222578871831,0.000322435552545614,FALSE,NA,2
"Environment2",96,"GLM",1.09275358346465,0.0489238277676668,0.613253301320528,0.405575227223262,0.950315456768932,0.0475655289165274,0.783498087452186,-0.658769556556002,35,0.447260336685948,0.148637410886446,0.0026204894804533,FALSE,NA,0.4
"Environment2",96,"POISSON",NA,NA,NA,NA,NA,NA,NA,NA,NA,NA,NA,NA,TRUE,"[33m![39m in callr subprocess.
[1mCaused by error[22m in `checkForRemoteErrors(val)`:
[33m![39m one node produced an error: missing value where TRUE/FALSE needed",0.4
"Environment2",96,"MSE",1.11283378903864,0.151583448173486,0.611620648259304,0.383528463738074,0.888784297624012,0.200488897644562,0.808935723393085,0.652492049688816,32,0.420337887581787,0.153447637040888,0.00615716575346942,FALSE,NA,0.4
"Environment2",96,"GAUSSIAN",1.13518711755894,0.13433112700063,0.611620648259304,0.358513782763354,0.912539007882301,0.142461635362304,0.800781519537988,0.633667985114131,32,0.403010131986979,0.185390207782054,0.0297165525183703,FALSE,NA,0.4
"Environment2",96,"MAE",1.08485767592501,0.135636228321299,0.61296518607443,0.414134459836181,0.925549037547219,0.129686299559784,0.798027450686267,0.623147964380604,32,0.406961257414849,0.196147064005734,0.0380072826145641,FALSE,NA,0.4
"Environment2",96,"NBINOM",1.436373023095,1.33402016908981,0.594045618247299,-0.0270389199108851,1.76514108212948,1.52795775054099,0.785254631365784,-0.370663488357124,0,0.206345132030538,0.112272458411349,0.0660776925257488,FALSE,NA,0.4
"Environment3",96,"GLM",1.09275358346465,0.0489238277676668,0.613253301320528,0.405575227223262,0.950315456768932,0.0475655289165274,0.783498087452186,-0.658769556556002,35,0.111931058087785,0.11307507766147,0.322231478333682,FALSE,NA,0.1
"Environment3",96,"MSE",1.11283378903864,0.151583448173486,0.611620648259304,0.383528463738074,0.888784297624012,0.200488897644562,0.808935723393085,0.652492049688816,32,0.171584649594177,0.168147776161264,0.307520020659562,FALSE,NA,0.1
"Environment3",96,"GAUSSIAN",1.13518711755894,0.13433112700063,0.611620648259304,0.358513782763354,0.912539007882301,0.142461635362304,0.800781519537988,0.633667985114131,32,0.179484618666123,0.136851355463446,0.189678862666794,FALSE,NA,0.1
"Environment3",96,"POISSON",NA,NA,NA,NA,NA,NA,NA,NA,NA,NA,NA,NA,TRUE,"[33m![39m in callr subprocess.
[1mCaused by error[22m in `checkForRemoteErrors(val)`:
[33m![39m one node produced an error: missing value where TRUE/FALSE needed",0.1
"Environment3",96,"MAE",1.08485767592501,0.135636228321299,0.61296518607443,0.414134459836181,0.925549037547219,0.129686299559784,0.798027450686267,0.623147964380604,32,0.0723914285952997,0.182882862091954,0.69222679176758,FALSE,NA,0.1
"Environment3",96,"NBINOM",1.436373023095,1.33402016908981,0.594045618247299,-0.0270389199108851,1.76514108212948,1.52795775054099,0.785254631365784,-0.370663488357124,0,0.152310205552005,0.127480554169569,0.232176095628944,FALSE,NA,0.1
"Environment1",97,"GLM",0.940058033230151,0.0755482365643187,0.822713085234094,0.654227013685853,0.915456633290886,0.0749368435784006,0.797397434935874,-0.609674660374546,36,2.12622313021726,0.10923622275771,2.19836432393642e-84,FALSE,NA,2
"Environment1",97,"POISSON",NA,NA,NA,NA,NA,NA,NA,NA,NA,NA,NA,NA,TRUE,"[33m![39m in callr subprocess.
[1mCaused by error[22m in `checkForRemoteErrors(val)`:
[33m![39m one node produced an error: missing value where TRUE/FALSE needed",2
"Environment1",97,"MAE",0.959900550003562,0.219258912987091,0.805234093637455,0.639475974360196,0.896673807071403,0.208370885089781,0.806931673291832,0.649337664674274,36,2.03088910342008,0.203660438573403,2.0224505363877e-23,FALSE,NA,2
"Environment1",97,"MSE",0.944007960580812,0.193944597803986,0.814549819927971,0.651315177427704,0.860223128373657,0.194022232553323,0.820753018825471,0.677267736840953,35,2.04676983104437,0.127652492723511,7.40601732215102e-58,FALSE,NA,2
"Environment1",97,"GAUSSIAN",0.954328125048334,0.215146334417191,0.806578631452581,0.643649660401652,0.862553026210568,0.194639248694953,0.818694967374184,0.67551714103546,35,2.09179290532693,0.150627248938886,7.57233984738971e-44,FALSE,NA,2
"Environment1",97,"NBINOM",1.90296305173545,1.47856179966551,0.814165666266507,-0.416910578868595,1.77524023613767,1.49275510097561,0.779561989049726,-0.374467321621034,0,0.99631520344694,0.413212422135121,0.0159025101751424,FALSE,NA,2
"Environment2",97,"GLM",0.940058033230151,0.0755482365643187,0.822713085234094,0.654227013685853,0.915456633290886,0.0749368435784006,0.797397434935874,-0.609674660374546,36,0.362071105783603,0.121107021106905,0.00279270853281305,FALSE,NA,0.4
"Environment2",97,"POISSON",NA,NA,NA,NA,NA,NA,NA,NA,NA,NA,NA,NA,TRUE,"[33m![39m in callr subprocess.
[1mCaused by error[22m in `checkForRemoteErrors(val)`:
[33m![39m one node produced an error: missing value where TRUE/FALSE needed",0.4
"Environment2",97,"MSE",0.944007960580812,0.193944597803986,0.814549819927971,0.651315177427704,0.860223128373657,0.194022232553323,0.820753018825471,0.677267736840953,35,0.375136023392359,0.0979143212932396,0.000127484457003544,FALSE,NA,0.4
"Environment2",97,"GAUSSIAN",0.954328125048334,0.215146334417191,0.806578631452581,0.643649660401652,0.862553026210568,0.194639248694953,0.818694967374184,0.67551714103546,35,0.387558113315867,0.130641556715403,0.00301135875998708,FALSE,NA,0.4
"Environment2",97,"MAE",0.959900550003562,0.219258912987091,0.805234093637455,0.639475974360196,0.896673807071403,0.208370885089781,0.806931673291832,0.649337664674274,36,0.356902809267427,0.144662425011391,0.0136196164932088,FALSE,NA,0.4
"Environment2",97,"NBINOM",1.90296305173545,1.47856179966551,0.814165666266507,-0.416910578868595,1.77524023613767,1.49275510097561,0.779561989049726,-0.374467321621034,0,0.164923328959068,0.099727247129045,0.0981795540341139,FALSE,NA,0.4
"Environment3",97,"GLM",0.940058033230151,0.0755482365643187,0.822713085234094,0.654227013685853,0.915456633290886,0.0749368435784006,0.797397434935874,-0.609674660374546,36,0.114522579055324,0.145469729331293,0.431129358527617,FALSE,NA,0.1
"Environment3",97,"MSE",0.944007960580812,0.193944597803986,0.814549819927971,0.651315177427704,0.860223128373657,0.194022232553323,0.820753018825471,0.677267736840953,35,0.151416142688364,0.14089898216622,0.282534472240375,FALSE,NA,0.1
"Environment3",97,"GAUSSIAN",0.954328125048334,0.215146334417191,0.806578631452581,0.643649660401652,0.862553026210568,0.194639248694953,0.818694967374184,0.67551714103546,35,0.168437683587725,0.170942847356642,0.324454625238819,FALSE,NA,0.1
"Environment3",97,"POISSON",NA,NA,NA,NA,NA,NA,NA,NA,NA,NA,NA,NA,TRUE,"[33m![39m in callr subprocess.
[1mCaused by error[22m in `checkForRemoteErrors(val)`:
[33m![39m one node produced an error: missing value where TRUE/FALSE needed",0.1
"Environment3",97,"MAE",0.959900550003562,0.219258912987091,0.805234093637455,0.639475974360196,0.896673807071403,0.208370885089781,0.806931673291832,0.649337664674274,36,0.176142948767678,0.163335622584791,0.280850334648661,FALSE,NA,0.1
"Environment3",97,"NBINOM",1.90296305173545,1.47856179966551,0.814165666266507,-0.416910578868595,1.77524023613767,1.49275510097561,0.779561989049726,-0.374467321621034,0,0.0180633312827427,0.104386600451336,0.862617923626314,FALSE,NA,0.1
"Environment1",98,"GLM",0.889562733129488,0.0603881793070587,0.743481392557023,0.603145257136023,0.978407937364737,0.0624043705447954,0.764236105902648,-0.549681516415258,37,2.04196306936725,0.134987572364969,1.07411491965065e-51,FALSE,NA,2
"Environment1",98,"POISSON",NA,NA,NA,NA,NA,NA,NA,NA,NA,NA,NA,NA,TRUE,"[33m![39m in callr subprocess.
[1mCaused by error[22m in `checkForRemoteErrors(val)`:
[33m![39m one node produced an error: missing value where TRUE/FALSE needed",2
"Environment1",98,"MAE",0.866347087356849,0.152136355267079,0.770276110444178,0.623589046154163,0.956404002606215,0.156047496483085,0.776069901747544,0.606699812843313,37,1.91492081751302,0.14474170191417,5.89518143552278e-40,FALSE,NA,2
"Environment1",98,"MSE",0.862682985579151,0.157466174139463,0.762112845138055,0.626766274946484,0.932580692041589,0.187427967095109,0.790222755568889,0.62604941029912,37,1.87766437390074,0.130139492780345,3.44487100992276e-47,FALSE,NA,2
"Environment1",98,"GAUSSIAN",0.866365349746546,0.125157492088132,0.767875150060024,0.623573176680881,0.944074050631261,0.137858618759827,0.78328058201455,0.616775290095605,37,1.87098457177728,0.153077295248158,2.3577300039171e-34,FALSE,NA,2
"Environment1",98,"NBINOM",1.83272082138539,1.63933985478612,0.716494597839136,-0.684500102242385,1.79131851871728,1.53888400139041,0.762118052951324,-0.379707466138985,0,0.757432058154,0.270862006938924,0.00516792127547721,FALSE,NA,2
"Environment2",98,"GLM",0.889562733129488,0.0603881793070587,0.743481392557023,0.603145257136023,0.978407937364737,0.0624043705447954,0.764236105902648,-0.549681516415258,37,0.444293874837799,0.144661997254238,0.00213161056364656,FALSE,NA,0.4
"Environment2",98,"POISSON",NA,NA,NA,NA,NA,NA,NA,NA,NA,NA,NA,NA,TRUE,"[33m![39m in callr subprocess.
[1mCaused by error[22m in `checkForRemoteErrors(val)`:
[33m![39m one node produced an error: missing value where TRUE/FALSE needed",0.4
"Environment2",98,"MSE",0.862682985579151,0.157466174139463,0.762112845138055,0.626766274946484,0.932580692041589,0.187427967095109,0.790222755568889,0.62604941029912,37,0.396395630114435,0.149580649847865,0.00804807687699122,FALSE,NA,0.4
"Environment2",98,"GAUSSIAN",0.866365349746546,0.125157492088132,0.767875150060024,0.623573176680881,0.944074050631261,0.137858618759827,0.78328058201455,0.616775290095605,37,0.40487351551326,0.138133133911671,0.0033783105275809,FALSE,NA,0.4
"Environment2",98,"MAE",0.866347087356849,0.152136355267079,0.770276110444178,0.623589046154163,0.956404002606215,0.156047496483085,0.776069901747544,0.606699812843313,37,0.366528278139544,0.143627366573024,0.0107125272691731,FALSE,NA,0.4
"Environment2",98,"NBINOM",1.83272082138539,1.63933985478612,0.716494597839136,-0.684500102242385,1.79131851871728,1.53888400139041,0.762118052951324,-0.379707466138985,0,0.14625736768978,0.0937291646042976,0.118659390042906,FALSE,NA,0.4
"Environment3",98,"GLM",0.889562733129488,0.0603881793070587,0.743481392557023,0.603145257136023,0.978407937364737,0.0624043705447954,0.764236105902648,-0.549681516415258,37,0.0221701043421325,0.120690226477537,0.854253295889873,FALSE,NA,0.1
"Environment3",98,"MSE",0.862682985579151,0.157466174139463,0.762112845138055,0.626766274946484,0.932580692041589,0.187427967095109,0.790222755568889,0.62604941029912,37,0.051405350849122,0.138724196891428,0.710966823662801,FALSE,NA,0.1
"Environment3",98,"GAUSSIAN",0.866365349746546,0.125157492088132,0.767875150060024,0.623573176680881,0.944074050631261,0.137858618759827,0.78328058201455,0.616775290095605,37,0.101595774380345,0.11676191875062,0.384240006634758,FALSE,NA,0.1
"Environment3",98,"POISSON",NA,NA,NA,NA,NA,NA,NA,NA,NA,NA,NA,NA,TRUE,"[33m![39m in callr subprocess.
[1mCaused by error[22m in `checkForRemoteErrors(val)`:
[33m![39m one node produced an error: missing value where TRUE/FALSE needed",0.1
"Environment3",98,"MAE",0.866347087356849,0.152136355267079,0.770276110444178,0.623589046154163,0.956404002606215,0.156047496483085,0.776069901747544,0.606699812843313,37,0.108339582247914,0.177731771584139,0.542148082948467,FALSE,NA,0.1
"Environment3",98,"NBINOM",1.83272082138539,1.63933985478612,0.716494597839136,-0.684500102242385,1.79131851871728,1.53888400139041,0.762118052951324,-0.379707466138985,0,0.0221561556694092,0.101853726668391,0.827795984126587,FALSE,NA,0.1
"Environment1",99,"GLM",1.19617513568035,0.0494528296805605,0.719471788715486,0.518551554201072,1.04148807301117,0.0599807493400135,0.690107252681317,-0.648513648323643,37,1.91457221759828,0.141193323909713,6.9197896074434e-42,FALSE,NA,2
"Environment1",99,"POISSON",NA,NA,NA,NA,NA,NA,NA,NA,NA,NA,NA,NA,TRUE,"[33m![39m in callr subprocess.
[1mCaused by error[22m in `checkForRemoteErrors(val)`:
[33m![39m one node produced an error: missing value where TRUE/FALSE needed",2
"Environment1",99,"MAE",1.2946688354563,0.280015577077652,0.708811524609844,0.436001906749445,0.990680265040504,0.252097314659776,0.718249456236406,0.540311464267322,41,1.78920531694591,0.159378683632018,3.03492704975788e-29,FALSE,NA,2
"Environment1",99,"MSE",1.22814897957523,0.272804894783713,0.720912364945978,0.492469260591425,0.93752146917833,0.28863680105208,0.749529738243456,0.588320640435428,39,1.88419426706968,0.184954667970024,2.25882407090812e-24,FALSE,NA,2
"Environment1",99,"GAUSSIAN",1.25338471495558,0.267217387171889,0.714189675870348,0.471397715156285,0.954832823535307,0.282872448084449,0.740355508887722,0.572976938774089,39,1.90591659720335,0.161124481503094,2.76924359835595e-32,FALSE,NA,2
"Environment1",99,"NBINOM",1.67300240913474,1.41694817373446,0.708235294117647,0.0582115058223308,1.74655928865519,1.45960125747821,0.668041701042526,-0.428773264917841,0,0.573414220442987,0.554369983003522,0.300971197221376,FALSE,NA,2
"Environment2",99,"GLM",1.19617513568035,0.0494528296805605,0.719471788715486,0.518551554201072,1.04148807301117,0.0599807493400135,0.690107252681317,-0.648513648323643,37,0.432482376910992,0.158966603970585,0.00651662445524883,FALSE,NA,0.4
"Environment2",99,"POISSON",NA,NA,NA,NA,NA,NA,NA,NA,NA,NA,NA,NA,TRUE,"[33m![39m in callr subprocess.
[1mCaused by error[22m in `checkForRemoteErrors(val)`:
[33m![39m one node produced an error: missing value where TRUE/FALSE needed",0.4
"Environment2",99,"MSE",1.22814897957523,0.272804894783713,0.720912364945978,0.492469260591425,0.93752146917833,0.28863680105208,0.749529738243456,0.588320640435428,39,0.225599967946723,0.22313438986921,0.3119926215901,FALSE,NA,0.4
"Environment2",99,"GAUSSIAN",1.25338471495558,0.267217387171889,0.714189675870348,0.471397715156285,0.954832823535307,0.282872448084449,0.740355508887722,0.572976938774089,39,0.348660625106742,0.2203759234659,0.11362272857617,FALSE,NA,0.4
"Environment2",99,"MAE",1.2946688354563,0.280015577077652,0.708811524609844,0.436001906749445,0.990680265040504,0.252097314659776,0.718249456236406,0.540311464267322,41,0.37047064592487,0.232324307909664,0.110795640526928,FALSE,NA,0.4
"Environment2",99,"NBINOM",1.67300240913474,1.41694817373446,0.708235294117647,0.0582115058223308,1.74655928865519,1.45960125747821,0.668041701042526,-0.428773264917841,0,0.0526012871742655,0.0719588808317593,0.464784710361523,FALSE,NA,0.4
"Environment3",99,"GLM",1.19617513568035,0.0494528296805605,0.719471788715486,0.518551554201072,1.04148807301117,0.0599807493400135,0.690107252681317,-0.648513648323643,37,0.136115822967384,0.101197874665559,0.178610295644802,FALSE,NA,0.1
"Environment3",99,"MSE",1.22814897957523,0.272804894783713,0.720912364945978,0.492469260591425,0.93752146917833,0.28863680105208,0.749529738243456,0.588320640435428,39,0.149926646314183,0.22411582378132,0.503514946281952,FALSE,NA,0.1
"Environment3",99,"GAUSSIAN",1.25338471495558,0.267217387171889,0.714189675870348,0.471397715156285,0.954832823535307,0.282872448084449,0.740355508887722,0.572976938774089,39,0.106556816461576,0.150240266058651,0.478173861078458,FALSE,NA,0.1
"Environment3",99,"POISSON",NA,NA,NA,NA,NA,NA,NA,NA,NA,NA,NA,NA,TRUE,"[33m![39m in callr subprocess.
[1mCaused by error[22m in `checkForRemoteErrors(val)`:
[33m![39m one node produced an error: missing value where TRUE/FALSE needed",0.1
"Environment3",99,"MAE",1.2946688354563,0.280015577077652,0.708811524609844,0.436001906749445,0.990680265040504,0.252097314659776,0.718249456236406,0.540311464267322,41,-0.0395838692806137,0.174630149689334,0.820678338107373,FALSE,NA,0.1
"Environment3",99,"NBINOM",1.67300240913474,1.41694817373446,0.708235294117647,0.0582115058223308,1.74655928865519,1.45960125747821,0.668041701042526,-0.428773264917841,0,0.00412629356178547,0.0775883129333749,0.957586980381128,FALSE,NA,0.1
"Environment1",100,"GLM",0.953039808695797,0.182398565961203,0.762881152460984,0.661729608216779,0.936739735777972,0.190417376935163,0.809639240981025,-0.656601013385775,28,2.2628926126568,0.115090584498577,4.57821135352321e-86,FALSE,NA,2
"Environment1",100,"POISSON",NA,NA,NA,NA,NA,NA,NA,NA,NA,NA,NA,NA,TRUE,"[33m![39m in callr subprocess.
[1mCaused by error[22m in `checkForRemoteErrors(val)`:
[33m![39m one node produced an error: missing value where TRUE/FALSE needed",2
"Environment1",100,"MAE",0.99405361557293,0.232393085630013,0.745594237695078,0.631988388499354,0.910584726641131,0.247852616507785,0.818978474461862,0.676996935451711,31,2.1937506287396,0.180353813719723,4.85734678005003e-34,FALSE,NA,2
"Environment1",100,"MSE",0.952198656890029,0.218134331858884,0.760096038415366,0.662326458804534,0.884866641294687,0.239394361399981,0.831646291157279,0.694984741620943,29,2.16254963655025,0.167660248791409,4.59515155791611e-38,FALSE,NA,2
"Environment1",100,"GAUSSIAN",0.983018416901136,0.260182442773711,0.755678271308523,0.640113784803531,0.892168150158,0.25329418549258,0.82518412960324,0.689930285076131,33,2.19709737382084,0.16181790758797,5.43858927952253e-42,FALSE,NA,2
"Environment1",100,"NBINOM",1.67944407509683,1.38090817452184,0.700360144057623,-0.0504442214713929,1.89932180245733,1.56963034706762,0.812154803870097,-0.405280522309098,0,1.03680364591854,0.334157915869548,0.00191740890474187,FALSE,NA,2
"Environment2",100,"GLM",0.953039808695797,0.182398565961203,0.762881152460984,0.661729608216779,0.936739735777972,0.190417376935163,0.809639240981025,-0.656601013385775,28,0.421296462326339,0.100487982706245,2.75889881159187e-05,FALSE,NA,0.4
"Environment2",100,"POISSON",NA,NA,NA,NA,NA,NA,NA,NA,NA,NA,NA,NA,TRUE,"[33m![39m in callr subprocess.
[1mCaused by error[22m in `checkForRemoteErrors(val)`:
[33m![39m one node produced an error: missing value where TRUE/FALSE needed",0.4
"Environment2",100,"MSE",0.952198656890029,0.218134331858884,0.760096038415366,0.662326458804534,0.884866641294687,0.239394361399981,0.831646291157279,0.694984741620943,29,0.406693387603787,0.140130555090805,0.00370497097329787,FALSE,NA,0.4
"Environment2",100,"GAUSSIAN",0.983018416901136,0.260182442773711,0.755678271308523,0.640113784803531,0.892168150158,0.25329418549258,0.82518412960324,0.689930285076131,33,0.362867894628551,0.144116405024659,0.0118063349656799,FALSE,NA,0.4
"Environment2",100,"MAE",0.99405361557293,0.232393085630013,0.745594237695078,0.631988388499354,0.910584726641131,0.247852616507785,0.818978474461862,0.676996935451711,31,0.363917273940617,0.148984453559094,0.014579761291953,FALSE,NA,0.4
"Environment2",100,"NBINOM",1.67944407509683,1.38090817452184,0.700360144057623,-0.0504442214713929,1.89932180245733,1.56963034706762,0.812154803870097,-0.405280522309098,0,0.257936514161739,0.136561226466247,0.0589189570964757,FALSE,NA,0.4
"Environment3",100,"GLM",0.953039808695797,0.182398565961203,0.762881152460984,0.661729608216779,0.936739735777972,0.190417376935163,0.809639240981025,-0.656601013385775,28,0.305559028633508,0.0925501839080121,0.00096152310673811,FALSE,NA,0.1
"Environment3",100,"MSE",0.952198656890029,0.218134331858884,0.760096038415366,0.662326458804534,0.884866641294687,0.239394361399981,0.831646291157279,0.694984741620943,29,0.223574686299835,0.147266166410279,0.128972214905729,FALSE,NA,0.1
"Environment3",100,"GAUSSIAN",0.983018416901136,0.260182442773711,0.755678271308523,0.640113784803531,0.892168150158,0.25329418549258,0.82518412960324,0.689930285076131,33,0.303227720119074,0.1634902975592,0.0636370991216908,FALSE,NA,0.1
"Environment3",100,"POISSON",NA,NA,NA,NA,NA,NA,NA,NA,NA,NA,NA,NA,TRUE,"[33m![39m in callr subprocess.
[1mCaused by error[22m in `checkForRemoteErrors(val)`:
[33m![39m one node produced an error: missing value where TRUE/FALSE needed",0.1
"Environment3",100,"MAE",0.99405361557293,0.232393085630013,0.745594237695078,0.631988388499354,0.910584726641131,0.247852616507785,0.818978474461862,0.676996935451711,31,0.282264355380837,0.155593527063098,0.069660216552673,FALSE,NA,0.1
"Environment3",100,"NBINOM",1.67944407509683,1.38090817452184,0.700360144057623,-0.0504442214713929,1.89932180245733,1.56963034706762,0.812154803870097,-0.405280522309098,0,0.170349251085429,0.0611066729984248,0.00530778348038475,FALSE,NA,0.1
