"Predictor","Iteration","Loss_function","RMSE","RMSE_true","Spearman","R2","RMSE_train","RMSE_true_train","Spearman_train","R2_train","Effect_size","SE","p_value","AME_true"
"Environment1",1,"GLM",1.03714212463611,0.0622904641165382,0.609691601626351,0.291553440113799,0.847075133953278,0.0661673567838876,0.633313514020699,0.291553440113799,1.46805351316813,0.220355763236397,2.69764015775823e-11,1.43698869197003
"Environment1",1,"POISSON",0.983586127965391,0.200766746883451,0.599820604286896,0.220627492335177,0.735168272385419,0.243713549761415,0.692103460151556,0.35677746716026,1.10885145847406,0.186967686084691,3.01624264954474e-09,1.43698869197003
"Environment1",1,"MAE",1.01523970831872,0.275959739973421,0.554456020769399,0.525474518556009,0.778485373774054,0.279508620268068,0.666885279924741,0.525474518556009,1.34956100810856,0.448655836780174,0.00262964939049288,1.43698869197003
"Environment1",1,"MSE",0.984757435231116,0.284938686532912,0.572832877518385,0.629059327997831,0.688292306838286,0.327462390371896,0.725050611442651,0.629059327997831,1.11773126350325,0.238632988976698,2.81477694065988e-06,1.43698869197003
"Environment1",1,"GAUSSIAN",0.977751871801467,0.280410598427841,0.566742262138721,0.642485921023212,0.675720761372223,0.346106887601333,0.72295332823007,0.642485921023212,1.18539103529329,0.370591575752369,0.00138074891343387,1.43698869197003
"Environment2",1,"GLM",1.03714212463611,0.0622904641165382,0.609691601626351,0.291553440113799,0.847075133953278,0.0661673567838876,0.633313514020699,0.291553440113799,0.26531653615922,0.120911228141037,0.0282132384982041,0.287397738394007
"Environment2",1,"POISSON",0.983586127965391,0.200766746883451,0.599820604286896,0.220627492335177,0.735168272385419,0.243713549761415,0.692103460151556,0.35677746716026,0.346817951779476,0.240830827607994,0.14984207271248,0.287397738394007
"Environment2",1,"MAE",1.01523970831872,0.275959739973421,0.554456020769399,0.525474518556009,0.778485373774054,0.279508620268068,0.666885279924741,0.525474518556009,0.209329569991901,0.253620060764382,0.409163395552024,0.287397738394007
"Environment2",1,"MSE",0.984757435231116,0.284938686532912,0.572832877518385,0.629059327997831,0.688292306838286,0.327462390371896,0.725050611442651,0.629059327997831,0.419781367126748,0.223917507511565,0.0608320300699184,0.287397738394007
"Environment2",1,"GAUSSIAN",0.977751871801467,0.280410598427841,0.566742262138721,0.642485921023212,0.675720761372223,0.346106887601333,0.72295332823007,0.642485921023212,0.358157753181863,0.269760710513697,0.18428157316466,0.287397738394007
"Environment3",1,"GLM",1.03714212463611,0.0622904641165382,0.609691601626351,0.291553440113799,0.847075133953278,0.0661673567838876,0.633313514020699,0.291553440113799,0.14065744422692,0.113261478644188,0.214279930853475,0.0718494345985017
"Environment3",1,"POISSON",0.983586127965391,0.200766746883451,0.599820604286896,0.220627492335177,0.735168272385419,0.243713549761415,0.692103460151556,0.35677746716026,0.23537059744133,0.145388547867689,0.1054671863476,0.0718494345985017
"Environment3",1,"MAE",1.01523970831872,0.275959739973421,0.554456020769399,0.525474518556009,0.778485373774054,0.279508620268068,0.666885279924741,0.525474518556009,0.224139399133683,0.254847395136284,0.379127861687367,0.0718494345985017
"Environment3",1,"MSE",0.984757435231116,0.284938686532912,0.572832877518385,0.629059327997831,0.688292306838286,0.327462390371896,0.725050611442651,0.629059327997831,0.312477277217347,0.218573737481516,0.152826255847132,0.0718494345985017
"Environment3",1,"GAUSSIAN",0.977751871801467,0.280410598427841,0.566742262138721,0.642485921023212,0.675720761372223,0.346106887601333,0.72295332823007,0.642485921023212,0.3263601214252,0.216139186018999,0.131055288617928,0.0718494345985017
"Environment1",2,"GLM",0.684504190445625,0.101989799462418,0.577448465276636,0.270398554220751,0.91069426145198,0.134667409148076,0.511636710667039,0.270398554220751,1.15212702791837,0.176954441730382,7.47177371259687e-11,1.3569844041193
"Environment1",2,"POISSON",0.768069732606339,0.28085747328473,0.535073781225837,0.25800306099571,0.803237357576375,0.292776667935408,0.590192674598699,0.344417961332892,0.828418758279277,0.213066416826938,0.000101041333775411,1.3569844041193
"Environment1",2,"MAE",0.787640079856372,0.336923379052874,0.512765698186499,0.437887916472514,0.889281416376578,0.340674585293313,0.525235660034471,0.437887916472514,0.778856640718326,0.135873806876885,9.9132813482041e-09,1.3569844041193
"Environment1",2,"MSE",0.811799786872975,0.358504285408936,0.535393992944105,0.610201772046443,0.740538575600327,0.375084472868941,0.671100375517535,0.610201772046443,0.797025838925647,0.341705790284996,0.0196748514705874,1.3569844041193
"Environment1",2,"GAUSSIAN",0.814553772528074,0.360026009299636,0.511057902355737,0.597478018152735,0.7525278155732,0.348059417440509,0.665572670431587,0.597478018152735,0.773764045499674,0.279543066254691,0.00564083661664265,1.3569844041193
"Environment2",2,"GLM",0.684504190445625,0.101989799462418,0.577448465276636,0.270398554220751,0.91069426145198,0.134667409148076,0.511636710667039,0.270398554220751,0.33239907916309,0.128122108923874,0.00947581537275368,0.27139688082386
"Environment2",2,"POISSON",0.768069732606339,0.28085747328473,0.535073781225837,0.25800306099571,0.803237357576375,0.292776667935408,0.590192674598699,0.344417961332892,0.33864022608102,0.235070447114725,0.149700438172151,0.27139688082386
"Environment2",2,"MAE",0.787640079856372,0.336923379052874,0.512765698186499,0.437887916472514,0.889281416376578,0.340674585293313,0.525235660034471,0.437887916472514,0.256459057127597,0.125851761472689,0.0415712599547553,0.27139688082386
"Environment2",2,"MSE",0.811799786872975,0.358504285408936,0.535393992944105,0.610201772046443,0.740538575600327,0.375084472868941,0.671100375517535,0.610201772046443,0.470503151837911,0.224096014659143,0.0357675161310725,0.27139688082386
"Environment2",2,"GAUSSIAN",0.814553772528074,0.360026009299636,0.511057902355737,0.597478018152735,0.7525278155732,0.348059417440509,0.665572670431587,0.597478018152735,0.362555047833803,0.274949556180943,0.187294889524944,0.27139688082386
"Environment3",2,"GLM",0.684504190445625,0.101989799462418,0.577448465276636,0.270398554220751,0.91069426145198,0.134667409148076,0.511636710667039,0.270398554220751,0.214241688033569,0.132080140949813,0.104790867104319,0.0678492202059651
"Environment3",2,"POISSON",0.768069732606339,0.28085747328473,0.535073781225837,0.25800306099571,0.803237357576375,0.292776667935408,0.590192674598699,0.344417961332892,0.256090451926984,0.152552059971656,0.0932088530175715,0.0678492202059651
"Environment3",2,"MAE",0.787640079856372,0.336923379052874,0.512765698186499,0.437887916472514,0.889281416376578,0.340674585293313,0.525235660034471,0.437887916472514,0.195676872538632,0.128468773371852,0.127721843252241,0.0678492202059651
"Environment3",2,"MSE",0.811799786872975,0.358504285408936,0.535393992944105,0.610201772046443,0.740538575600327,0.375084472868941,0.671100375517535,0.610201772046443,0.349426649129928,0.15177797062244,0.0213226313905842,0.0678492202059651
"Environment3",2,"GAUSSIAN",0.814553772528074,0.360026009299636,0.511057902355737,0.597478018152735,0.7525278155732,0.348059417440509,0.665572670431587,0.597478018152735,0.330180811693622,0.229585699308064,0.150388856465805,0.0678492202059651
"Environment1",3,"GLM",0.764334627030567,0.111732999523072,0.714492320307175,0.255638270823003,0.8690432600574,0.125677507477307,0.556390327374909,0.255638270823003,1.2432245123687,0.191169902867281,7.86061704917061e-11,1.25573572152458
"Environment1",3,"POISSON",0.787747200117716,0.160487428775826,0.718276039567407,0.238645629607674,0.833137181567138,0.161758059453009,0.583631309520138,0.281826719314855,1.22338213174429,0.311169902816075,8.43975676427614e-05,1.25573572152458
"Environment1",3,"MAE",0.758283553672428,0.234345600565707,0.68127967346736,0.40901341280873,0.87808298443971,0.203174024771249,0.593720746883704,0.40901341280873,0.952929750296731,0.382778405094971,0.0127920181953346,1.25573572152458
"Environment1",3,"MSE",0.930805456666646,0.376463353451688,0.69893703001511,0.532741073024063,0.780774377773172,0.296423623773931,0.632846617430998,0.532741073024063,1.28252326546419,0.314181720303858,4.46293216902132e-05,1.25573572152458
"Environment1",3,"GAUSSIAN",0.885438704900755,0.294041553686131,0.655214051896871,0.506037740454248,0.802774619741017,0.228912837307336,0.626238360136522,0.506037740454248,1.18912445135873,0.344119055449954,0.000549148538431655,1.25573572152458
"Environment2",3,"GLM",0.764334627030567,0.111732999523072,0.714492320307175,0.255638270823003,0.8690432600574,0.125677507477307,0.556390327374909,0.255638270823003,0.342667799156685,0.125858717914833,0.00647628680769404,0.251147144304915
"Environment2",3,"POISSON",0.787747200117716,0.160487428775826,0.718276039567407,0.238645629607674,0.833137181567138,0.161758059453009,0.583631309520138,0.281826719314855,0.317973561243073,0.149443073213591,0.0333600028478754,0.251147144304915
"Environment2",3,"MAE",0.758283553672428,0.234345600565707,0.68127967346736,0.40901341280873,0.87808298443971,0.203174024771249,0.593720746883704,0.40901341280873,0.223910531733932,0.20605438940311,0.277188237278632,0.251147144304915
"Environment2",3,"MSE",0.930805456666646,0.376463353451688,0.69893703001511,0.532741073024063,0.780774377773172,0.296423623773931,0.632846617430998,0.532741073024063,0.358281040628226,0.197975831975845,0.0703390485564198,0.251147144304915
"Environment2",3,"GAUSSIAN",0.885438704900755,0.294041553686131,0.655214051896871,0.506037740454248,0.802774619741017,0.228912837307336,0.626238360136522,0.506037740454248,0.213582330059435,0.213597665598999,0.317345254355279,0.251147144304915
"Environment3",3,"GLM",0.764334627030567,0.111732999523072,0.714492320307175,0.255638270823003,0.8690432600574,0.125677507477307,0.556390327374909,0.255638270823003,0.183258319049263,0.125961882517872,0.1457049137281,0.0627867860762288
"Environment3",3,"POISSON",0.787747200117716,0.160487428775826,0.718276039567407,0.238645629607674,0.833137181567138,0.161758059453009,0.583631309520138,0.281826719314855,0.137770495095087,0.131575184679454,0.29506005142997,0.0627867860762288
"Environment3",3,"MAE",0.758283553672428,0.234345600565707,0.68127967346736,0.40901341280873,0.87808298443971,0.203174024771249,0.593720746883704,0.40901341280873,0.0951624268995139,0.0830750000807685,0.252002024138305,0.0627867860762288
"Environment3",3,"MSE",0.930805456666646,0.376463353451688,0.69893703001511,0.532741073024063,0.780774377773172,0.296423623773931,0.632846617430998,0.532741073024063,0.122982365630633,0.264358108646763,0.641780184583522,0.0627867860762288
"Environment3",3,"GAUSSIAN",0.885438704900755,0.294041553686131,0.655214051896871,0.506037740454248,0.802774619741017,0.228912837307336,0.626238360136522,0.506037740454248,0.155612494658089,0.200917149012995,0.43862880505636,0.0627867860762288
"Environment1",4,"GLM",0.791503559821576,0.181674881398445,0.680586917005665,0.242658142548594,0.914977217082257,0.135109217626381,0.557134729259706,0.242658142548594,1.32567173202909,0.203311535044918,7.01219853114534e-11,1.30368587268328
"Environment1",4,"POISSON",0.737716411444707,0.367640312262025,0.659837315877443,0.297154857042513,0.820996150490497,0.27810182931724,0.65674796885462,0.32615600174197,1.05677791103875,0.260046592113762,4.82797454397802e-05,1.30368587268328
"Environment1",4,"MAE",0.742980525190597,0.44388373592946,0.654197680699004,0.33814562733337,0.921865785630323,0.368628230831518,0.621717464059164,0.33814562733337,0.867484713668557,0.333309103212047,0.00925081383531132,1.30368587268328
"Environment1",4,"MSE",0.781890570979739,0.371098425732595,0.643982492451264,0.527611524240179,0.778818255102248,0.317721230843342,0.70235007263084,0.527611524240179,1.1554736927083,0.390787472093439,0.00310866970055587,1.30368587268328
"Environment1",4,"GAUSSIAN",0.821764982976176,0.399268518586271,0.637491591585512,0.518068733606932,0.786645435576128,0.338291478634855,0.681167524163316,0.518068733606932,1.16034712330316,0.383377152894692,0.00247282948829198,1.30368587268328
"Environment2",4,"GLM",0.791503559821576,0.181674881398445,0.680586917005665,0.242658142548594,0.914977217082257,0.135109217626381,0.557134729259706,0.242658142548594,0.123553861336948,0.116764256120282,0.289987984645149,0.260737174536656
"Environment2",4,"POISSON",0.737716411444707,0.367640312262025,0.659837315877443,0.297154857042513,0.820996150490497,0.27810182931724,0.65674796885462,0.32615600174197,-0.0391773815650231,0.129654302576041,0.762523995461495,0.260737174536656
"Environment2",4,"MAE",0.742980525190597,0.44388373592946,0.654197680699004,0.33814562733337,0.921865785630323,0.368628230831518,0.621717464059164,0.33814562733337,-0.0432057673744376,0.138853586216933,0.755678521983016,0.260737174536656
"Environment2",4,"MSE",0.781890570979739,0.371098425732595,0.643982492451264,0.527611524240179,0.778818255102248,0.317721230843342,0.70235007263084,0.527611524240179,0.00336916187749921,0.247905286685747,0.989156667329286,0.260737174536656
"Environment2",4,"GAUSSIAN",0.821764982976176,0.399268518586271,0.637491591585512,0.518068733606932,0.786645435576128,0.338291478634855,0.681167524163316,0.518068733606932,-0.0212478759389342,0.219748791636502,0.922971261372089,0.260737174536656
"Environment3",4,"GLM",0.791503559821576,0.181674881398445,0.680586917005665,0.242658142548594,0.914977217082257,0.135109217626381,0.557134729259706,0.242658142548594,0.200453216900666,0.132196369966685,0.129436129782654,0.065184293634164
"Environment3",4,"POISSON",0.737716411444707,0.367640312262025,0.659837315877443,0.297154857042513,0.820996150490497,0.27810182931724,0.65674796885462,0.32615600174197,0.228878008661695,0.166693002881382,0.169736465711143,0.065184293634164
"Environment3",4,"MAE",0.742980525190597,0.44388373592946,0.654197680699004,0.33814562733337,0.921865785630323,0.368628230831518,0.621717464059164,0.33814562733337,0.18875153965057,0.180695864622407,0.296216478759208,0.065184293634164
"Environment3",4,"MSE",0.781890570979739,0.371098425732595,0.643982492451264,0.527611524240179,0.778818255102248,0.317721230843342,0.70235007263084,0.527611524240179,0.148151004659167,0.230529973911611,0.520448650080982,0.065184293634164
"Environment3",4,"GAUSSIAN",0.821764982976176,0.399268518586271,0.637491591585512,0.518068733606932,0.786645435576128,0.338291478634855,0.681167524163316,0.518068733606932,0.334546833068102,0.273663877094566,0.221528625549068,0.065184293634164
"Environment1",5,"GLM",0.726587181819442,0.0467465603831916,0.382443958908889,0.311298415985059,0.794818305555734,0.065789806546632,0.667403908375758,0.311298415985059,1.48689189946188,0.220371059309211,1.50705245237153e-11,1.45680390991763
"Environment1",5,"POISSON",0.674719479495976,0.161872949463859,0.382196101514911,0.198021477333092,0.718465460166327,0.186231344778616,0.685335806230606,0.345999374487374,1.12050130108383,0.189969435822279,3.6721215478544e-09,1.45680390991763
"Environment1",5,"MAE",0.689184015596973,0.186491931726589,0.332872480113181,0.504986626546457,0.788139859317237,0.215818826046411,0.694365413808782,0.504986626546457,1.08451495366635,0.279271083908438,0.000103015579314085,1.45680390991763
"Environment1",5,"MSE",0.693317659613075,0.225808611909374,0.35170964205555,0.677188931885093,0.636456951611666,0.290673940808612,0.732836733992162,0.677188931885093,1.18533305817131,0.269804967239738,1.11644999841062e-05,1.45680390991763
"Environment1",5,"GAUSSIAN",0.708689659721518,0.259181907313695,0.317505321686511,0.712788883746954,0.600337466897293,0.324021732318597,0.756352404927306,0.712788883746954,1.20121668060256,0.211489005811558,1.34847017421026e-08,1.45680390991763
"Environment2",5,"GLM",0.726587181819442,0.0467465603831916,0.382443958908889,0.311298415985059,0.794818305555734,0.065789806546632,0.667403908375758,0.311298415985059,0.244209600374622,0.122833562670618,0.0467968556823296,0.291360781983527
"Environment2",5,"POISSON",0.674719479495976,0.161872949463859,0.382196101514911,0.198021477333092,0.718465460166327,0.186231344778616,0.685335806230606,0.345999374487374,0.245972129211755,0.105380105769038,0.019588288521266,0.291360781983527
"Environment2",5,"MAE",0.689184015596973,0.186491931726589,0.332872480113181,0.504986626546457,0.788139859317237,0.215818826046411,0.694365413808782,0.504986626546457,0.255758736486405,0.184504942632574,0.165689175383299,0.291360781983527
"Environment2",5,"MSE",0.693317659613075,0.225808611909374,0.35170964205555,0.677188931885093,0.636456951611666,0.290673940808612,0.732836733992162,0.677188931885093,0.291738780450764,0.228607933889809,0.201901315922294,0.291360781983527
"Environment2",5,"GAUSSIAN",0.708689659721518,0.259181907313695,0.317505321686511,0.712788883746954,0.600337466897293,0.324021732318597,0.756352404927306,0.712788883746954,0.203433681611104,0.220914773767057,0.357118553815987,0.291360781983527
"Environment3",5,"GLM",0.726587181819442,0.0467465603831916,0.382443958908889,0.311298415985059,0.794818305555734,0.065789806546632,0.667403908375758,0.311298415985059,0.00751798675652127,0.124034089169223,0.95166800751608,0.0728401954958816
"Environment3",5,"POISSON",0.674719479495976,0.161872949463859,0.382196101514911,0.198021477333092,0.718465460166327,0.186231344778616,0.685335806230606,0.345999374487374,-0.0514490100891771,0.12412528593933,0.678513399547244,0.0728401954958816
"Environment3",5,"MAE",0.689184015596973,0.186491931726589,0.332872480113181,0.504986626546457,0.788139859317237,0.215818826046411,0.694365413808782,0.504986626546457,0.0473282803582474,0.129980509032598,0.715769681370211,0.0728401954958816
"Environment3",5,"MSE",0.693317659613075,0.225808611909374,0.35170964205555,0.677188931885093,0.636456951611666,0.290673940808612,0.732836733992162,0.677188931885093,0.0886377801468791,0.184497887441011,0.630923747058901,0.0728401954958816
"Environment3",5,"GAUSSIAN",0.708689659721518,0.259181907313695,0.317505321686511,0.712788883746954,0.600337466897293,0.324021732318597,0.756352404927306,0.712788883746954,0.0891612717722629,0.225384801451726,0.692403265670726,0.0728401954958816
"Environment1",6,"GLM",0.558827429649669,0.187342111201901,0.571874923015978,0.314985800634631,0.820467948962518,0.198882510207261,0.629084198687488,0.314985800634631,1.55093725228906,0.221405423669887,2.47047515690737e-12,1.36260242560755
"Environment1",6,"POISSON",0.554257395648649,0.113151980857465,0.595746712716298,0.326094833628875,0.690057558901009,0.27052458946693,0.673925878286198,0.370152121715616,1.54612139293261,0.323260552375572,1.72788093946968e-06,1.36260242560755
"Environment1",6,"MAE",0.532515279927534,0.244095311088427,0.561860416117306,0.544967550505584,0.797973078500301,0.279624102647688,0.668027426202872,0.544967550505584,1.24653527337869,0.222987393066034,2.2686007784063e-08,1.36260242560755
"Environment1",6,"MSE",0.497578943143521,0.184394373565508,0.568963729150085,0.743116456631725,0.599563514984843,0.412631273282157,0.71200534387257,0.743116456631725,1.61230518249873,0.286748889624564,1.87987362266013e-08,1.36260242560755
"Environment1",6,"GAUSSIAN",0.522354623343551,0.167817208983999,0.643140948853033,0.767585697704978,0.570293577268846,0.450252313817555,0.74052965317809,0.767585697704978,1.56301423818224,0.364259472201345,1.77921248902545e-05,1.36260242560755
"Environment2",6,"GLM",0.558827429649669,0.187342111201901,0.571874923015978,0.314985800634631,0.820467948962518,0.198882510207261,0.629084198687488,0.314985800634631,0.439289589261125,0.138403406643873,0.00150364258527565,0.272520485121509
"Environment2",6,"POISSON",0.554257395648649,0.113151980857465,0.595746712716298,0.326094833628875,0.690057558901009,0.27052458946693,0.673925878286198,0.370152121715616,0.37046843206089,0.220355825323029,0.092718594028607,0.272520485121509
"Environment2",6,"MAE",0.532515279927534,0.244095311088427,0.561860416117306,0.544967550505584,0.797973078500301,0.279624102647688,0.668027426202872,0.544967550505584,0.41489023309987,0.283080511391598,0.142750131334182,0.272520485121509
"Environment2",6,"MSE",0.497578943143521,0.184394373565508,0.568963729150085,0.743116456631725,0.599563514984843,0.412631273282157,0.71200534387257,0.743116456631725,0.606263485227946,0.210699401034877,0.00400984895781928,0.272520485121509
"Environment2",6,"GAUSSIAN",0.522354623343551,0.167817208983999,0.643140948853033,0.767585697704978,0.570293577268846,0.450252313817555,0.74052965317809,0.767585697704978,0.479265401033758,0.320571616026397,0.134905621374208,0.272520485121509
"Environment3",6,"GLM",0.558827429649669,0.187342111201901,0.571874923015978,0.314985800634631,0.820467948962518,0.198882510207261,0.629084198687488,0.314985800634631,0.228996819951919,0.124025378767025,0.064838404925489,0.0681301212803773
"Environment3",6,"POISSON",0.554257395648649,0.113151980857465,0.595746712716298,0.326094833628875,0.690057558901009,0.27052458946693,0.673925878286198,0.370152121715616,0.171531648256469,0.130894726962886,0.190041960918189,0.0681301212803773
"Environment3",6,"MAE",0.532515279927534,0.244095311088427,0.561860416117306,0.544967550505584,0.797973078500301,0.279624102647688,0.668027426202872,0.544967550505584,0.179584557993129,0.140442609163633,0.201001230606534,0.0681301212803773
"Environment3",6,"MSE",0.497578943143521,0.184394373565508,0.568963729150085,0.743116456631725,0.599563514984843,0.412631273282157,0.71200534387257,0.743116456631725,0.061587300562619,0.165326468858025,0.709506244515699,0.0681301212803773
"Environment3",6,"GAUSSIAN",0.522354623343551,0.167817208983999,0.643140948853033,0.767585697704978,0.570293577268846,0.450252313817555,0.74052965317809,0.767585697704978,0.205380028219688,0.246609014163737,0.404948291227647,0.0681301212803773
"Environment1",7,"GLM",0.851709948399858,0.22160403415386,0.725694702448008,0.333433000850104,0.893565915816396,0.199994006214837,0.650918193760535,0.333433000850104,1.86830620033372,0.248704809237917,5.81670044292701e-14,1.60606601196364
"Environment1",7,"POISSON",0.922037453043322,0.341519817832893,0.750794519220015,0.291349613905126,0.78247403679889,0.296963119884378,0.69238909597262,0.376744435766518,1.85113648783015,0.357980969770639,2.32785766537397e-07,1.60606601196364
"Environment1",7,"MAE",0.94387419966834,0.273267099161739,0.735394631638783,0.591562031714148,0.86922173402204,0.258388671864413,0.685971311405639,0.591562031714148,1.59491029131861,0.415689471702242,0.000124656537048278,1.60606601196364
"Environment1",7,"MSE",0.933885958721892,0.457461122176024,0.760094451330758,0.711359110738918,0.730712354482976,0.402235506931689,0.729421071445186,0.711359110738918,1.8594347945146,0.34142721773037,5.1496346718107e-08,1.60606601196364
"Environment1",7,"GAUSSIAN",0.966050036321518,0.519259051788908,0.689594965975122,0.704994817278568,0.738724233712993,0.39679509188246,0.734339572496901,0.704994817278568,1.90655154304137,0.599091703932046,0.00146058172529331,1.60606601196364
"Environment2",7,"GLM",0.851709948399858,0.22160403415386,0.725694702448008,0.333433000850104,0.893565915816396,0.199994006214837,0.650918193760535,0.333433000850104,0.44514077115452,0.139579600751937,0.00142690090985029,0.321213202392728
"Environment2",7,"POISSON",0.922037453043322,0.341519817832893,0.750794519220015,0.291349613905126,0.78247403679889,0.296963119884378,0.69238909597262,0.376744435766518,0.423822751299517,0.152984891638408,0.00559948977905416,0.321213202392728
"Environment2",7,"MAE",0.94387419966834,0.273267099161739,0.735394631638783,0.591562031714148,0.86922173402204,0.258388671864413,0.685971311405639,0.591562031714148,0.423608199876739,0.219441896890876,0.0535586704103036,0.321213202392728
"Environment2",7,"MSE",0.933885958721892,0.457461122176024,0.760094451330758,0.711359110738918,0.730712354482976,0.402235506931689,0.729421071445186,0.711359110738918,0.536885847208014,0.211413861588842,0.0111010526384517,0.321213202392728
"Environment2",7,"GAUSSIAN",0.966050036321518,0.519259051788908,0.689594965975122,0.704994817278568,0.738724233712993,0.39679509188246,0.734339572496901,0.704994817278568,0.579623260030276,0.193489118544029,0.00273871792573341,0.321213202392728
"Environment3",7,"GLM",0.851709948399858,0.22160403415386,0.725694702448008,0.333433000850104,0.893565915816396,0.199994006214837,0.650918193760535,0.333433000850104,-0.0323845418489931,0.128180598960845,0.80054041593183,0.080303300598182
"Environment3",7,"POISSON",0.922037453043322,0.341519817832893,0.750794519220015,0.291349613905126,0.78247403679889,0.296963119884378,0.69238909597262,0.376744435766518,-0.0324485262196231,0.132061623131926,0.805908695576305,0.080303300598182
"Environment3",7,"MAE",0.94387419966834,0.273267099161739,0.735394631638783,0.591562031714148,0.86922173402204,0.258388671864413,0.685971311405639,0.591562031714148,-0.0111169048133518,0.154982875474729,0.942816867597605,0.080303300598182
"Environment3",7,"MSE",0.933885958721892,0.457461122176024,0.760094451330758,0.711359110738918,0.730712354482976,0.402235506931689,0.729421071445186,0.711359110738918,0.00389291588675405,0.205175980712778,0.984862208927536,0.080303300598182
"Environment3",7,"GAUSSIAN",0.966050036321518,0.519259051788908,0.689594965975122,0.704994817278568,0.738724233712993,0.39679509188246,0.734339572496901,0.704994817278568,-0.0609182465415304,0.212393437344469,0.774251731546961,0.080303300598182
"Environment1",8,"GLM",0.661068875554872,0.148870163975002,0.735538010170661,0.280308767580809,0.837917028753295,0.131847802028319,0.586849343093746,0.280308767580809,1.34104759376818,0.206415687544177,8.20301641643803e-11,1.44998904656519
"Environment1",8,"POISSON",0.725507431859407,0.341574740316945,0.682872187733681,0.266631035268126,0.776944985862098,0.347308868705276,0.640766783304793,0.334460799963851,1.11454344018731,0.305252166514176,0.000260995463412414,1.44998904656519
"Environment1",8,"MAE",0.706619636459911,0.296678146460982,0.692943739434776,0.41557215357068,0.830821326606166,0.304895739781194,0.642458770973446,0.41557215357068,1.07082944341588,0.311534838226692,0.000587608907625262,1.44998904656519
"Environment1",8,"MSE",0.7679216394881,0.441549093682525,0.674269403988994,0.525596855006971,0.748541641815343,0.362250176165246,0.657865211453847,0.525596855006971,1.2137260156156,0.273510584448916,9.09744985826802e-06,1.44998904656519
"Environment1",8,"GAUSSIAN",0.716836883146292,0.361940566251795,0.735118362183116,0.524206743381221,0.749637540204989,0.304681403617783,0.672713891175134,0.524206743381221,1.17258782198434,0.210215974629224,2.43278932577622e-08,1.44998904656519
"Environment2",8,"GLM",0.661068875554872,0.148870163975002,0.735538010170661,0.280308767580809,0.837917028753295,0.131847802028319,0.586849343093746,0.280308767580809,0.243442495947881,0.10877772991497,0.0252222922752902,0.289997809313039
"Environment2",8,"POISSON",0.725507431859407,0.341574740316945,0.682872187733681,0.266631035268126,0.776944985862098,0.347308868705276,0.640766783304793,0.334460799963851,0.340267458991469,0.171933647740134,0.0478089540060578,0.289997809313039
"Environment2",8,"MAE",0.706619636459911,0.296678146460982,0.692943739434776,0.41557215357068,0.830821326606166,0.304895739781194,0.642458770973446,0.41557215357068,0.278055937545172,0.171588254904144,0.105128453802594,0.289997809313039
"Environment2",8,"MSE",0.7679216394881,0.441549093682525,0.674269403988994,0.525596855006971,0.748541641815343,0.362250176165246,0.657865211453847,0.525596855006971,0.452793834467307,0.148128226705157,0.00223736307922962,0.289997809313039
"Environment2",8,"GAUSSIAN",0.716836883146292,0.361940566251795,0.735118362183116,0.524206743381221,0.749637540204989,0.304681403617783,0.672713891175134,0.524206743381221,0.404025880404347,0.200389283348961,0.0437785410138375,0.289997809313039
"Environment3",8,"GLM",0.661068875554872,0.148870163975002,0.735538010170661,0.280308767580809,0.837917028753295,0.131847802028319,0.586849343093746,0.280308767580809,0.1394386172344,0.101106206600693,0.167854631395562,0.0724994523282596
"Environment3",8,"POISSON",0.725507431859407,0.341574740316945,0.682872187733681,0.266631035268126,0.776944985862098,0.347308868705276,0.640766783304793,0.334460799963851,0.0693217089295627,0.178535290382956,0.697808726880126,0.0724994523282596
"Environment3",8,"MAE",0.706619636459911,0.296678146460982,0.692943739434776,0.41557215357068,0.830821326606166,0.304895739781194,0.642458770973446,0.41557215357068,-0.0541848734601303,0.187987115689711,0.773165201109329,0.0724994523282596
"Environment3",8,"MSE",0.7679216394881,0.441549093682525,0.674269403988994,0.525596855006971,0.748541641815343,0.362250176165246,0.657865211453847,0.525596855006971,0.150609088828867,0.244867881504405,0.538513344955274,0.0724994523282596
"Environment3",8,"GAUSSIAN",0.716836883146292,0.361940566251795,0.735118362183116,0.524206743381221,0.749637540204989,0.304681403617783,0.672713891175134,0.524206743381221,0.0406540584955928,0.209163186025129,0.845889884208143,0.0724994523282596
"Environment1",9,"GLM",0.66556159360299,0.104205787982004,0.666411795457436,0.317856897493575,0.690173922406686,0.129954676539976,0.604623900197264,0.317856897493575,1.33014215814912,0.194779893398966,8.55383626941494e-12,1.26304050533558
"Environment1",9,"POISSON",0.758639493862296,0.237330840829234,0.647303618763797,0.303394999684667,0.601228796923152,0.22274976725873,0.673187253474912,0.380808094422658,1.22217772262824,0.228979241719015,9.42345885219976e-08,1.26304050533558
"Environment1",9,"MAE",0.78708531406568,0.307858691961455,0.645833759018133,0.630618274472446,0.650417618568734,0.292001875810055,0.64570193422422,0.630618274472446,1.13899171504433,0.194744528881323,4.9559198488726e-09,1.26304050533558
"Environment1",9,"MSE",0.824377395263292,0.333153755414342,0.574489028286263,0.728552067811985,0.557568028494492,0.284533463693777,0.724764854248484,0.728552067811985,1.28755634931946,0.174982023365435,1.86377702842e-13,1.26304050533558
"Environment1",9,"GAUSSIAN",0.8657100549122,0.400421944129995,0.540343055733133,0.77494043787916,0.507695517364867,0.348507956817607,0.756428065408472,0.77494043787916,1.18903512020826,0.222974662436557,9.6815379870727e-08,1.26304050533558
"Environment2",9,"GLM",0.66556159360299,0.104205787982004,0.666411795457436,0.317856897493575,0.690173922406686,0.129954676539976,0.604623900197264,0.317856897493575,0.13686809522271,0.106874062584406,0.200317198248232,0.252608101067115
"Environment2",9,"POISSON",0.758639493862296,0.237330840829234,0.647303618763797,0.303394999684667,0.601228796923152,0.22274976725873,0.673187253474912,0.380808094422658,0.0945170153428967,0.127206776490641,0.457470351140874,0.252608101067115
"Environment2",9,"MAE",0.78708531406568,0.307858691961455,0.645833759018133,0.630618274472446,0.650417618568734,0.292001875810055,0.64570193422422,0.630618274472446,0.0996054196936774,0.098380704801192,0.311323548580378,0.252608101067115
"Environment2",9,"MSE",0.824377395263292,0.333153755414342,0.574489028286263,0.728552067811985,0.557568028494492,0.284533463693777,0.724764854248484,0.728552067811985,0.0644705818332068,0.203656095970047,0.751572989488685,0.252608101067115
"Environment2",9,"GAUSSIAN",0.8657100549122,0.400421944129995,0.540343055733133,0.77494043787916,0.507695517364867,0.348507956817607,0.756428065408472,0.77494043787916,-0.0539138137148383,0.13229195387546,0.683613915007684,0.252608101067115
"Environment3",9,"GLM",0.66556159360299,0.104205787982004,0.666411795457436,0.317856897493575,0.690173922406686,0.129954676539976,0.604623900197264,0.317856897493575,0.130772303932539,0.107491970956939,0.223765040870799,0.0631520252667788
"Environment3",9,"POISSON",0.758639493862296,0.237330840829234,0.647303618763797,0.303394999684667,0.601228796923152,0.22274976725873,0.673187253474912,0.380808094422658,0.13863749346396,0.0961458791752974,0.149316646702865,0.0631520252667788
"Environment3",9,"MAE",0.78708531406568,0.307858691961455,0.645833759018133,0.630618274472446,0.650417618568734,0.292001875810055,0.64570193422422,0.630618274472446,0.0841040360924806,0.0995636266766218,0.398263547777966,0.0631520252667788
"Environment3",9,"MSE",0.824377395263292,0.333153755414342,0.574489028286263,0.728552067811985,0.557568028494492,0.284533463693777,0.724764854248484,0.728552067811985,0.157624672627663,0.129605642587544,0.223913768257991,0.0631520252667788
"Environment3",9,"GAUSSIAN",0.8657100549122,0.400421944129995,0.540343055733133,0.77494043787916,0.507695517364867,0.348507956817607,0.756428065408472,0.77494043787916,0.118482765780572,0.193199151628644,0.539699461834046,0.0631520252667788
"Environment1",10,"GLM",0.743930414684221,0.113759979956585,0.784593509396884,0.248240314907625,0.750986989714484,0.138217242356045,0.639507708052783,0.248240314907625,1.30676950840673,0.199425777251967,5.65207366861899e-11,1.33796873270449
"Environment1",10,"POISSON",0.78492142979192,0.203096527943321,0.797204998536664,0.278578130159834,0.701044490115983,0.217624797609373,0.675519833477044,0.287969207400884,1.08776535297831,0.1995795630796,5.02893718624932e-08,1.33796873270449
"Environment1",10,"MAE",0.838648541474643,0.178887512586709,0.770889686552083,0.465129375092054,0.734071700320187,0.287996815869823,0.673245521433688,0.465129375092054,0.975992103247905,0.30045569518692,0.0011606709697009,1.33796873270449
"Environment1",10,"MSE",0.742611366691809,0.24090508368602,0.786182358422368,0.556402083917031,0.668511460193461,0.27046512782318,0.719056195863186,0.556402083917031,1.17606357599881,0.177607923518036,3.55129191351844e-11,1.33796873270449
"Environment1",10,"GAUSSIAN",0.807371930547529,0.263916206474221,0.769896655911155,0.587265240105106,0.644836528232193,0.298404767082632,0.737738981106949,0.587265240105106,1.07679341673497,0.230461397133339,2.9779117163572e-06,1.33796873270449
"Environment2",10,"GLM",0.743930414684221,0.113759979956585,0.784593509396884,0.248240314907625,0.750986989714484,0.138217242356045,0.639507708052783,0.248240314907625,0.130326244934701,0.110618968827129,0.238734985541427,0.267593746540898
"Environment2",10,"POISSON",0.78492142979192,0.203096527943321,0.797204998536664,0.278578130159834,0.701044490115983,0.217624797609373,0.675519833477044,0.287969207400884,0.0092395015750617,0.122690645925031,0.939970211503642,0.267593746540898
"Environment2",10,"MAE",0.838648541474643,0.178887512586709,0.770889686552083,0.465129375092054,0.734071700320187,0.287996815869823,0.673245521433688,0.465129375092054,0.0428305310710716,0.136917874514196,0.754418076850283,0.267593746540898
"Environment2",10,"MSE",0.742611366691809,0.24090508368602,0.786182358422368,0.556402083917031,0.668511460193461,0.27046512782318,0.719056195863186,0.556402083917031,-0.0360931186498738,0.134855542344346,0.788974261648782,0.267593746540898
"Environment2",10,"GAUSSIAN",0.807371930547529,0.263916206474221,0.769896655911155,0.587265240105106,0.644836528232193,0.298404767082632,0.737738981106949,0.587265240105106,-0.051514792108984,0.216567127903422,0.811982033878599,0.267593746540898
"Environment3",10,"GLM",0.743930414684221,0.113759979956585,0.784593509396884,0.248240314907625,0.750986989714484,0.138217242356045,0.639507708052783,0.248240314907625,0.0363460193985119,0.11547361065078,0.752946871742652,0.0668984366352246
"Environment3",10,"POISSON",0.78492142979192,0.203096527943321,0.797204998536664,0.278578130159834,0.701044490115983,0.217624797609373,0.675519833477044,0.287969207400884,0.00299452496844879,0.138867289461471,0.982795803889053,0.0668984366352246
"Environment3",10,"MAE",0.838648541474643,0.178887512586709,0.770889686552083,0.465129375092054,0.734071700320187,0.287996815869823,0.673245521433688,0.465129375092054,-0.0129212289585668,0.17513942681555,0.941187976291489,0.0668984366352246
"Environment3",10,"MSE",0.742611366691809,0.24090508368602,0.786182358422368,0.556402083917031,0.668511460193461,0.27046512782318,0.719056195863186,0.556402083917031,0.108750076192977,0.184904409690489,0.55643688651539,0.0668984366352246
"Environment3",10,"GAUSSIAN",0.807371930547529,0.263916206474221,0.769896655911155,0.587265240105106,0.644836528232193,0.298404767082632,0.737738981106949,0.587265240105106,0.0681089352452364,0.245166234619713,0.781160394956642,0.0668984366352246
"Environment1",11,"GLM",0.888888001604742,0.0608926070199421,0.447900428578691,0.296503237282264,0.832503084663863,0.0814594222733791,0.60582095084869,0.296503237282264,1.44888970697772,0.203286893330498,1.02345754734842e-12,1.4581958166676
"Environment1",11,"POISSON",0.907696310221868,0.148191202924173,0.437484139541977,0.15723838751897,0.760054444300348,0.158556750381622,0.670711808077558,0.338728342202245,1.64453970710158,0.44788871635872,0.000240886193998681,1.4581958166676
"Environment1",11,"MAE",0.915766577084196,0.2224387248898,0.404989846568751,0.514411169397029,0.862902748931794,0.287008800590409,0.647149423250191,0.514411169397029,1.26691245431329,0.32681298695091,0.000105940628410225,1.4581958166676
"Environment1",11,"MSE",0.94129405685725,0.287293781997255,0.457977056016382,0.657106720470045,0.72511517641026,0.272302218988747,0.733650800502481,0.657106720470045,1.44091551752467,0.290161573834511,6.83805661840895e-07,1.4581958166676
"Environment1",11,"GAUSSIAN",0.924467986970408,0.205395611393245,0.437144477942954,0.627788603890591,0.755478903222229,0.197443645687454,0.707854889367815,0.627788603890591,1.33861377458955,0.218978971264094,9.77884624089352e-10,1.4581958166676
"Environment2",11,"GLM",0.888888001604742,0.0608926070199421,0.447900428578691,0.296503237282264,0.832503084663863,0.0814594222733791,0.60582095084869,0.296503237282264,0.374175998873382,0.128504868381571,0.00359392722862732,0.29163916333352
"Environment2",11,"POISSON",0.907696310221868,0.148191202924173,0.437484139541977,0.15723838751897,0.760054444300348,0.158556750381622,0.670711808077558,0.338728342202245,0.301608312679889,0.163654189321873,0.0653346832185021,0.29163916333352
"Environment2",11,"MAE",0.915766577084196,0.2224387248898,0.404989846568751,0.514411169397029,0.862902748931794,0.287008800590409,0.647149423250191,0.514411169397029,0.307867015393542,0.137861337121417,0.0255381120969797,0.29163916333352
"Environment2",11,"MSE",0.94129405685725,0.287293781997255,0.457977056016382,0.657106720470045,0.72511517641026,0.272302218988747,0.733650800502481,0.657106720470045,0.293438670821358,0.104529383548225,0.00499685858956473,0.29163916333352
"Environment2",11,"GAUSSIAN",0.924467986970408,0.205395611393245,0.437144477942954,0.627788603890591,0.755478903222229,0.197443645687454,0.707854889367815,0.627788603890591,0.360971470190652,0.144142076646357,0.012270245009856,0.29163916333352
"Environment3",11,"GLM",0.888888001604742,0.0608926070199421,0.447900428578691,0.296503237282264,0.832503084663863,0.0814594222733791,0.60582095084869,0.296503237282264,0.0627787157384243,0.124246907073069,0.613366491983547,0.07290979083338
"Environment3",11,"POISSON",0.907696310221868,0.148191202924173,0.437484139541977,0.15723838751897,0.760054444300348,0.158556750381622,0.670711808077558,0.338728342202245,0.0413305313262845,0.153168946233103,0.787286247181304,0.07290979083338
"Environment3",11,"MAE",0.915766577084196,0.2224387248898,0.404989846568751,0.514411169397029,0.862902748931794,0.287008800590409,0.647149423250191,0.514411169397029,-0.0394893178035713,0.077491964682961,0.610337035482724,0.07290979083338
"Environment3",11,"MSE",0.94129405685725,0.287293781997255,0.457977056016382,0.657106720470045,0.72511517641026,0.272302218988747,0.733650800502481,0.657106720470045,-0.0311879424899917,0.118421097462934,0.792269458773991,0.07290979083338
"Environment3",11,"GAUSSIAN",0.924467986970408,0.205395611393245,0.437144477942954,0.627788603890591,0.755478903222229,0.197443645687454,0.707854889367815,0.627788603890591,-0.0137146237523416,0.172875232621326,0.936768159437051,0.07290979083338
"Environment1",12,"GLM",1.1236326243013,0.168524851990476,0.640656647598582,0.37725581063993,0.736795884312049,0.166764210147197,0.680119948066371,0.37725581063993,1.69804785675742,0.240020084188729,1.49872486735089e-12,1.50792611734142
"Environment1",12,"POISSON",1.17389995548497,0.228536924667096,0.640204844603097,0.32600108548889,0.676818472728973,0.21340242903074,0.718986537645011,0.410990783123526,1.2578349587624,0.255416596232363,8.45155108604825e-07,1.50792611734142
"Environment1",12,"MAE",1.16413809548052,0.293600241230393,0.631959439935484,0.62861057750149,0.723392286895561,0.240825393263725,0.702712308502377,0.62861057750149,1.37139194532582,0.225095098507192,1.11160666448267e-09,1.50792611734142
"Environment1",12,"MSE",1.16773569455277,0.24683502609258,0.644835825306824,0.717387159220962,0.631037333599305,0.261486684865913,0.743733111995405,0.717387159220962,1.46026138110605,0.237202778174308,7.45237300879667e-10,1.50792611734142
"Environment1",12,"GAUSSIAN",1.15895162729738,0.278383636756684,0.653081229974436,0.759901818301892,0.581639033519731,0.333530186575312,0.756807946993736,0.759901818301892,1.39642144476015,0.38946356339292,0.000336433538820235,1.50792611734142
"Environment2",12,"GLM",1.1236326243013,0.168524851990476,0.640656647598582,0.37725581063993,0.736795884312049,0.166764210147197,0.680119948066371,0.37725581063993,0.334108218528466,0.129119132399581,0.00966481125493084,0.301585223468284
"Environment2",12,"POISSON",1.17389995548497,0.228536924667096,0.640204844603097,0.32600108548889,0.676818472728973,0.21340242903074,0.718986537645011,0.410990783123526,0.495249077996162,0.230944209395333,0.0319965813821917,0.301585223468284
"Environment2",12,"MAE",1.16413809548052,0.293600241230393,0.631959439935484,0.62861057750149,0.723392286895561,0.240825393263725,0.702712308502377,0.62861057750149,0.414800711051427,0.178891033591433,0.0204094670664395,0.301585223468284
"Environment2",12,"MSE",1.16773569455277,0.24683502609258,0.644835825306824,0.717387159220962,0.631037333599305,0.261486684865913,0.743733111995405,0.717387159220962,0.586397685569486,0.207386736235559,0.00469047577582186,0.301585223468284
"Environment2",12,"GAUSSIAN",1.15895162729738,0.278383636756684,0.653081229974436,0.759901818301892,0.581639033519731,0.333530186575312,0.756807946993736,0.759901818301892,0.715542198407571,0.26995410011619,0.00803472980611719,0.301585223468284
"Environment3",12,"GLM",1.1236326243013,0.168524851990476,0.640656647598582,0.37725581063993,0.736795884312049,0.166764210147197,0.680119948066371,0.37725581063993,-0.0724384484865715,0.11808535427514,0.539584499542763,0.075396305867071
"Environment3",12,"POISSON",1.17389995548497,0.228536924667096,0.640204844603097,0.32600108548889,0.676818472728973,0.21340242903074,0.718986537645011,0.410990783123526,0.00188486583278774,0.140300690423995,0.989281163869515,0.075396305867071
"Environment3",12,"MAE",1.16413809548052,0.293600241230393,0.631959439935484,0.62861057750149,0.723392286895561,0.240825393263725,0.702712308502377,0.62861057750149,0.1283021227997,0.120788377107531,0.288142237067969,0.075396305867071
"Environment3",12,"MSE",1.16773569455277,0.24683502609258,0.644835825306824,0.717387159220962,0.631037333599305,0.261486684865913,0.743733111995405,0.717387159220962,0.0916682931560354,0.133912630783403,0.493635461349186,0.075396305867071
"Environment3",12,"GAUSSIAN",1.15895162729738,0.278383636756684,0.653081229974436,0.759901818301892,0.581639033519731,0.333530186575312,0.756807946993736,0.759901818301892,0.0820671648380329,0.180136729662451,0.648690137067381,0.075396305867071
"Environment1",13,"GLM",0.829505219190439,0.0848059674387743,0.663249257851732,0.254200035729524,0.887331638108226,0.0914658859330185,0.581236397652794,0.254200035729524,1.33962385710869,0.201446337515381,2.93036554189291e-11,1.39358902086069
"Environment1",13,"POISSON",0.969634636677942,0.27562467295487,0.569208721367942,0.182536290889575,0.778639783906018,0.331523324191619,0.647752103420435,0.326575730669419,1.30335931184321,0.300300411624006,1.42362875705585e-05,1.39358902086069
"Environment1",13,"MAE",0.946632105269889,0.339889843211357,0.590590783003803,0.412442291533946,0.873130074350154,0.340234124443881,0.617891902748647,0.412442291533946,1.02626437017838,0.204713821519813,5.35416666660699e-07,1.39358902086069
"Environment1",13,"MSE",1.00388439551273,0.328178370624515,0.529383364861337,0.576610788710371,0.741179803858884,0.385341640873679,0.689871856537527,0.576610788710371,1.30915712595575,0.324306044776258,5.41863025679418e-05,1.39358902086069
"Environment1",13,"GAUSSIAN",1.03200325407302,0.333429860402087,0.498070298295074,0.578574273858323,0.739459180529139,0.39965471883841,0.689460224392673,0.578574273858323,1.2526428915924,0.328395631881598,0.000136496371633218,1.39358902086069
"Environment2",13,"GLM",0.829505219190439,0.0848059674387743,0.663249257851732,0.254200035729524,0.887331638108226,0.0914658859330185,0.581236397652794,0.254200035729524,0.183524056119483,0.11354301184074,0.106020928923287,0.278717804172137
"Environment2",13,"POISSON",0.969634636677942,0.27562467295487,0.569208721367942,0.182536290889575,0.778639783906018,0.331523324191619,0.647752103420435,0.326575730669419,0.281341997626362,0.0788617641072819,0.000360357105834153,0.278717804172137
"Environment2",13,"MAE",0.946632105269889,0.339889843211357,0.590590783003803,0.412442291533946,0.873130074350154,0.340234124443881,0.617891902748647,0.412442291533946,0.212600387941039,0.113135546986893,0.06022193350645,0.278717804172137
"Environment2",13,"MSE",1.00388439551273,0.328178370624515,0.529383364861337,0.576610788710371,0.741179803858884,0.385341640873679,0.689871856537527,0.576610788710371,0.380826733962112,0.215873112012408,0.0777112635833953,0.278717804172137
"Environment2",13,"GAUSSIAN",1.03200325407302,0.333429860402087,0.498070298295074,0.578574273858323,0.739459180529139,0.39965471883841,0.689460224392673,0.578574273858323,0.299071165568394,0.246006819049646,0.224098177562283,0.278717804172137
"Environment3",13,"GLM",0.829505219190439,0.0848059674387743,0.663249257851732,0.254200035729524,0.887331638108226,0.0914658859330185,0.581236397652794,0.254200035729524,0.0644000539024078,0.115904238626075,0.578462746132582,0.0696794510430343
"Environment3",13,"POISSON",0.969634636677942,0.27562467295487,0.569208721367942,0.182536290889575,0.778639783906018,0.331523324191619,0.647752103420435,0.326575730669419,-0.0283559340170348,0.148310507433699,0.848374370906714,0.0696794510430343
"Environment3",13,"MAE",0.946632105269889,0.339889843211357,0.590590783003803,0.412442291533946,0.873130074350154,0.340234124443881,0.617891902748647,0.412442291533946,0.0128187953820955,0.130555390669658,0.921784089486929,0.0696794510430343
"Environment3",13,"MSE",1.00388439551273,0.328178370624515,0.529383364861337,0.576610788710371,0.741179803858884,0.385341640873679,0.689871856537527,0.576610788710371,-0.0331449250547939,0.203702775639593,0.870745047428815,0.0696794510430343
"Environment3",13,"GAUSSIAN",1.03200325407302,0.333429860402087,0.498070298295074,0.578574273858323,0.739459180529139,0.39965471883841,0.689460224392673,0.578574273858323,0.111217049503503,0.192531707003075,0.563496553077689,0.0696794510430343
"Environment1",14,"GLM",0.648999972128569,0.10251699553325,0.557704397291989,0.260255805530691,0.873907334245168,0.112731120831512,0.591225430079906,0.260255805530691,1.42631570997017,0.210216729408115,1.16104869306671e-11,1.36685296921901
"Environment1",14,"POISSON",0.698722481904445,0.28371339270972,0.476292775978,0.268295093779116,0.775464277373855,0.313259430868119,0.644944356360868,0.31468809349167,1.34571705219241,0.30309094089349,8.99681535662018e-06,1.36685296921901
"Environment1",14,"MAE",0.672526033907371,0.249415899263472,0.479076079270785,0.519380510538199,0.839278955439516,0.274484625403101,0.658347377226048,0.519380510538199,1.17442037136231,0.284483112617488,3.6551802626452e-05,1.36685296921901
"Environment1",14,"MSE",0.652776195514775,0.300910802868721,0.513171544607414,0.61968017046588,0.746586494598987,0.358043522583602,0.686744555110136,0.61968017046588,1.43133178306834,0.294664414288925,1.18878378627446e-06,1.36685296921901
"Environment1",14,"GAUSSIAN",0.654768219598688,0.232188187600213,0.509344502579833,0.628649904554614,0.737729949083024,0.329487681830195,0.704168153487732,0.628649904554614,1.33300167087682,0.243051945997466,4.1480192404148e-08,1.36685296921901
"Environment2",14,"GLM",0.648999972128569,0.10251699553325,0.557704397291989,0.260255805530691,0.873907334245168,0.112731120831512,0.591225430079906,0.260255805530691,0.191148455817921,0.125174689415213,0.126747692075145,0.273370593843802
"Environment2",14,"POISSON",0.698722481904445,0.28371339270972,0.476292775978,0.268295093779116,0.775464277373855,0.313259430868119,0.644944356360868,0.31468809349167,0.0854838690517498,0.12965725970664,0.509698994248905,0.273370593843802
"Environment2",14,"MAE",0.672526033907371,0.249415899263472,0.479076079270785,0.519380510538199,0.839278955439516,0.274484625403101,0.658347377226048,0.519380510538199,0.0536780828492404,0.174825660568133,0.758814615266608,0.273370593843802
"Environment2",14,"MSE",0.652776195514775,0.300910802868721,0.513171544607414,0.61968017046588,0.746586494598987,0.358043522583602,0.686744555110136,0.61968017046588,0.0163426139662784,0.173669886759124,0.925028450548596,0.273370593843802
"Environment2",14,"GAUSSIAN",0.654768219598688,0.232188187600213,0.509344502579833,0.628649904554614,0.737729949083024,0.329487681830195,0.704168153487732,0.628649904554614,0.0378007890671461,0.145507572035663,0.795029068252624,0.273370593843802
"Environment3",14,"GLM",0.648999972128569,0.10251699553325,0.557704397291989,0.260255805530691,0.873907334245168,0.112731120831512,0.591225430079906,0.260255805530691,0.175174491257504,0.115227945834926,0.128449885127321,0.0683426484609505
"Environment3",14,"POISSON",0.698722481904445,0.28371339270972,0.476292775978,0.268295093779116,0.775464277373855,0.313259430868119,0.644944356360868,0.31468809349167,0.193673067541345,0.106099972094554,0.0679432781952995,0.0683426484609505
"Environment3",14,"MAE",0.672526033907371,0.249415899263472,0.479076079270785,0.519380510538199,0.839278955439516,0.274484625403101,0.658347377226048,0.519380510538199,0.212201096222652,0.114239974688177,0.0632396241278867,0.0683426484609505
"Environment3",14,"MSE",0.652776195514775,0.300910802868721,0.513171544607414,0.61968017046588,0.746586494598987,0.358043522583602,0.686744555110136,0.61968017046588,0.260469469436098,0.286359289719496,0.36303891598986,0.0683426484609505
"Environment3",14,"GAUSSIAN",0.654768219598688,0.232188187600213,0.509344502579833,0.628649904554614,0.737729949083024,0.329487681830195,0.704168153487732,0.628649904554614,0.178421672256025,0.278167023528252,0.521250355883634,0.0683426484609505
"Environment1",15,"GLM",0.60281681837738,0.117984335126459,0.606723335177433,0.262203967875662,0.858926794383272,0.161464987648078,0.608595739016044,0.262203967875662,1.48618302859073,0.221610564990888,1.99645206629794e-11,1.52429419764472
"Environment1",15,"POISSON",0.65918528160197,0.174145760026226,0.476307186221222,0.194827174661463,0.755696125425611,0.307482352787777,0.669020606320292,0.321303683696309,1.33163155333255,0.218096825789294,1.02357668947249e-09,1.52429419764472
"Environment1",15,"MAE",0.711006707682071,0.296026717211442,0.454009179101937,0.536236687121929,0.807164785887029,0.38826204054349,0.684243465623393,0.536236687121929,1.61679945211235,0.425500159352976,0.000144834958657112,1.52429419764472
"Environment1",15,"MSE",0.691349734926323,0.22758766967005,0.428121736690279,0.651296921560418,0.699909522975367,0.402632919973221,0.725589362745967,0.651296921560418,1.46267475422144,0.308185085176253,2.07384457642036e-06,1.52429419764472
"Environment1",15,"GAUSSIAN",0.683133226125188,0.2141774256137,0.464777484979055,0.654234337516944,0.696955328485213,0.372796356627059,0.739937606681163,0.654234337516944,1.43941877439545,0.331258944923859,1.39086821119933e-05,1.52429419764472
"Environment2",15,"GLM",0.60281681837738,0.117984335126459,0.606723335177433,0.262203967875662,0.858926794383272,0.161464987648078,0.608595739016044,0.262203967875662,0.501030716782873,0.132318423167415,0.000152751552114549,0.304858839528945
"Environment2",15,"POISSON",0.65918528160197,0.174145760026226,0.476307186221222,0.194827174661463,0.755696125425611,0.307482352787777,0.669020606320292,0.321303683696309,0.496557626818238,0.192947129563652,0.0100663299981673,0.304858839528945
"Environment2",15,"MAE",0.711006707682071,0.296026717211442,0.454009179101937,0.536236687121929,0.807164785887029,0.38826204054349,0.684243465623393,0.536236687121929,0.599786656473143,0.226424739182381,0.00807434964280397,0.304858839528945
"Environment2",15,"MSE",0.691349734926323,0.22758766967005,0.428121736690279,0.651296921560418,0.699909522975367,0.402632919973221,0.725589362745967,0.651296921560418,0.50945807337042,0.26897424863,0.058214723277876,0.304858839528945
"Environment2",15,"GAUSSIAN",0.683133226125188,0.2141774256137,0.464777484979055,0.654234337516944,0.696955328485213,0.372796356627059,0.739937606681163,0.654234337516944,0.514703927499113,0.265271618169711,0.0523444287607857,0.304858839528945
"Environment3",15,"GLM",0.60281681837738,0.117984335126459,0.606723335177433,0.262203967875662,0.858926794383272,0.161464987648078,0.608595739016044,0.262203967875662,0.146773744331678,0.127377209757992,0.249207538597769,0.0762147098822362
"Environment3",15,"POISSON",0.65918528160197,0.174145760026226,0.476307186221222,0.194827174661463,0.755696125425611,0.307482352787777,0.669020606320292,0.321303683696309,0.168631853507145,0.172381470731227,0.327951611168429,0.0762147098822362
"Environment3",15,"MAE",0.711006707682071,0.296026717211442,0.454009179101937,0.536236687121929,0.807164785887029,0.38826204054349,0.684243465623393,0.536236687121929,0.289583908392773,0.362658432735214,0.424578553944726,0.0762147098822362
"Environment3",15,"MSE",0.691349734926323,0.22758766967005,0.428121736690279,0.651296921560418,0.699909522975367,0.402632919973221,0.725589362745967,0.651296921560418,0.206686204047837,0.196928947087784,0.293926392482515,0.0762147098822362
"Environment3",15,"GAUSSIAN",0.683133226125188,0.2141774256137,0.464777484979055,0.654234337516944,0.696955328485213,0.372796356627059,0.739937606681163,0.654234337516944,0.235402227816382,0.240397843085008,0.327471592925364,0.0762147098822362
"Environment1",16,"GLM",1.18805445816821,0.0654284742356705,0.564490263113123,0.236332932280726,0.827518674006433,0.0653142677719602,0.580627965445718,0.236332932280726,1.29894127837252,0.200713167089732,9.69515336902351e-11,1.41262926438461
"Environment1",16,"POISSON",1.21046614356482,0.168246638986567,0.623322645042752,0.264359628711428,0.760477649137086,0.168288606443854,0.622191366242723,0.277089083059082,1.21098225893889,0.284549330168787,2.08311948689451e-05,1.41262926438461
"Environment1",16,"MAE",1.19062775032058,0.304316784824661,0.613553034174876,0.446274540413403,0.807351880877435,0.274765591600735,0.644516541614735,0.446274540413403,1.0554486503048,0.23973236221898,1.06955188311815e-05,1.41262926438461
"Environment1",16,"MSE",1.20911819384989,0.248556112967022,0.604964365280039,0.560076256608275,0.719621808419339,0.256451220095792,0.676405208979478,0.560076256608275,1.25103261065546,0.244713355846114,3.18366475953347e-07,1.41262926438461
"Environment1",16,"GAUSSIAN",1.17864551475945,0.322206952133598,0.654241853064163,0.565962449981761,0.714791314874697,0.280871927061219,0.679395640618669,0.565962449981761,1.20305520158905,0.222641853909051,6.53366770988853e-08,1.41262926438461
"Environment2",16,"GLM",1.18805445816821,0.0654284742356705,0.564490263113123,0.236332932280726,0.827518674006433,0.0653142677719602,0.580627965445718,0.236332932280726,0.257333747470059,0.115569601429339,0.0259702726115567,0.282525852876922
"Environment2",16,"POISSON",1.21046614356482,0.168246638986567,0.623322645042752,0.264359628711428,0.760477649137086,0.168288606443854,0.622191366242723,0.277089083059082,0.115247541741876,0.169406843949015,0.496314278638908,0.282525852876922
"Environment2",16,"MAE",1.19062775032058,0.304316784824661,0.613553034174876,0.446274540413403,0.807351880877435,0.274765591600735,0.644516541614735,0.446274540413403,0.0963113220142547,0.185382769958143,0.603393411065609,0.282525852876922
"Environment2",16,"MSE",1.20911819384989,0.248556112967022,0.604964365280039,0.560076256608275,0.719621808419339,0.256451220095792,0.676405208979478,0.560076256608275,0.0417407334828658,0.140479623797213,0.766367137128837,0.282525852876922
"Environment2",16,"GAUSSIAN",1.17864551475945,0.322206952133598,0.654241853064163,0.565962449981761,0.714791314874697,0.280871927061219,0.679395640618669,0.565962449981761,-0.0103163446542567,0.230185173964967,0.964252704722014,0.282525852876922
"Environment3",16,"GLM",1.18805445816821,0.0654284742356705,0.564490263113123,0.236332932280726,0.827518674006433,0.0653142677719602,0.580627965445718,0.236332932280726,0.0905975884531652,0.116492601197434,0.436739349808094,0.0706314632192305
"Environment3",16,"POISSON",1.21046614356482,0.168246638986567,0.623322645042752,0.264359628711428,0.760477649137086,0.168288606443854,0.622191366242723,0.277089083059082,0.0421373160165058,0.138608638040347,0.761126296901138,0.0706314632192305
"Environment3",16,"MAE",1.19062775032058,0.304316784824661,0.613553034174876,0.446274540413403,0.807351880877435,0.274765591600735,0.644516541614735,0.446274540413403,-0.0303621373561316,0.174386234095474,0.861780140391389,0.0706314632192305
"Environment3",16,"MSE",1.20911819384989,0.248556112967022,0.604964365280039,0.560076256608275,0.719621808419339,0.256451220095792,0.676405208979478,0.560076256608275,-0.0552114565418117,0.129649134884325,0.670215057105238,0.0706314632192305
"Environment3",16,"GAUSSIAN",1.17864551475945,0.322206952133598,0.654241853064163,0.565962449981761,0.714791314874697,0.280871927061219,0.679395640618669,0.565962449981761,-0.0485004384833337,0.152241241125018,0.750047891463567,0.0706314632192305
"Environment1",17,"GLM",0.548151403342954,0.0973133946883173,0.745710715625889,0.233320228682276,0.834290763947773,0.0952532863622138,0.566477707200239,0.233320228682276,1.30808860469303,0.19890298019679,4.81599638167313e-11,1.42541715420058
"Environment1",17,"POISSON",0.58525248384676,0.26235932350243,0.727259423409189,0.409796689186506,0.748150200575364,0.262278994666103,0.631097393053417,0.297744931275443,1.09971552529983,0.201284209320679,4.66847104105133e-08,1.42541715420058
"Environment1",17,"MAE",0.534497563465292,0.362428585015859,0.719948534040307,0.470278961840497,0.788924285092912,0.324982238882733,0.629471940616667,0.470278961840497,1.25521595232943,0.258292546252296,1.17582926532335e-06,1.42541715420058
"Environment1",17,"MSE",0.625975851289814,0.369520085325941,0.662157694267246,0.582472277489169,0.70041328105167,0.369635543606796,0.673245324518401,0.582472277489169,1.09505960644588,0.272732912119222,5.94116437269677e-05,1.42541715420058
"Environment1",17,"GAUSSIAN",0.615785818911607,0.383689959400592,0.665290932568195,0.603827370248976,0.682266344226435,0.381582967003881,0.705759395248578,0.603827370248976,1.10774242781001,0.298666204408458,0.000208108384882712,1.42541715420058
"Environment2",17,"GLM",0.548151403342954,0.0973133946883173,0.745710715625889,0.233320228682276,0.834290763947773,0.0952532863622138,0.566477707200239,0.233320228682276,0.185099908738536,0.121279742641626,0.126954386427299,0.285083430840115
"Environment2",17,"POISSON",0.58525248384676,0.26235932350243,0.727259423409189,0.409796689186506,0.748150200575364,0.262278994666103,0.631097393053417,0.297744931275443,0.128276564126572,0.119570562937847,0.283356116028957,0.285083430840115
"Environment2",17,"MAE",0.534497563465292,0.362428585015859,0.719948534040307,0.470278961840497,0.788924285092912,0.324982238882733,0.629471940616667,0.470278961840497,0.175109633104377,0.183530535307687,0.340024340886086,0.285083430840115
"Environment2",17,"MSE",0.625975851289814,0.369520085325941,0.662157694267246,0.582472277489169,0.70041328105167,0.369635543606796,0.673245324518401,0.582472277489169,0.135543851184557,0.162001489571765,0.402770920010242,0.285083430840115
"Environment2",17,"GAUSSIAN",0.615785818911607,0.383689959400592,0.665290932568195,0.603827370248976,0.682266344226435,0.381582967003881,0.705759395248578,0.603827370248976,0.194740390790755,0.194430974435251,0.316540978971203,0.285083430840115
"Environment3",17,"GLM",0.548151403342954,0.0973133946883173,0.745710715625889,0.233320228682276,0.834290763947773,0.0952532863622138,0.566477707200239,0.233320228682276,0.0622541550447619,0.112064096957825,0.578537155314606,0.0712708577100289
"Environment3",17,"POISSON",0.58525248384676,0.26235932350243,0.727259423409189,0.409796689186506,0.748150200575364,0.262278994666103,0.631097393053417,0.297744931275443,-0.0593867420811694,0.124312241398552,0.632847800309143,0.0712708577100289
"Environment3",17,"MAE",0.534497563465292,0.362428585015859,0.719948534040307,0.470278961840497,0.788924285092912,0.324982238882733,0.629471940616667,0.470278961840497,0.0494795562345507,0.253133175677316,0.845026213670392,0.0712708577100289
"Environment3",17,"MSE",0.625975851289814,0.369520085325941,0.662157694267246,0.582472277489169,0.70041328105167,0.369635543606796,0.673245324518401,0.582472277489169,-0.0606207509149681,0.174064850820611,0.727640936370119,0.0712708577100289
"Environment3",17,"GAUSSIAN",0.615785818911607,0.383689959400592,0.665290932568195,0.603827370248976,0.682266344226435,0.381582967003881,0.705759395248578,0.603827370248976,-0.20559755432776,0.21585833865628,0.340861109961494,0.0712708577100289
"Environment1",18,"GLM",0.822165216000472,0.213010838458211,0.692064385581861,0.362117261336258,0.734998398270587,0.188012516816889,0.691180532746351,0.362117261336258,1.64749137748718,0.233899726049485,1.87362660719112e-12,1.32243870879995
"Environment1",18,"POISSON",0.794005267110473,0.258234645236423,0.687861341526865,0.426384405172363,0.681757217808364,0.180557973190801,0.714984874301494,0.394360266307669,1.27137269562023,0.160264311786718,2.13958409271143e-15,1.32243870879995
"Environment1",18,"MAE",0.812542693122103,0.236564525568905,0.650255157876899,0.57991309012053,0.738594770917242,0.242927738435566,0.710534041208218,0.57991309012053,1.06885880546721,0.219854651123449,1.1640478824216e-06,1.32243870879995
"Environment1",18,"MSE",0.81846240879702,0.329675604970348,0.710425051716844,0.667633936241165,0.65696917211489,0.215496061584012,0.730996027113467,0.667633936241165,1.29417483169881,0.230269027779679,1.90655793186986e-08,1.32243870879995
"Environment1",18,"GAUSSIAN",0.812736754175023,0.334737017404839,0.71407506365934,0.680559025930197,0.644068360052687,0.232670343688178,0.743571746016942,0.680559025930197,1.28696911149703,0.231285271452363,2.63021054769656e-08,1.32243870879995
"Environment2",18,"GLM",0.822165216000472,0.213010838458211,0.692064385581861,0.362117261336258,0.734998398270587,0.188012516816889,0.691180532746351,0.362117261336258,0.288465788349691,0.112608975424104,0.0104173563718921,0.26448774175999
"Environment2",18,"POISSON",0.794005267110473,0.258234645236423,0.687861341526865,0.426384405172363,0.681757217808364,0.180557973190801,0.714984874301494,0.394360266307669,0.266915922509095,0.131533085148422,0.0424309683705161,0.26448774175999
"Environment2",18,"MAE",0.812542693122103,0.236564525568905,0.650255157876899,0.57991309012053,0.738594770917242,0.242927738435566,0.710534041208218,0.57991309012053,0.260118336803932,0.132739005887193,0.0500399346115363,0.26448774175999
"Environment2",18,"MSE",0.81846240879702,0.329675604970348,0.710425051716844,0.667633936241165,0.65696917211489,0.215496061584012,0.730996027113467,0.667633936241165,0.263787339305698,0.14579814410387,0.0704099926957809,0.26448774175999
"Environment2",18,"GAUSSIAN",0.812736754175023,0.334737017404839,0.71407506365934,0.680559025930197,0.644068360052687,0.232670343688178,0.743571746016942,0.680559025930197,0.234357161980706,0.163262083728698,0.151154364765102,0.26448774175999
"Environment3",18,"GLM",0.822165216000472,0.213010838458211,0.692064385581861,0.362117261336258,0.734998398270587,0.188012516816889,0.691180532746351,0.362117261336258,0.107824545260058,0.11438161542612,0.345847808958415,0.0661219354399974
"Environment3",18,"POISSON",0.794005267110473,0.258234645236423,0.687861341526865,0.426384405172363,0.681757217808364,0.180557973190801,0.714984874301494,0.394360266307669,0.124486221521654,0.0912492274679677,0.172490748256656,0.0661219354399974
"Environment3",18,"MAE",0.812542693122103,0.236564525568905,0.650255157876899,0.57991309012053,0.738594770917242,0.242927738435566,0.710534041208218,0.57991309012053,0.135203953536139,0.111821232631876,0.226621333497002,0.0661219354399974
"Environment3",18,"MSE",0.81846240879702,0.329675604970348,0.710425051716844,0.667633936241165,0.65696917211489,0.215496061584012,0.730996027113467,0.667633936241165,0.190010538610359,0.20522406985289,0.3545142297657,0.0661219354399974
"Environment3",18,"GAUSSIAN",0.812736754175023,0.334737017404839,0.71407506365934,0.680559025930197,0.644068360052687,0.232670343688178,0.743571746016942,0.680559025930197,0.142116953821826,0.115627177952306,0.219035646414695,0.0661219354399974
"Environment1",19,"GLM",0.813573421421449,0.0731987516851191,0.606546967694336,0.267196697938906,0.748924647947117,0.0787429638876732,0.662087180470137,0.267196697938906,1.32172895610341,0.193946711794672,9.43242499307551e-12,1.41378117989464
"Environment1",19,"POISSON",0.759498666584519,0.189589089143308,0.616905041023648,0.273422701149816,0.69637340605399,0.221856308283514,0.696661552119643,0.302368885170897,1.0627263426739,0.192053869492077,3.13937891483869e-08,1.41378117989464
"Environment1",19,"MAE",0.72671280095081,0.292261473873965,0.624973434985428,0.52042860637478,0.710654550857163,0.293485917347099,0.700144038462398,0.52042860637478,1.04554456779012,0.212921898434648,9.08627672987542e-07,1.41378117989464
"Environment1",19,"MSE",0.785555054726697,0.244983932962013,0.614724394006951,0.582982102359981,0.662688225103267,0.259802800250707,0.729126262495655,0.582982102359981,1.03882303086804,0.188330853542871,3.46906547637912e-08,1.41378117989464
"Environment1",19,"GAUSSIAN",0.788036750194685,0.273473018517135,0.605129547133483,0.589637035694832,0.657379241367254,0.277117424218487,0.736805299405577,0.589637035694832,1.010873967387,0.244362694580045,3.52218150282954e-05,1.41378117989464
"Environment2",19,"GLM",0.813573421421449,0.0731987516851191,0.606546967694336,0.267196697938906,0.748924647947117,0.0787429638876732,0.662087180470137,0.267196697938906,0.241428972049408,0.120161676308745,0.0445158112646598,0.282756235978929
"Environment2",19,"POISSON",0.759498666584519,0.189589089143308,0.616905041023648,0.273422701149816,0.69637340605399,0.221856308283514,0.696661552119643,0.302368885170897,0.306625687351243,0.16718096091433,0.0666399620034733,0.282756235978929
"Environment2",19,"MAE",0.72671280095081,0.292261473873965,0.624973434985428,0.52042860637478,0.710654550857163,0.293485917347099,0.700144038462398,0.52042860637478,0.256656494658423,0.15224938315322,0.0918413079378543,0.282756235978929
"Environment2",19,"MSE",0.785555054726697,0.244983932962013,0.614724394006951,0.582982102359981,0.662688225103267,0.259802800250707,0.729126262495655,0.582982102359981,0.475737093852986,0.147317761617452,0.00124082315167512,0.282756235978929
"Environment2",19,"GAUSSIAN",0.788036750194685,0.273473018517135,0.605129547133483,0.589637035694832,0.657379241367254,0.277117424218487,0.736805299405577,0.589637035694832,0.476167670353152,0.239481070983839,0.0467750792150191,0.282756235978929
"Environment3",19,"GLM",0.813573421421449,0.0731987516851191,0.606546967694336,0.267196697938906,0.748924647947117,0.0787429638876732,0.662087180470137,0.267196697938906,0.0479754448788453,0.113015921893511,0.671200005093202,0.0706890589947322
"Environment3",19,"POISSON",0.759498666584519,0.189589089143308,0.616905041023648,0.273422701149816,0.69637340605399,0.221856308283514,0.696661552119643,0.302368885170897,0.0488274735368123,0.093873073412674,0.602963527500115,0.0706890589947322
"Environment3",19,"MAE",0.72671280095081,0.292261473873965,0.624973434985428,0.52042860637478,0.710654550857163,0.293485917347099,0.700144038462398,0.52042860637478,-0.0243406788543326,0.16420347947121,0.882157425909118,0.0706890589947322
"Environment3",19,"MSE",0.785555054726697,0.244983932962013,0.614724394006951,0.582982102359981,0.662688225103267,0.259802800250707,0.729126262495655,0.582982102359981,0.0065626061491821,0.113800526620324,0.95401338188339,0.0706890589947322
"Environment3",19,"GAUSSIAN",0.788036750194685,0.273473018517135,0.605129547133483,0.589637035694832,0.657379241367254,0.277117424218487,0.736805299405577,0.589637035694832,0.0679519173367771,0.14898315257687,0.648314684666366,0.0706890589947322
"Environment1",20,"GLM",0.643602311575788,0.165972844803182,0.555046007346411,0.250938057772406,0.696659604945329,0.147083671756569,0.651702263324649,0.250938057772406,1.19446212639597,0.19189026124515,4.82433141408547e-10,1.45791746734946
"Environment1",20,"POISSON",0.630081012632669,0.232019600779925,0.601626338943326,0.236801660359776,0.654874115825585,0.23520318063146,0.70598441464975,0.292869084701405,0.996953506356658,0.218402102593959,5.00062552304203e-06,1.45791746734946
"Environment1",20,"MAE",0.639098348383012,0.172889986431628,0.572676880520944,0.482221085336451,0.692044269049986,0.249101572150835,0.699750074173623,0.482221085336451,1.12628829558576,0.209216721735567,7.31093481587075e-08,1.45791746734946
"Environment1",20,"MSE",0.652585977615932,0.210799855870167,0.570064899309902,0.577999809950483,0.62476690966582,0.218068826735213,0.725320330924999,0.577999809950483,1.06188391353302,0.241875491326086,1.13241864557235e-05,1.45791746734946
"Environment1",20,"GAUSSIAN",0.667402888097845,0.304180164521341,0.550692705328008,0.643700516930555,0.574075869455144,0.274878016982637,0.763984007614069,0.643700516930555,1.02208115382782,0.268178270435536,0.000138293548354962,1.45791746734946
"Environment2",20,"GLM",0.643602311575788,0.165972844803182,0.555046007346411,0.250938057772406,0.696659604945329,0.147083671756569,0.651702263324649,0.250938057772406,0.418924269717797,0.120484553773381,0.000507066038759728,0.291583493469892
"Environment2",20,"POISSON",0.630081012632669,0.232019600779925,0.601626338943326,0.236801660359776,0.654874115825585,0.23520318063146,0.70598441464975,0.292869084701405,0.358571491616225,0.124172560894261,0.00388085825845685,0.291583493469892
"Environment2",20,"MAE",0.639098348383012,0.172889986431628,0.572676880520944,0.482221085336451,0.692044269049986,0.249101572150835,0.699750074173623,0.482221085336451,0.273060628644422,0.122143198424828,0.0253794370081114,0.291583493469892
"Environment2",20,"MSE",0.652585977615932,0.210799855870167,0.570064899309902,0.577999809950483,0.62476690966582,0.218068826735213,0.725320330924999,0.577999809950483,0.360066227058451,0.119839466895794,0.00265955384647402,0.291583493469892
"Environment2",20,"GAUSSIAN",0.667402888097845,0.304180164521341,0.550692705328008,0.643700516930555,0.574075869455144,0.274878016982637,0.763984007614069,0.643700516930555,0.288029481418471,0.149012445293857,0.0532457678775252,0.291583493469892
"Environment3",20,"GLM",0.643602311575788,0.165972844803182,0.555046007346411,0.250938057772406,0.696659604945329,0.147083671756569,0.651702263324649,0.250938057772406,0.0328507975373359,0.110455785764095,0.766152526615107,0.0728958733674731
"Environment3",20,"POISSON",0.630081012632669,0.232019600779925,0.601626338943326,0.236801660359776,0.654874115825585,0.23520318063146,0.70598441464975,0.292869084701405,0.0143680619149154,0.0984920681572429,0.884015807668009,0.0728958733674731
"Environment3",20,"MAE",0.639098348383012,0.172889986431628,0.572676880520944,0.482221085336451,0.692044269049986,0.249101572150835,0.699750074173623,0.482221085336451,0.0679168667319894,0.142126671266352,0.632748773130396,0.0728958733674731
"Environment3",20,"MSE",0.652585977615932,0.210799855870167,0.570064899309902,0.577999809950483,0.62476690966582,0.218068826735213,0.725320330924999,0.577999809950483,0.0843688693763534,0.169922751835801,0.619532459208863,0.0728958733674731
"Environment3",20,"GAUSSIAN",0.667402888097845,0.304180164521341,0.550692705328008,0.643700516930555,0.574075869455144,0.274878016982637,0.763984007614069,0.643700516930555,0.165190614195172,0.160601506041091,0.30367966456128,0.0728958733674731
"Environment1",21,"GLM",0.903644721246292,0.115365633084688,0.607984133809845,0.294972765673309,0.651801238067858,0.142476683859148,0.695391643572346,0.294972765673309,1.45036201142495,0.222812984304896,7.54895063676751e-11,1.59678712739502
"Environment1",21,"POISSON",0.816170034473371,0.231271004284694,0.592110483934986,0.309414289522289,0.615369169710186,0.217678010970876,0.72328257394397,0.321861647935184,1.26850754582914,0.251399465437253,4.51664075307916e-07,1.59678712739502
"Environment1",21,"MAE",0.816758640354106,0.287678911480727,0.514376286753693,0.587844020018809,0.628190457575584,0.274189349309543,0.721412451515449,0.587844020018809,1.18920935931101,0.242386531288847,9.28333249901449e-07,1.59678712739502
"Environment1",21,"MSE",0.81697346162586,0.253720907425046,0.515776902919122,0.639465338507298,0.587535407438605,0.2662506909425,0.755572150484169,0.639465338507298,1.27852951503673,0.246636834670629,2.17346280208935e-07,1.59678712739502
"Environment1",21,"GAUSSIAN",0.821488638902433,0.27892321217666,0.537369735469481,0.662741432936372,0.568253379928926,0.299978505056866,0.770620150534556,0.662741432936372,1.41685072255264,0.269446100188573,1.45327806386191e-07,1.59678712739502
"Environment2",21,"GLM",0.903644721246292,0.115365633084688,0.607984133809845,0.294972765673309,0.651801238067858,0.142476683859148,0.695391643572346,0.294972765673309,0.382553660084099,0.126040099183309,0.00240396775414443,0.319357425479004
"Environment2",21,"POISSON",0.816170034473371,0.231271004284694,0.592110483934986,0.309414289522289,0.615369169710186,0.217678010970876,0.72328257394397,0.321861647935184,0.350131981127352,0.11681617351421,0.00272391208141233,0.319357425479004
"Environment2",21,"MAE",0.816758640354106,0.287678911480727,0.514376286753693,0.587844020018809,0.628190457575584,0.274189349309543,0.721412451515449,0.587844020018809,0.294798001951163,0.13287007454677,0.0265075675524635,0.319357425479004
"Environment2",21,"MSE",0.81697346162586,0.253720907425046,0.515776902919122,0.639465338507298,0.587535407438605,0.2662506909425,0.755572150484169,0.639465338507298,0.268810855957754,0.21534266057725,0.211923572480538,0.319357425479004
"Environment2",21,"GAUSSIAN",0.821488638902433,0.27892321217666,0.537369735469481,0.662741432936372,0.568253379928926,0.299978505056866,0.770620150534556,0.662741432936372,0.346084089830074,0.155390569040728,0.0259346777582619,0.319357425479004
"Environment3",21,"GLM",0.903644721246292,0.115365633084688,0.607984133809845,0.294972765673309,0.651801238067858,0.142476683859148,0.695391643572346,0.294972765673309,0.0134375887539268,0.121920601689507,0.912238153304018,0.0798393563697511
"Environment3",21,"POISSON",0.816170034473371,0.231271004284694,0.592110483934986,0.309414289522289,0.615369169710186,0.217678010970876,0.72328257394397,0.321861647935184,0.0854201706088827,0.0820983345254089,0.298125460976134,0.0798393563697511
"Environment3",21,"MAE",0.816758640354106,0.287678911480727,0.514376286753693,0.587844020018809,0.628190457575584,0.274189349309543,0.721412451515449,0.587844020018809,0.0706713848084331,0.135860615613996,0.602941151305477,0.0798393563697511
"Environment3",21,"MSE",0.81697346162586,0.253720907425046,0.515776902919122,0.639465338507298,0.587535407438605,0.2662506909425,0.755572150484169,0.639465338507298,0.0415398548645226,0.0993069912681765,0.675729700561126,0.0798393563697511
"Environment3",21,"GAUSSIAN",0.821488638902433,0.27892321217666,0.537369735469481,0.662741432936372,0.568253379928926,0.299978505056866,0.770620150534556,0.662741432936372,0.00344496825770875,0.152799126715172,0.982012631891861,0.0798393563697511
"Environment1",22,"GLM",1.11157954383768,0.340246097536805,0.654367818619319,0.374399673622906,0.932651518571581,0.263639679222674,0.647409579696308,0.374399673622906,1.94467419780958,0.264435297501942,1.92269077953902e-13,1.39671194722102
"Environment1",22,"POISSON",1.13662473477127,0.414686268726531,0.652868939453634,0.182875602445411,0.826719656668056,0.387366968480344,0.675489615555081,0.411380421307754,2.07610901615641,0.519900981270677,6.51661614285508e-05,1.39671194722102
"Environment1",22,"MAE",0.966136779142228,0.24099767222681,0.577924981169353,0.512542321993971,0.981876187442058,0.282509005707828,0.684031367639542,0.512542321993971,1.43874968500966,0.297642671284275,1.33940895646542e-06,1.39671194722102
"Environment1",22,"MSE",1.04116917190429,0.336416271815427,0.614540457931102,0.683314059225341,0.791412055565126,0.413563536569627,0.712817851459288,0.683314059225341,1.76462989674904,0.469342101319047,0.000170052921003296,1.39671194722102
"Environment1",22,"GAUSSIAN",1.06234168476798,0.374021571622274,0.620321848998746,0.678566257818737,0.797322467513819,0.446697847795921,0.703369745276218,0.678566257818737,1.94495821327015,0.543646012024981,0.000346738589341898,1.39671194722102
"Environment2",22,"GLM",1.11157954383768,0.340246097536805,0.654367818619319,0.374399673622906,0.932651518571581,0.263639679222674,0.647409579696308,0.374399673622906,0.330388853203083,0.124056643691166,0.00773991702632464,0.279342389444203
"Environment2",22,"POISSON",1.13662473477127,0.414686268726531,0.652868939453634,0.182875602445411,0.826719656668056,0.387366968480344,0.675489615555081,0.411380421307754,0.290827732942802,0.154244025214146,0.0593618192979226,0.279342389444203
"Environment2",22,"MAE",0.966136779142228,0.24099767222681,0.577924981169353,0.512542321993971,0.981876187442058,0.282509005707828,0.684031367639542,0.512542321993971,0.198609579786192,0.110157880629697,0.0713954559618817,0.279342389444203
"Environment2",22,"MSE",1.04116917190429,0.336416271815427,0.614540457931102,0.683314059225341,0.791412055565126,0.413563536569627,0.712817851459288,0.683314059225341,0.298743732178107,0.200283530210922,0.135802966209193,0.279342389444203
"Environment2",22,"GAUSSIAN",1.06234168476798,0.374021571622274,0.620321848998746,0.678566257818737,0.797322467513819,0.446697847795921,0.703369745276218,0.678566257818737,0.290628306558533,0.187165063012541,0.120472969853641,0.279342389444203
"Environment3",22,"GLM",1.11157954383768,0.340246097536805,0.654367818619319,0.374399673622906,0.932651518571581,0.263639679222674,0.647409579696308,0.374399673622906,0.124616353116626,0.125572898606995,0.32101094883147,0.0698355973610508
"Environment3",22,"POISSON",1.13662473477127,0.414686268726531,0.652868939453634,0.182875602445411,0.826719656668056,0.387366968480344,0.675489615555081,0.411380421307754,0.0619509041278707,0.19310810928879,0.748354806213074,0.0698355973610508
"Environment3",22,"MAE",0.966136779142228,0.24099767222681,0.577924981169353,0.512542321993971,0.981876187442058,0.282509005707828,0.684031367639542,0.512542321993971,0.0273073909245772,0.19723867283574,0.889885998526783,0.0698355973610508
"Environment3",22,"MSE",1.04116917190429,0.336416271815427,0.614540457931102,0.683314059225341,0.791412055565126,0.413563536569627,0.712817851459288,0.683314059225341,-0.00381606737976654,0.164375061952066,0.981478286752328,0.0698355973610508
"Environment3",22,"GAUSSIAN",1.06234168476798,0.374021571622274,0.620321848998746,0.678566257818737,0.797322467513819,0.446697847795921,0.703369745276218,0.678566257818737,-0.100094664441431,0.19902859666375,0.615023335977181,0.0698355973610508
"Environment1",23,"GLM",0.902053827039464,0.358952072658768,0.618463793519544,0.335507205532947,0.713660443198595,0.171699931926521,0.601881379439727,0.335507205532947,1.27781678209822,0.195060943529108,5.72069665298043e-11,1.2361799943504
"Environment1",23,"POISSON",0.787846568028642,0.27708842944658,0.56228826453216,0.277534902343869,0.654648408416853,0.197402418526878,0.650208375600754,0.381032828051091,1.11843013096779,0.254702579677258,1.12767181261457e-05,1.2361799943504
"Environment1",23,"MAE",0.766730924098045,0.398570248208721,0.556851923017252,0.551871849927122,0.719387234603676,0.28973199191418,0.65566577894232,0.551871849927122,0.956498407154671,0.289873935468161,0.000967865893290058,1.2361799943504
"Environment1",23,"MSE",0.79378694025575,0.354035502591744,0.504833596364798,0.706934886849838,0.581759756484159,0.271761054400905,0.700207434704096,0.706934886849838,1.26147705157808,0.31256191553741,5.43871428016197e-05,1.2361799943504
"Environment1",23,"GAUSSIAN",0.778926067196022,0.397140752095396,0.447059143402442,0.763071120167885,0.523083010686276,0.335805541868068,0.747412135214835,0.763071120167885,1.23450676672001,0.263494940171794,2.79788941930663e-06,1.2361799943504
"Environment2",23,"GLM",0.902053827039464,0.358952072658768,0.618463793519544,0.335507205532947,0.713660443198595,0.171699931926521,0.601881379439727,0.335507205532947,0.386822511045638,0.114665067489925,0.000742192678081884,0.247235998870079
"Environment2",23,"POISSON",0.787846568028642,0.27708842944658,0.56228826453216,0.277534902343869,0.654648408416853,0.197402418526878,0.650208375600754,0.381032828051091,0.378352082775091,0.130634590529727,0.00377636211774532,0.247235998870079
"Environment2",23,"MAE",0.766730924098045,0.398570248208721,0.556851923017252,0.551871849927122,0.719387234603676,0.28973199191418,0.65566577894232,0.551871849927122,0.330032001485329,0.122086321482043,0.00686614365726444,0.247235998870079
"Environment2",23,"MSE",0.79378694025575,0.354035502591744,0.504833596364798,0.706934886849838,0.581759756484159,0.271761054400905,0.700207434704096,0.706934886849838,0.401469895493278,0.185518725240437,0.0304612989593138,0.247235998870079
"Environment2",23,"GAUSSIAN",0.778926067196022,0.397140752095396,0.447059143402442,0.763071120167885,0.523083010686276,0.335805541868068,0.747412135214835,0.763071120167885,0.387437724855599,0.167933434683103,0.0210497445630825,0.247235998870079
"Environment3",23,"GLM",0.902053827039464,0.358952072658768,0.618463793519544,0.335507205532947,0.713660443198595,0.171699931926521,0.601881379439727,0.335507205532947,0.209697424546393,0.116031516196223,0.070724024187078,0.0618089997175198
"Environment3",23,"POISSON",0.787846568028642,0.27708842944658,0.56228826453216,0.277534902343869,0.654648408416853,0.197402418526878,0.650208375600754,0.381032828051091,0.173223798422041,0.140002726931136,0.215979904468855,0.0618089997175198
"Environment3",23,"MAE",0.766730924098045,0.398570248208721,0.556851923017252,0.551871849927122,0.719387234603676,0.28973199191418,0.65566577894232,0.551871849927122,0.0808791537815275,0.18008721231289,0.653351562545418,0.0618089997175198
"Environment3",23,"MSE",0.79378694025575,0.354035502591744,0.504833596364798,0.706934886849838,0.581759756484159,0.271761054400905,0.700207434704096,0.706934886849838,0.248935366385067,0.189216906045133,0.188305485460585,0.0618089997175198
"Environment3",23,"GAUSSIAN",0.778926067196022,0.397140752095396,0.447059143402442,0.763071120167885,0.523083010686276,0.335805541868068,0.747412135214835,0.763071120167885,0.266679267118484,0.17003461198611,0.116791951293553,0.0618089997175198
"Environment1",24,"GLM",1.08555626164778,0.460502073857483,0.602741088709978,0.220404665653967,0.68650429306838,0.217350872634936,0.551154545029354,0.220404665653967,0.895447154946841,0.159702509541291,2.05899518797219e-08,1.17116283851035
"Environment1",24,"POISSON",1.17228471528487,0.629923656193435,0.578761650257249,0.252204451188625,0.659138960871464,0.33265616153027,0.601003888679237,0.256352591401208,0.6602149805113,0.23593574065814,0.00513750719032434,1.17116283851035
"Environment1",24,"MAE",1.21476133785691,0.747944251570031,0.577785112039717,0.31953329384521,0.702304804938273,0.426957004964068,0.582188162479786,0.31953329384521,0.627880129743761,0.206195329749767,0.00232622720283671,1.17116283851035
"Environment1",24,"MSE",1.03057447484873,0.459408377865973,0.600245491042952,0.471977853827123,0.61865463104627,0.272422551235904,0.635998985865773,0.471977853827123,0.768235833990802,0.236151506512284,0.0011413397874644,1.17116283851035
"Environment1",24,"GAUSSIAN",1.07666112158419,0.496774910069462,0.584837888055226,0.508639686256814,0.596790962075321,0.29454949990408,0.681522136607881,0.508639686256814,0.736092928231281,0.209105700690091,0.000431228963990509,1.17116283851035
"Environment2",24,"GLM",1.08555626164778,0.460502073857483,0.602741088709978,0.220404665653967,0.68650429306838,0.217350872634936,0.551154545029354,0.220404665653967,0.0542917824060911,0.10459384951994,0.603710241524395,0.234232567702071
"Environment2",24,"POISSON",1.17228471528487,0.629923656193435,0.578761650257249,0.252204451188625,0.659138960871464,0.33265616153027,0.601003888679237,0.256352591401208,-0.0365973610515107,0.123235104475936,0.766487975256401,0.234232567702071
"Environment2",24,"MAE",1.21476133785691,0.747944251570031,0.577785112039717,0.31953329384521,0.702304804938273,0.426957004964068,0.582188162479786,0.31953329384521,-0.0377371998365685,0.10474665593299,0.718644359998967,0.234232567702071
"Environment2",24,"MSE",1.03057447484873,0.459408377865973,0.600245491042952,0.471977853827123,0.61865463104627,0.272422551235904,0.635998985865773,0.471977853827123,-0.0159350885229094,0.135342500178388,0.90627447647676,0.234232567702071
"Environment2",24,"GAUSSIAN",1.07666112158419,0.496774910069462,0.584837888055226,0.508639686256814,0.596790962075321,0.29454949990408,0.681522136607881,0.508639686256814,-0.074538920368941,0.166189950342644,0.653780543734523,0.234232567702071
"Environment3",24,"GLM",1.08555626164778,0.460502073857483,0.602741088709978,0.220404665653967,0.68650429306838,0.217350872634936,0.551154545029354,0.220404665653967,0.156672420281915,0.104523534170938,0.133894376189062,0.0585581419255177
"Environment3",24,"POISSON",1.17228471528487,0.629923656193435,0.578761650257249,0.252204451188625,0.659138960871464,0.33265616153027,0.601003888679237,0.256352591401208,0.126409212025476,0.093647391046492,0.177066565259767,0.0585581419255177
"Environment3",24,"MAE",1.21476133785691,0.747944251570031,0.577785112039717,0.31953329384521,0.702304804938273,0.426957004964068,0.582188162479786,0.31953329384521,0.172431837308022,0.162435921308059,0.288445656834118,0.0585581419255177
"Environment3",24,"MSE",1.03057447484873,0.459408377865973,0.600245491042952,0.471977853827123,0.61865463104627,0.272422551235904,0.635998985865773,0.471977853827123,0.139666872358566,0.157703708396062,0.375817838743012,0.0585581419255177
"Environment3",24,"GAUSSIAN",1.07666112158419,0.496774910069462,0.584837888055226,0.508639686256814,0.596790962075321,0.29454949990408,0.681522136607881,0.508639686256814,0.0433423677306325,0.153280283030604,0.777356643160916,0.0585581419255177
"Environment1",25,"GLM",0.596185843337976,0.0516567064017605,0.451303461665511,0.292420753997547,0.807791169514288,0.0599347126849509,0.655021411932999,0.292420753997547,1.50355341699703,0.228924548744564,5.10299800397579e-11,1.51914552818915
"Environment1",25,"POISSON",0.613516289562274,0.132591335890238,0.402299850253517,0.241393874986526,0.744055414289341,0.193763014718656,0.69968905706274,0.336521348436992,1.18479717564143,0.26037568707455,5.3560012746421e-06,1.51914552818915
"Environment1",25,"MAE",0.663257801790094,0.256568248565913,0.410714611809112,0.470888707397751,0.782576291985156,0.291109082523097,0.690655170162627,0.470888707397751,1.15940390831792,0.296959684391688,9.4519274863709e-05,1.51914552818915
"Environment1",25,"MSE",0.590797688400369,0.218699820128546,0.351563787933018,0.557771471188742,0.715445488871881,0.219203357466955,0.715664083888334,0.557771471188742,1.42137886220582,0.290800725049832,1.01963559432488e-06,1.51914552818915
"Environment1",25,"GAUSSIAN",0.629051377195245,0.181434998408407,0.392276384282882,0.547751027065093,0.723505715386305,0.219502858681824,0.709312001050339,0.547751027065093,1.26323233258604,0.266062449944479,2.05560894677129e-06,1.51914552818915
"Environment2",25,"GLM",0.596185843337976,0.0516567064017605,0.451303461665511,0.292420753997547,0.807791169514288,0.0599347126849509,0.655021411932999,0.292420753997547,0.301274691613572,0.114515619392847,0.00851688301108761,0.303829105637829
"Environment2",25,"POISSON",0.613516289562274,0.132591335890238,0.402299850253517,0.241393874986526,0.744055414289341,0.193763014718656,0.69968905706274,0.336521348436992,0.246344086764129,0.16503978265839,0.135532866276938,0.303829105637829
"Environment2",25,"MAE",0.663257801790094,0.256568248565913,0.410714611809112,0.470888707397751,0.782576291985156,0.291109082523097,0.690655170162627,0.470888707397751,0.224449504396463,0.0986271429496214,0.022861715354218,0.303829105637829
"Environment2",25,"MSE",0.590797688400369,0.218699820128546,0.351563787933018,0.557771471188742,0.715445488871881,0.219203357466955,0.715664083888334,0.557771471188742,0.378415853374279,0.146017224840546,0.00955353112079429,0.303829105637829
"Environment2",25,"GAUSSIAN",0.629051377195245,0.181434998408407,0.392276384282882,0.547751027065093,0.723505715386305,0.219502858681824,0.709312001050339,0.547751027065093,0.312542463606487,0.165020709132288,0.0582304470532534,0.303829105637829
"Environment3",25,"GLM",0.596185843337976,0.0516567064017605,0.451303461665511,0.292420753997547,0.807791169514288,0.0599347126849509,0.655021411932999,0.292420753997547,0.0699716163703179,0.117275628962621,0.550746135864429,0.0759572764094573
"Environment3",25,"POISSON",0.613516289562274,0.132591335890238,0.402299850253517,0.241393874986526,0.744055414289341,0.193763014718656,0.69968905706274,0.336521348436992,0.052814669940044,0.107682012685501,0.62380218672165,0.0759572764094573
"Environment3",25,"MAE",0.663257801790094,0.256568248565913,0.410714611809112,0.470888707397751,0.782576291985156,0.291109082523097,0.690655170162627,0.470888707397751,0.210938271984251,0.177155524775377,0.23377317654847,0.0759572764094573
"Environment3",25,"MSE",0.590797688400369,0.218699820128546,0.351563787933018,0.557771471188742,0.715445488871881,0.219203357466955,0.715664083888334,0.557771471188742,-0.0398335672114584,0.2157138860262,0.853496300012847,0.0759572764094573
"Environment3",25,"GAUSSIAN",0.629051377195245,0.181434998408407,0.392276384282882,0.547751027065093,0.723505715386305,0.219502858681824,0.709312001050339,0.547751027065093,0.0547270519729227,0.225420886814941,0.808177998133333,0.0759572764094573
"Environment1",26,"GLM",0.627992766732376,0.0524735297160454,0.709545803461771,0.245409359915173,0.785418735886191,0.0440871798135927,0.584642890223206,0.245409359915173,1.20362288713191,0.193018657228097,4.49517548516055e-10,1.26627921395972
"Environment1",26,"POISSON",0.727355972276589,0.272484046727724,0.665131320202533,0.243863188691524,0.723182399367624,0.213614459274777,0.623426131455835,0.291931436468482,1.22122808262735,0.194863850509744,3.67872183981324e-10,1.26627921395972
"Environment1",26,"MAE",0.74854615167973,0.3193539466245,0.641349481978148,0.425631856555015,0.768906867834511,0.290074416411918,0.638386111293899,0.425631856555015,1.0053120363329,0.287268109461086,0.000466026398971853,1.26627921395972
"Environment1",26,"MSE",0.785921544787639,0.333991720027136,0.590093647996827,0.520182779012139,0.702775290540429,0.298443000509114,0.661417704243636,0.520182779012139,1.19694836688736,0.286311313200365,2.90761947160421e-05,1.26627921395972
"Environment1",26,"GAUSSIAN",0.779682669175596,0.31353514620633,0.533733949191094,0.529536208871924,0.695891721103666,0.291135549619136,0.666186442553231,0.529536208871924,1.26074832469103,0.237335978848685,1.08379452777597e-07,1.26627921395972
"Environment2",26,"GLM",0.627992766732376,0.0524735297160454,0.709545803461771,0.245409359915173,0.785418735886191,0.0440871798135927,0.584642890223206,0.245409359915173,0.268219823891615,0.115628410880957,0.020358704069442,0.253255842791943
"Environment2",26,"POISSON",0.727355972276589,0.272484046727724,0.665131320202533,0.243863188691524,0.723182399367624,0.213614459274777,0.623426131455835,0.291931436468482,0.206042569359279,0.144208816704854,0.153067682595897,0.253255842791943
"Environment2",26,"MAE",0.74854615167973,0.3193539466245,0.641349481978148,0.425631856555015,0.768906867834511,0.290074416411918,0.638386111293899,0.425631856555015,0.274602208274173,0.134011285145842,0.0404525681177532,0.253255842791943
"Environment2",26,"MSE",0.785921544787639,0.333991720027136,0.590093647996827,0.520182779012139,0.702775290540429,0.298443000509114,0.661417704243636,0.520182779012139,0.328678674107296,0.207356495775007,0.112945924311731,0.253255842791943
"Environment2",26,"GAUSSIAN",0.779682669175596,0.31353514620633,0.533733949191094,0.529536208871924,0.695891721103666,0.291135549619136,0.666186442553231,0.529536208871924,0.239808466530269,0.135012822858846,0.0757015562758955,0.253255842791943
"Environment3",26,"GLM",0.627992766732376,0.0524735297160454,0.709545803461771,0.245409359915173,0.785418735886191,0.0440871798135927,0.584642890223206,0.245409359915173,0.0363869947727465,0.113515392171502,0.748553865319694,0.0633139606979858
"Environment3",26,"POISSON",0.727355972276589,0.272484046727724,0.665131320202533,0.243863188691524,0.723182399367624,0.213614459274777,0.623426131455835,0.291931436468482,0.0554696590796902,0.129642322340891,0.66874802394741,0.0633139606979858
"Environment3",26,"MAE",0.74854615167973,0.3193539466245,0.641349481978148,0.425631856555015,0.768906867834511,0.290074416411918,0.638386111293899,0.425631856555015,0.0705222951455123,0.146257756178706,0.629679393148979,0.0633139606979858
"Environment3",26,"MSE",0.785921544787639,0.333991720027136,0.590093647996827,0.520182779012139,0.702775290540429,0.298443000509114,0.661417704243636,0.520182779012139,0.0356311622808272,0.189578479078257,0.850916313463878,0.0633139606979858
"Environment3",26,"GAUSSIAN",0.779682669175596,0.31353514620633,0.533733949191094,0.529536208871924,0.695891721103666,0.291135549619136,0.666186442553231,0.529536208871924,0.0524960593351898,0.159937690419282,0.742739131628209,0.0633139606979858
"Environment1",27,"GLM",0.70718617640349,0.0652786126122224,0.465073075242385,0.283737320824532,0.806162837717911,0.0735439366674253,0.569809365309047,0.283737320824532,1.40760139368719,0.216301225913757,7.63620091542458e-11,1.2617072215561
"Environment1",27,"POISSON",0.691440665117636,0.11222791996007,0.501049192173933,0.254134081515388,0.726422092263776,0.215921075099557,0.602971484731663,0.3195006806859,1.54271893422119,0.320145879710895,1.44424307935007e-06,1.2617072215561
"Environment1",27,"MAE",0.770120405059005,0.230894134993644,0.452644962120577,0.459718258943,0.816645745790201,0.229399480011343,0.613235909690932,0.459718258943,1.28636673451953,0.267133831098737,1.46876445987615e-06,1.2617072215561
"Environment1",27,"MSE",0.727605140237897,0.158634344073605,0.451227721150546,0.61948166264958,0.68534832214497,0.336109726856175,0.641304161239854,0.61948166264958,1.42637620288625,0.239672011799683,2.65911375607571e-09,1.2617072215561
"Environment1",27,"GAUSSIAN",0.737970292889251,0.177125384038838,0.363794855153267,0.625565628262926,0.679847356112348,0.263256842056299,0.669546241669044,0.625565628262926,1.39670374774475,0.411644564288753,0.000691354755683496,1.2617072215561
"Environment2",27,"GLM",0.70718617640349,0.0652786126122224,0.465073075242385,0.283737320824532,0.806162837717911,0.0735439366674253,0.569809365309047,0.283737320824532,0.240065520188742,0.115564065462356,0.0377704575095647,0.25234144431122
"Environment2",27,"POISSON",0.691440665117636,0.11222791996007,0.501049192173933,0.254134081515388,0.726422092263776,0.215921075099557,0.602971484731663,0.3195006806859,0.25842973185023,0.160855139214545,0.108142326492632,0.25234144431122
"Environment2",27,"MAE",0.770120405059005,0.230894134993644,0.452644962120577,0.459718258943,0.816645745790201,0.229399480011343,0.613235909690932,0.459718258943,0.278815330249022,0.194777134744692,0.152298933383586,0.25234144431122
"Environment2",27,"MSE",0.727605140237897,0.158634344073605,0.451227721150546,0.61948166264958,0.68534832214497,0.336109726856175,0.641304161239854,0.61948166264958,0.292623604777757,0.206019352334679,0.155500136939043,0.25234144431122
"Environment2",27,"GAUSSIAN",0.737970292889251,0.177125384038838,0.363794855153267,0.625565628262926,0.679847356112348,0.263256842056299,0.669546241669044,0.625565628262926,0.141561382038744,0.28313397296486,0.617089015306488,0.25234144431122
"Environment3",27,"GLM",0.70718617640349,0.0652786126122224,0.465073075242385,0.283737320824532,0.806162837717911,0.0735439366674253,0.569809365309047,0.283737320824532,0.0695960359284327,0.108238354857437,0.520231451085611,0.0630853610778049
"Environment3",27,"POISSON",0.691440665117636,0.11222791996007,0.501049192173933,0.254134081515388,0.726422092263776,0.215921075099557,0.602971484731663,0.3195006806859,0.125093916779846,0.156067328965826,0.42282017249913,0.0630853610778049
"Environment3",27,"MAE",0.770120405059005,0.230894134993644,0.452644962120577,0.459718258943,0.816645745790201,0.229399480011343,0.613235909690932,0.459718258943,-0.00497427379191727,0.176424400143157,0.97750668008031,0.0630853610778049
"Environment3",27,"MSE",0.727605140237897,0.158634344073605,0.451227721150546,0.61948166264958,0.68534832214497,0.336109726856175,0.641304161239854,0.61948166264958,0.182734818600202,0.237137973994179,0.440953322759967,0.0630853610778049
"Environment3",27,"GAUSSIAN",0.737970292889251,0.177125384038838,0.363794855153267,0.625565628262926,0.679847356112348,0.263256842056299,0.669546241669044,0.625565628262926,0.212301227586995,0.24189362333966,0.380126305161774,0.0630853610778049
"Environment1",28,"GLM",0.918764342507536,0.133828875695319,0.286728811867745,0.205622061294988,0.868629642119853,0.140280079600991,0.581428410489607,0.205622061294988,1.18977207106112,0.187641500967736,2.28774137769942e-10,1.38720521363041
"Environment1",28,"POISSON",0.9161715337314,0.224771234689146,0.327522259217271,0.0228119596692448,0.826298570494835,0.213831104744621,0.616849215031332,0.241957950229051,0.980289935111941,0.216677865438753,6.06297521637579e-06,1.38720521363041
"Environment1",28,"MAE",0.902746511855663,0.381561888165921,0.303387916020954,0.331028336921767,0.863883892612928,0.325751762810828,0.630850449929414,0.331028336921767,0.794510287550642,0.256867448839093,0.00198094056612762,1.38720521363041
"Environment1",28,"MSE",0.920633104032257,0.259438901200207,0.319085918011479,0.448383185360783,0.784459024615087,0.28434151757544,0.647393677074663,0.448383185360783,1.01431398892231,0.266028538274571,0.00013740050504697,1.38720521363041
"Environment1",28,"GAUSSIAN",0.921442692139904,0.221104534054034,0.311397100709997,0.427015364319904,0.799508350155441,0.274667519851723,0.633746082450916,0.427015364319904,1.09657609214406,0.223159071359432,8.92930588954799e-07,1.38720521363041
"Environment2",28,"GLM",0.918764342507536,0.133828875695319,0.286728811867745,0.205622061294988,0.868629642119853,0.140280079600991,0.581428410489607,0.205622061294988,0.17226914317899,0.11884378816454,0.147186090323729,0.277441042726082
"Environment2",28,"POISSON",0.9161715337314,0.224771234689146,0.327522259217271,0.0228119596692448,0.826298570494835,0.213831104744621,0.616849215031332,0.241957950229051,0.228260334958709,0.189446001889702,0.22824833392242,0.277441042726082
"Environment2",28,"MAE",0.902746511855663,0.381561888165921,0.303387916020954,0.331028336921767,0.863883892612928,0.325751762810828,0.630850449929414,0.331028336921767,0.184541957896204,0.200051209435365,0.356281598467902,0.277441042726082
"Environment2",28,"MSE",0.920633104032257,0.259438901200207,0.319085918011479,0.448383185360783,0.784459024615087,0.28434151757544,0.647393677074663,0.448383185360783,0.0959382336547605,0.193183737561782,0.619459507854006,0.277441042726082
"Environment2",28,"GAUSSIAN",0.921442692139904,0.221104534054034,0.311397100709997,0.427015364319904,0.799508350155441,0.274667519851723,0.633746082450916,0.427015364319904,0.107290512630768,0.119871686109441,0.370763214410383,0.277441042726082
"Environment3",28,"GLM",0.918764342507536,0.133828875695319,0.286728811867745,0.205622061294988,0.868629642119853,0.140280079600991,0.581428410489607,0.205622061294988,0.0689640928123464,0.125463233027868,0.582541813817693,0.0693602606815206
"Environment3",28,"POISSON",0.9161715337314,0.224771234689146,0.327522259217271,0.0228119596692448,0.826298570494835,0.213831104744621,0.616849215031332,0.241957950229051,0.0407792088284805,0.120873584126857,0.7358374496954,0.0693602606815206
"Environment3",28,"MAE",0.902746511855663,0.381561888165921,0.303387916020954,0.331028336921767,0.863883892612928,0.325751762810828,0.630850449929414,0.331028336921767,-0.00762238455736849,0.223166787278519,0.972753111101947,0.0693602606815206
"Environment3",28,"MSE",0.920633104032257,0.259438901200207,0.319085918011479,0.448383185360783,0.784459024615087,0.28434151757544,0.647393677074663,0.448383185360783,-0.103453138487016,0.161897363331926,0.52282002543803,0.0693602606815206
"Environment3",28,"GAUSSIAN",0.921442692139904,0.221104534054034,0.311397100709997,0.427015364319904,0.799508350155441,0.274667519851723,0.633746082450916,0.427015364319904,0.0753902003613985,0.188326288247609,0.688923104514161,0.0693602606815206
"Environment1",29,"GLM",0.956121427544434,0.188384103975971,0.676089959271264,0.257209814590188,0.744397026324925,0.181647967326437,0.58999963779059,0.257209814590188,1.03491877094589,0.16996852005442,1.13699755931184e-09,1.38388019589796
"Environment1",29,"POISSON",0.977439038270012,0.361403491091246,0.673051840372276,0.339991998460778,0.680398439958989,0.303761564521043,0.654375043784544,0.31524449594984,0.811148016966836,0.138030480836952,4.18813401528141e-09,1.38388019589796
"Environment1",29,"MAE",0.93179045334184,0.278311360123299,0.679670599402214,0.484638812188016,0.719441284409133,0.314807004372744,0.633529900335276,0.484638812188016,0.846797940273743,0.16480946619276,2.77616014095708e-07,1.38388019589796
"Environment1",29,"MSE",0.942347072778732,0.269661829520705,0.642453642889609,0.565910260271428,0.660281701782979,0.274207760910075,0.681710128982946,0.565910260271428,0.939581102031661,0.168673411652167,2.54131549797164e-08,1.38388019589796
"Environment1",29,"GAUSSIAN",0.964868744878642,0.317698354194208,0.629107620583339,0.583041456764049,0.647121665082782,0.310845352414459,0.695103795022836,0.583041456764049,0.782117226186638,0.186672447529296,2.79220168743361e-05,1.38388019589796
"Environment2",29,"GLM",0.956121427544434,0.188384103975971,0.676089959271264,0.257209814590188,0.744397026324925,0.181647967326437,0.58999963779059,0.257209814590188,0.343511803581259,0.115391719728131,0.00291160918212961,0.276776039179592
"Environment2",29,"POISSON",0.977439038270012,0.361403491091246,0.673051840372276,0.339991998460778,0.680398439958989,0.303761564521043,0.654375043784544,0.31524449594984,0.405662140026341,0.103452901074198,8.80998177121202e-05,0.276776039179592
"Environment2",29,"MAE",0.93179045334184,0.278311360123299,0.679670599402214,0.484638812188016,0.719441284409133,0.314807004372744,0.633529900335276,0.484638812188016,0.37845455448947,0.174052784464484,0.0296776172450619,0.276776039179592
"Environment2",29,"MSE",0.942347072778732,0.269661829520705,0.642453642889609,0.565910260271428,0.660281701782979,0.274207760910075,0.681710128982946,0.565910260271428,0.443391638947633,0.142605642412169,0.0018758499891566,0.276776039179592
"Environment2",29,"GAUSSIAN",0.964868744878642,0.317698354194208,0.629107620583339,0.583041456764049,0.647121665082782,0.310845352414459,0.695103795022836,0.583041456764049,0.520322319381016,0.231722274801451,0.0247388331504859,0.276776039179592
"Environment3",29,"GLM",0.956121427544434,0.188384103975971,0.676089959271264,0.257209814590188,0.744397026324925,0.181647967326437,0.58999963779059,0.257209814590188,0.0978910158693522,0.111387173549157,0.379490409171148,0.0691940097948981
"Environment3",29,"POISSON",0.977439038270012,0.361403491091246,0.673051840372276,0.339991998460778,0.680398439958989,0.303761564521043,0.654375043784544,0.31524449594984,0.127460718263412,0.145964811425779,0.382538226411509,0.0691940097948981
"Environment3",29,"MAE",0.93179045334184,0.278311360123299,0.679670599402214,0.484638812188016,0.719441284409133,0.314807004372744,0.633529900335276,0.484638812188016,0.1917214709812,0.159916074388861,0.230571478010926,0.0691940097948981
"Environment3",29,"MSE",0.942347072778732,0.269661829520705,0.642453642889609,0.565910260271428,0.660281701782979,0.274207760910075,0.681710128982946,0.565910260271428,0.13151027080771,0.123056859454728,0.285207050582375,0.0691940097948981
"Environment3",29,"GAUSSIAN",0.964868744878642,0.317698354194208,0.629107620583339,0.583041456764049,0.647121665082782,0.310845352414459,0.695103795022836,0.583041456764049,0.0528908400341788,0.219072573696968,0.80922133812193,0.0691940097948981
"Environment1",30,"GLM",0.655365255343226,0.12315772833633,0.813093384493673,0.282112093456105,0.859425584917852,0.0997139214276557,0.638399387067933,0.282112093456105,1.57260795499331,0.231657012929132,1.13290729074042e-11,1.49454588568663
"Environment1",30,"POISSON",0.796664556514187,0.211951417142764,0.804327952932305,0.30814915651486,0.808049316307224,0.183883483766197,0.657775047945452,0.307768325077886,1.21602340777958,0.255085692761208,1.8688055772223e-06,1.49454588568663
"Environment1",30,"MAE",0.814132968590013,0.234557543167137,0.769465441040503,0.432762121625407,0.850219837014888,0.235368342259225,0.65269247567313,0.432762121625407,1.10017474667549,0.264285797564768,3.14338332522809e-05,1.49454588568663
"Environment1",30,"MSE",0.760634209205495,0.202815281353134,0.795562521370938,0.494960066102548,0.802253242910594,0.191837675402594,0.672843360495036,0.494960066102548,1.25723562587551,0.251022203620922,5.48661852505297e-07,1.49454588568663
"Environment1",30,"GAUSSIAN",0.837351362280484,0.276218421530139,0.743368360710068,0.51348406164671,0.787403167976211,0.234324313534088,0.679873045137228,0.51348406164671,1.16348959309708,0.248632230626296,2.87490362908413e-06,1.49454588568663
"Environment2",30,"GLM",0.655365255343226,0.12315772833633,0.813093384493673,0.282112093456105,0.859425584917852,0.0997139214276557,0.638399387067933,0.282112093456105,0.211385583067115,0.130376295946457,0.104942637531585,0.298909177137326
"Environment2",30,"POISSON",0.796664556514187,0.211951417142764,0.804327952932305,0.30814915651486,0.808049316307224,0.183883483766197,0.657775047945452,0.307768325077886,0.212981451862208,0.100959033560371,0.0348942976207005,0.298909177137326
"Environment2",30,"MAE",0.814132968590013,0.234557543167137,0.769465441040503,0.432762121625407,0.850219837014888,0.235368342259225,0.65269247567313,0.432762121625407,0.240437597185436,0.161248365335573,0.135934982463907,0.298909177137326
"Environment2",30,"MSE",0.760634209205495,0.202815281353134,0.795562521370938,0.494960066102548,0.802253242910594,0.191837675402594,0.672843360495036,0.494960066102548,0.183854360486994,0.209617629106543,0.380435594500402,0.298909177137326
"Environment2",30,"GAUSSIAN",0.837351362280484,0.276218421530139,0.743368360710068,0.51348406164671,0.787403167976211,0.234324313534088,0.679873045137228,0.51348406164671,0.258427242074869,0.174046192119928,0.137591550354772,0.298909177137326
"Environment3",30,"GLM",0.655365255343226,0.12315772833633,0.813093384493673,0.282112093456105,0.859425584917852,0.0997139214276557,0.638399387067933,0.282112093456105,-0.0416015407531645,0.124011521075216,0.737274246250756,0.0747272942843316
"Environment3",30,"POISSON",0.796664556514187,0.211951417142764,0.804327952932305,0.30814915651486,0.808049316307224,0.183883483766197,0.657775047945452,0.307768325077886,0.0871849159704607,0.114046170952189,0.444587000655054,0.0747272942843316
"Environment3",30,"MAE",0.814132968590013,0.234557543167137,0.769465441040503,0.432762121625407,0.850219837014888,0.235368342259225,0.65269247567313,0.432762121625407,-0.025634873074402,0.128257839144821,0.841582383035844,0.0747272942843316
"Environment3",30,"MSE",0.760634209205495,0.202815281353134,0.795562521370938,0.494960066102548,0.802253242910594,0.191837675402594,0.672843360495036,0.494960066102548,0.0575819708458675,0.217025505757601,0.790760248221717,0.0747272942843316
"Environment3",30,"GAUSSIAN",0.837351362280484,0.276218421530139,0.743368360710068,0.51348406164671,0.787403167976211,0.234324313534088,0.679873045137228,0.51348406164671,0.0849932134018562,0.250154665045539,0.734035272825,0.0747272942843316
"Environment1",31,"GLM",0.737950337392678,0.15378144795036,0.778530227104864,0.288123689369683,0.76700610422404,0.144694399800817,0.64023282505263,0.288123689369683,1.13703081752868,0.179061657747672,2.1539865288065e-10,1.23779027637329
"Environment1",31,"POISSON",0.686150874605075,0.278330493734982,0.754667231638049,0.46102107746696,0.652700105357845,0.290800617920854,0.706698311658065,0.379784886664915,0.793579495151134,0.169082096849874,2.68626909206424e-06,1.23779027637329
"Environment1",31,"MAE",0.677899445337133,0.320485751009213,0.772233047745566,0.473371793739173,0.691075939787218,0.297493204121373,0.702176096210985,0.473371793739173,0.772201311894367,0.189754937192009,4.71209655387648e-05,1.23779027637329
"Environment1",31,"MSE",0.737643637234248,0.372859574699225,0.742072872919451,0.605195902890579,0.598362737447868,0.384237180202971,0.744981323896132,0.605195902890579,0.572907665161083,0.20153321159006,0.00447267455107499,1.23779027637329
"Environment1",31,"GAUSSIAN",0.752939718090749,0.420094080362625,0.719093692099555,0.673219243391358,0.544379737544907,0.418470582069673,0.758683013424536,0.673219243391358,0.616919013677657,0.218141039698901,0.0046828973053518,1.23779027637329
"Environment2",31,"GLM",0.737950337392678,0.15378144795036,0.778530227104864,0.288123689369683,0.76700610422404,0.144694399800817,0.64023282505263,0.288123689369683,0.237938416398953,0.101613492360259,0.0192011483620532,0.247558055274658
"Environment2",31,"POISSON",0.686150874605075,0.278330493734982,0.754667231638049,0.46102107746696,0.652700105357845,0.290800617920854,0.706698311658065,0.379784886664915,0.310688142704087,0.174760955594488,0.0754384798605989,0.247558055274658
"Environment2",31,"MAE",0.677899445337133,0.320485751009213,0.772233047745566,0.473371793739173,0.691075939787218,0.297493204121373,0.702176096210985,0.473371793739173,0.319806201807179,0.13336713316836,0.0164876269616703,0.247558055274658
"Environment2",31,"MSE",0.737643637234248,0.372859574699225,0.742072872919451,0.605195902890579,0.598362737447868,0.384237180202971,0.744981323896132,0.605195902890579,0.256465335640132,0.122796186617403,0.0367487196080923,0.247558055274658
"Environment2",31,"GAUSSIAN",0.752939718090749,0.420094080362625,0.719093692099555,0.673219243391358,0.544379737544907,0.418470582069673,0.758683013424536,0.673219243391358,0.336491208789741,0.167905116092863,0.0450640916941145,0.247558055274658
"Environment3",31,"GLM",0.737950337392678,0.15378144795036,0.778530227104864,0.288123689369683,0.76700610422404,0.144694399800817,0.64023282505263,0.288123689369683,-0.0908109278192841,0.113881543861119,0.425209660405663,0.0618895138186645
"Environment3",31,"POISSON",0.686150874605075,0.278330493734982,0.754667231638049,0.46102107746696,0.652700105357845,0.290800617920854,0.706698311658065,0.379784886664915,-0.0575297019846948,0.203183873841444,0.777068690268185,0.0618895138186645
"Environment3",31,"MAE",0.677899445337133,0.320485751009213,0.772233047745566,0.473371793739173,0.691075939787218,0.297493204121373,0.702176096210985,0.473371793739173,0.0254862515325211,0.142720165081462,0.85827143674592,0.0618895138186645
"Environment3",31,"MSE",0.737643637234248,0.372859574699225,0.742072872919451,0.605195902890579,0.598362737447868,0.384237180202971,0.744981323896132,0.605195902890579,-0.0721083943191081,0.150178798631127,0.631120528057876,0.0618895138186645
"Environment3",31,"GAUSSIAN",0.752939718090749,0.420094080362625,0.719093692099555,0.673219243391358,0.544379737544907,0.418470582069673,0.758683013424536,0.673219243391358,-0.0752766194727931,0.291853225988693,0.79646379554284,0.0618895138186645
"Environment1",32,"GLM",0.590154739960898,0.201390671286274,0.680330654237214,0.261019351260369,0.833109575755463,0.176324000207293,0.598760580764246,0.261019351260369,1.28380458269421,0.197977440966892,8.89672946065683e-11,1.41455806845096
"Environment1",32,"POISSON",0.570162033739288,0.239633871700015,0.666960588469892,0.404841866698871,0.73795106071365,0.308064000938844,0.639071288001474,0.308085617567525,1.08532342576582,0.22582776550904,1.53996312344008e-06,1.41455806845096
"Environment1",32,"MAE",0.617199307708778,0.303742370359704,0.622736524777979,0.466019665815429,0.81515138370178,0.353352419256044,0.601804512102055,0.466019665815429,1.05013896835681,0.215775452094734,1.13411732759817e-06,1.41455806845096
"Environment1",32,"MSE",0.602876047051606,0.260778566028128,0.657704389092515,0.583792870687118,0.719665023840062,0.310272402980453,0.666946319828315,0.583792870687118,1.13579593133811,0.207365412773996,4.31942867556867e-08,1.41455806845096
"Environment1",32,"GAUSSIAN",0.658422226103534,0.31380981572255,0.646391256520165,0.595035966163878,0.709878242802823,0.365193583067507,0.662225291334689,0.595035966163878,1.16746952266645,0.24052438303697,1.2108671461415e-06,1.41455806845096
"Environment2",32,"GLM",0.590154739960898,0.201390671286274,0.680330654237214,0.261019351260369,0.833109575755463,0.176324000207293,0.598760580764246,0.261019351260369,0.353840171757579,0.115044877097268,0.00210029580106727,0.282911613690192
"Environment2",32,"POISSON",0.570162033739288,0.239633871700015,0.666960588469892,0.404841866698871,0.73795106071365,0.308064000938844,0.639071288001474,0.308085617567525,0.450549953363818,0.127563595737365,0.00041248641677361,0.282911613690192
"Environment2",32,"MAE",0.617199307708778,0.303742370359704,0.622736524777979,0.466019665815429,0.81515138370178,0.353352419256044,0.601804512102055,0.466019665815429,0.334973889528413,0.118256229670998,0.00461695424548173,0.282911613690192
"Environment2",32,"MSE",0.602876047051606,0.260778566028128,0.657704389092515,0.583792870687118,0.719665023840062,0.310272402980453,0.666946319828315,0.583792870687118,0.377280765132409,0.123302386010911,0.00221484095909702,0.282911613690192
"Environment2",32,"GAUSSIAN",0.658422226103534,0.31380981572255,0.646391256520165,0.595035966163878,0.709878242802823,0.365193583067507,0.662225291334689,0.595035966163878,0.448902277702421,0.184058560048544,0.0147316333754956,0.282911613690192
"Environment3",32,"GLM",0.590154739960898,0.201390671286274,0.680330654237214,0.261019351260369,0.833109575755463,0.176324000207293,0.598760580764246,0.261019351260369,-0.0997096945214347,0.118640936013742,0.40066595176583,0.0707279034225479
"Environment3",32,"POISSON",0.570162033739288,0.239633871700015,0.666960588469892,0.404841866698871,0.73795106071365,0.308064000938844,0.639071288001474,0.308085617567525,-0.196894436929715,0.176816272750181,0.265470644812394,0.0707279034225479
"Environment3",32,"MAE",0.617199307708778,0.303742370359704,0.622736524777979,0.466019665815429,0.81515138370178,0.353352419256044,0.601804512102055,0.466019665815429,0.0326805392152818,0.205972173277734,0.873932951153739,0.0707279034225479
"Environment3",32,"MSE",0.602876047051606,0.260778566028128,0.657704389092515,0.583792870687118,0.719665023840062,0.310272402980453,0.666946319828315,0.583792870687118,-0.136562506066425,0.201525719913435,0.497998035324125,0.0707279034225479
"Environment3",32,"GAUSSIAN",0.658422226103534,0.31380981572255,0.646391256520165,0.595035966163878,0.709878242802823,0.365193583067507,0.662225291334689,0.595035966163878,-0.127943273323667,0.224332331926393,0.568454457969062,0.0707279034225479
"Environment1",33,"GLM",1.13815233077144,0.243356215458682,0.578349264909393,0.284015531710319,0.859157259232413,0.208178653742538,0.675325462813365,0.284015531710319,1.55229345095099,0.236428363388854,5.18246601122944e-11,1.51452683733747
"Environment1",33,"POISSON",0.995739516150114,0.221266283544204,0.590568640604883,0.201258576295623,0.771024775055739,0.259844304461757,0.71208162747704,0.332697981348331,1.17704666583239,0.265504616713551,9.28258463798178e-06,1.51452683733747
"Environment1",33,"MAE",1.0357636340869,0.254211692109181,0.609001258179435,0.487554883250183,0.80701034577126,0.268763810829843,0.70284436489079,0.487554883250183,1.2076553451381,0.207027036417095,5.43345998748459e-09,1.51452683733747
"Environment1",33,"MSE",1.12698668437047,0.234573168152608,0.577831494752805,0.597513611644209,0.715205790018784,0.336068861920382,0.737083207950709,0.597513611644209,1.29377724674709,0.276087477078152,2.78441922347877e-06,1.51452683733747
"Environment1",33,"GAUSSIAN",1.06771593949579,0.241838389430514,0.569236510153435,0.598845102141143,0.714021801406857,0.359718409932436,0.745553831684906,0.598845102141143,1.19557013804093,0.357967962011145,0.000838145123437995,1.51452683733747
"Environment2",33,"GLM",1.13815233077144,0.243356215458682,0.578349264909393,0.284015531710319,0.859157259232413,0.208178653742538,0.675325462813365,0.284015531710319,0.481899242863723,0.14118586403217,0.000641987109144458,0.302905367467493
"Environment2",33,"POISSON",0.995739516150114,0.221266283544204,0.590568640604883,0.201258576295623,0.771024775055739,0.259844304461757,0.71208162747704,0.332697981348331,0.370907417072845,0.153417228512832,0.0156215824819083,0.302905367467493
"Environment2",33,"MAE",1.0357636340869,0.254211692109181,0.609001258179435,0.487554883250183,0.80701034577126,0.268763810829843,0.70284436489079,0.487554883250183,0.396127069317629,0.153225809458439,0.00973083286522575,0.302905367467493
"Environment2",33,"MSE",1.12698668437047,0.234573168152608,0.577831494752805,0.597513611644209,0.715205790018784,0.336068861920382,0.737083207950709,0.597513611644209,0.372922502929741,0.203231262990231,0.0665106943896348,0.302905367467493
"Environment2",33,"GAUSSIAN",1.06771593949579,0.241838389430514,0.569236510153435,0.598845102141143,0.714021801406857,0.359718409932436,0.745553831684906,0.598845102141143,0.334189056912837,0.174653756216273,0.0556920600222606,0.302905367467493
"Environment3",33,"GLM",1.13815233077144,0.243356215458682,0.578349264909393,0.284015531710319,0.859157259232413,0.208178653742538,0.675325462813365,0.284015531710319,-0.117573550124676,0.131815808112152,0.37241794337479,0.0757263418668734
"Environment3",33,"POISSON",0.995739516150114,0.221266283544204,0.590568640604883,0.201258576295623,0.771024775055739,0.259844304461757,0.71208162747704,0.332697981348331,-0.0799153069931708,0.114128992267101,0.483790448368763,0.0757263418668734
"Environment3",33,"MAE",1.0357636340869,0.254211692109181,0.609001258179435,0.487554883250183,0.80701034577126,0.268763810829843,0.70284436489079,0.487554883250183,-0.041673781720389,0.151852019111716,0.783748968287709,0.0757263418668734
"Environment3",33,"MSE",1.12698668437047,0.234573168152608,0.577831494752805,0.597513611644209,0.715205790018784,0.336068861920382,0.737083207950709,0.597513611644209,0.0399562991702624,0.202832578891693,0.843834169390073,0.0757263418668734
"Environment3",33,"GAUSSIAN",1.06771593949579,0.241838389430514,0.569236510153435,0.598845102141143,0.714021801406857,0.359718409932436,0.745553831684906,0.598845102141143,0.00665326119860765,0.235347097082053,0.977446811752991,0.0757263418668734
"Environment1",34,"GLM",0.940176730118013,0.12195598003689,0.626524097498858,0.251415296276308,0.816018405942852,0.157691724448537,0.582883266728922,0.251415296276308,1.34639968764602,0.200578098314967,1.91192278081374e-11,1.51155899809224
"Environment1",34,"POISSON",1.11626150008112,0.420497511888133,0.654645849151108,0.229154544523575,0.680319101631695,0.38073129790684,0.672374141746502,0.323874311941011,1.43546091316404,0.240279689761321,2.31328317189468e-09,1.51155899809224
"Environment1",34,"MAE",1.10548345466916,0.361001151218478,0.607063030232264,0.533618680241451,0.76733722455982,0.359131902637852,0.659481527202528,0.533618680241451,1.20079719995632,0.349895630653019,0.000599429253195382,1.51155899809224
"Environment1",34,"MSE",1.16607482888938,0.520624037488609,0.554997033513787,0.667402235197157,0.648000523197003,0.460413734760407,0.717034511883602,0.667402235197157,1.23482159538261,0.266693650600509,3.65467181732259e-06,1.51155899809224
"Environment1",34,"GAUSSIAN",1.1210491058267,0.533563769188159,0.612259440863658,0.696018257138393,0.619497336848819,0.447816641068253,0.725840620764482,0.696018257138393,1.35729041330849,0.225657128322735,1.80069919585925e-09,1.51155899809224
"Environment2",34,"GLM",0.940176730118013,0.12195598003689,0.626524097498858,0.251415296276308,0.816018405942852,0.157691724448537,0.582883266728922,0.251415296276308,0.184308757466183,0.124881327024236,0.139978464756295,0.302311799618448
"Environment2",34,"POISSON",1.11626150008112,0.420497511888133,0.654645849151108,0.229154544523575,0.680319101631695,0.38073129790684,0.672374141746502,0.323874311941011,0.238467832871222,0.131277186411181,0.0692904114269292,0.302311799618448
"Environment2",34,"MAE",1.10548345466916,0.361001151218478,0.607063030232264,0.533618680241451,0.76733722455982,0.359131902637852,0.659481527202528,0.533618680241451,0.137347273644793,0.173912371214164,0.429673856919154,0.302311799618448
"Environment2",34,"MSE",1.16607482888938,0.520624037488609,0.554997033513787,0.667402235197157,0.648000523197003,0.460413734760407,0.717034511883602,0.667402235197157,0.23939357762265,0.167069154139045,0.151886097958703,0.302311799618448
"Environment2",34,"GAUSSIAN",1.1210491058267,0.533563769188159,0.612259440863658,0.696018257138393,0.619497336848819,0.447816641068253,0.725840620764482,0.696018257138393,0.281437642390665,0.247299409563265,0.25510205396039,0.302311799618448
"Environment3",34,"GLM",0.940176730118013,0.12195598003689,0.626524097498858,0.251415296276308,0.816018405942852,0.157691724448537,0.582883266728922,0.251415296276308,-0.00597474215435093,0.128773738499352,0.962993660423504,0.075577949904612
"Environment3",34,"POISSON",1.11626150008112,0.420497511888133,0.654645849151108,0.229154544523575,0.680319101631695,0.38073129790684,0.672374141746502,0.323874311941011,-0.0418454169963297,0.159355321738798,0.792865142510716,0.075577949904612
"Environment3",34,"MAE",1.10548345466916,0.361001151218478,0.607063030232264,0.533618680241451,0.76733722455982,0.359131902637852,0.659481527202528,0.533618680241451,-0.0436614613887645,0.246834385850065,0.8595982085966,0.075577949904612
"Environment3",34,"MSE",1.16607482888938,0.520624037488609,0.554997033513787,0.667402235197157,0.648000523197003,0.460413734760407,0.717034511883602,0.667402235197157,-0.00981366199899185,0.159776886769451,0.951023899258396,0.075577949904612
"Environment3",34,"GAUSSIAN",1.1210491058267,0.533563769188159,0.612259440863658,0.696018257138393,0.619497336848819,0.447816641068253,0.725840620764482,0.696018257138393,0.0501588829828484,0.197065672692077,0.799087081693323,0.075577949904612
"Environment1",35,"GLM",0.935798124321123,0.10577101798393,0.611970730557051,0.246924376659429,0.746219827768292,0.0852355703293328,0.634255814888182,0.246924376659429,1.3831048660357,0.212044518238271,6.90483603434303e-11,1.4568761237532
"Environment1",35,"POISSON",0.911262436824107,0.285629415792643,0.502708736863078,0.0765051058318686,0.687815529658607,0.207320974330814,0.668433510907635,0.291352269026874,1.18977027864341,0.212302748986403,2.09314539390045e-08,1.4568761237532
"Environment1",35,"MAE",0.891174198656699,0.429864855253616,0.554802369875465,0.432005801925324,0.760161395657221,0.334550237262965,0.678242312577041,0.432005801925324,1.07591047676397,0.284494044433924,0.00015567446892912,1.4568761237532
"Environment1",35,"MSE",0.940528369242914,0.351908589875837,0.507472766919877,0.609118969525342,0.630603182157332,0.256313092453142,0.710742315849982,0.609118969525342,1.29101896833727,0.200223164380426,1.1341045015084e-10,1.4568761237532
"Environment1",35,"GAUSSIAN",0.999155753513336,0.387713765748309,0.457968280677489,0.63448475958955,0.609798856477543,0.284469526438798,0.740639452123969,0.63448475958955,1.21502095137446,0.246410239561124,8.18572396790739e-07,1.4568761237532
"Environment2",35,"GLM",0.935798124321123,0.10577101798393,0.611970730557051,0.246924376659429,0.746219827768292,0.0852355703293328,0.634255814888182,0.246924376659429,0.19154423630384,0.123243923059832,0.120139559682232,0.291375224750639
"Environment2",35,"POISSON",0.911262436824107,0.285629415792643,0.502708736863078,0.0765051058318686,0.687815529658607,0.207320974330814,0.668433510907635,0.291352269026874,0.169881716851651,0.102632012065894,0.0978736408400945,0.291375224750639
"Environment2",35,"MAE",0.891174198656699,0.429864855253616,0.554802369875465,0.432005801925324,0.760161395657221,0.334550237262965,0.678242312577041,0.432005801925324,-0.00898842136898117,0.133522402526523,0.946328784306608,0.291375224750639
"Environment2",35,"MSE",0.940528369242914,0.351908589875837,0.507472766919877,0.609118969525342,0.630603182157332,0.256313092453142,0.710742315849982,0.609118969525342,0.0936595997047607,0.198828252590015,0.637599457983612,0.291375224750639
"Environment2",35,"GAUSSIAN",0.999155753513336,0.387713765748309,0.457968280677489,0.63448475958955,0.609798856477543,0.284469526438798,0.740639452123969,0.63448475958955,0.123865541597743,0.183484314431272,0.499628572998883,0.291375224750639
"Environment3",35,"GLM",0.935798124321123,0.10577101798393,0.611970730557051,0.246924376659429,0.746219827768292,0.0852355703293328,0.634255814888182,0.246924376659429,0.0525235592040984,0.124197142917337,0.672364771588637,0.0728438061876599
"Environment3",35,"POISSON",0.911262436824107,0.285629415792643,0.502708736863078,0.0765051058318686,0.687815529658607,0.207320974330814,0.668433510907635,0.291352269026874,0.0811589597845364,0.075980810751552,0.285452517687957,0.0728438061876599
"Environment3",35,"MAE",0.891174198656699,0.429864855253616,0.554802369875465,0.432005801925324,0.760161395657221,0.334550237262965,0.678242312577041,0.432005801925324,0.0399272022104283,0.195540501598704,0.838205876022392,0.0728438061876599
"Environment3",35,"MSE",0.940528369242914,0.351908589875837,0.507472766919877,0.609118969525342,0.630603182157332,0.256313092453142,0.710742315849982,0.609118969525342,0.129324245196731,0.154176250440621,0.401577159306773,0.0728438061876599
"Environment3",35,"GAUSSIAN",0.999155753513336,0.387713765748309,0.457968280677489,0.63448475958955,0.609798856477543,0.284469526438798,0.740639452123969,0.63448475958955,0.224363566357897,0.24729660289641,0.364266648205301,0.0728438061876599
"Environment1",36,"GLM",0.832343639583593,0.290760665672376,0.581722908929528,0.322034363014437,0.870892235064139,0.191999993927581,0.671704426348422,0.322034363014437,1.77752012175974,0.248327495185567,8.18820035508402e-13,1.37787667405238
"Environment1",36,"POISSON",0.897789246129618,0.278348589322699,0.571802222139313,0.259357016289068,0.800298173806078,0.261583918611327,0.700414145947783,0.357590138860105,1.68622090656674,0.279747234108966,1.66351665998887e-09,1.37787667405238
"Environment1",36,"MAE",0.786590487063576,0.207132332736298,0.563407794855285,0.504389427668863,0.85408281294141,0.193544911912892,0.707859424275258,0.504389427668863,1.2818614028842,0.2970159220403,1.59025704834863e-05,1.37787667405238
"Environment1",36,"MSE",0.918186762950418,0.344351689754887,0.536153160816233,0.590608111494533,0.776245897910797,0.310426022581438,0.730416471518411,0.590608111494533,1.61919117872316,0.327963699108195,7.92908354451458e-07,1.37787667405238
"Environment1",36,"GAUSSIAN",0.949021468773524,0.357131348409109,0.56755049922922,0.576751193954567,0.789273592134968,0.275543356625323,0.72348295289859,0.576751193954567,1.60091916534743,0.280308324482356,1.12129964016273e-08,1.37787667405238
"Environment2",36,"GLM",0.832343639583593,0.290760665672376,0.581722908929528,0.322034363014437,0.870892235064139,0.191999993927581,0.671704426348422,0.322034363014437,0.310373691572122,0.11804471503374,0.00855635671771881,0.275575334810476
"Environment2",36,"POISSON",0.897789246129618,0.278348589322699,0.571802222139313,0.259357016289068,0.800298173806078,0.261583918611327,0.700414145947783,0.357590138860105,0.368612981293292,0.109492936732252,0.000761159540523523,0.275575334810476
"Environment2",36,"MAE",0.786590487063576,0.207132332736298,0.563407794855285,0.504389427668863,0.85408281294141,0.193544911912892,0.707859424275258,0.504389427668863,0.315743045566551,0.168890252482144,0.0615510463065666,0.275575334810476
"Environment2",36,"MSE",0.918186762950418,0.344351689754887,0.536153160816233,0.590608111494533,0.776245897910797,0.310426022581438,0.730416471518411,0.590608111494533,0.419810148700217,0.126176463590057,0.000877338207515897,0.275575334810476
"Environment2",36,"GAUSSIAN",0.949021468773524,0.357131348409109,0.56755049922922,0.576751193954567,0.789273592134968,0.275543356625323,0.72348295289859,0.576751193954567,0.380937707391461,0.13846211882987,0.00593764284169059,0.275575334810476
"Environment3",36,"GLM",0.832343639583593,0.290760665672376,0.581722908929528,0.322034363014437,0.870892235064139,0.191999993927581,0.671704426348422,0.322034363014437,0.0202464899710276,0.116257872732042,0.861746352740319,0.068893833702619
"Environment3",36,"POISSON",0.897789246129618,0.278348589322699,0.571802222139313,0.259357016289068,0.800298173806078,0.261583918611327,0.700414145947783,0.357590138860105,0.0281424018805046,0.145937042691338,0.847084798804376,0.068893833702619
"Environment3",36,"MAE",0.786590487063576,0.207132332736298,0.563407794855285,0.504389427668863,0.85408281294141,0.193544911912892,0.707859424275258,0.504389427668863,0.0984000400380319,0.179691539550089,0.583962947081037,0.068893833702619
"Environment3",36,"MSE",0.918186762950418,0.344351689754887,0.536153160816233,0.590608111494533,0.776245897910797,0.310426022581438,0.730416471518411,0.590608111494533,0.0432772549372112,0.211786177715367,0.838084613598655,0.068893833702619
"Environment3",36,"GAUSSIAN",0.949021468773524,0.357131348409109,0.56755049922922,0.576751193954567,0.789273592134968,0.275543356625323,0.72348295289859,0.576751193954567,-0.00770643626200922,0.242192004919706,0.974615970201687,0.068893833702619
"Environment1",37,"GLM",1.07615668777688,0.178314054315145,0.506985071351361,0.22233967245259,0.755536994593248,0.187593281095977,0.598750096809501,0.22233967245259,1.1411389115525,0.189480869901647,1.71797310177968e-09,1.34715326212642
"Environment1",37,"POISSON",1.21447538053768,0.340421080217146,0.516670556904187,0.263890283581891,0.712598596259958,0.338805553884735,0.628449225289055,0.260974592877463,0.842846093857406,0.142358056155764,3.20755659361456e-09,1.34715326212642
"Environment1",37,"MAE",1.21411389015862,0.48751926851929,0.526356042457013,0.313100359542491,0.76014965008061,0.40062564632108,0.630841429987528,0.313100359542491,0.848427498619393,0.16292482566558,1.91424187527304e-07,1.34715326212642
"Environment1",37,"MSE",1.19816263150427,0.305456598380591,0.515334627862418,0.446143656664181,0.682576013215998,0.311634739925092,0.645885139280463,0.446143656664181,0.958011296834184,0.226794251070567,2.39851966238598e-05,1.34715326212642
"Environment1",37,"GAUSSIAN",1.22286489803897,0.299948827989812,0.513776043980354,0.447681102530516,0.681627975907145,0.310747102695112,0.65151365760418,0.447681102530516,0.968972816657297,0.223084604671462,1.40216633609667e-05,1.34715326212642
"Environment2",37,"GLM",1.07615668777688,0.178314054315145,0.506985071351361,0.22233967245259,0.755536994593248,0.187593281095977,0.598750096809501,0.22233967245259,0.236075233965282,0.108898266308493,0.0301700121482907,0.269430652425283
"Environment2",37,"POISSON",1.21447538053768,0.340421080217146,0.516670556904187,0.263890283581891,0.712598596259958,0.338805553884735,0.628449225289055,0.260974592877463,0.220213237525622,0.094984536645826,0.0204269702557401,0.269430652425283
"Environment2",37,"MAE",1.21411389015862,0.48751926851929,0.526356042457013,0.313100359542491,0.76014965008061,0.40062564632108,0.630841429987528,0.313100359542491,0.268011420341815,0.105205417056357,0.0108496019396938,0.269430652425283
"Environment2",37,"MSE",1.19816263150427,0.305456598380591,0.515334627862418,0.446143656664181,0.682576013215998,0.311634739925092,0.645885139280463,0.446143656664181,0.289746491673569,0.223576080927864,0.194987981132997,0.269430652425283
"Environment2",37,"GAUSSIAN",1.22286489803897,0.299948827989812,0.513776043980354,0.447681102530516,0.681627975907145,0.310747102695112,0.65151365760418,0.447681102530516,0.292291988624191,0.135975527653274,0.0315874539234444,0.269430652425283
"Environment3",37,"GLM",1.07615668777688,0.178314054315145,0.506985071351361,0.22233967245259,0.755536994593248,0.187593281095977,0.598750096809501,0.22233967245259,-0.0665213245729232,0.101452023190594,0.512022034439622,0.0673576631063208
"Environment3",37,"POISSON",1.21447538053768,0.340421080217146,0.516670556904187,0.263890283581891,0.712598596259958,0.338805553884735,0.628449225289055,0.260974592877463,-0.116237740983628,0.0935315678431585,0.213954514153358,0.0673576631063208
"Environment3",37,"MAE",1.21411389015862,0.48751926851929,0.526356042457013,0.313100359542491,0.76014965008061,0.40062564632108,0.630841429987528,0.313100359542491,-0.0748824882236685,0.155128452295051,0.629299679617073,0.0673576631063208
"Environment3",37,"MSE",1.19816263150427,0.305456598380591,0.515334627862418,0.446143656664181,0.682576013215998,0.311634739925092,0.645885139280463,0.446143656664181,-0.0610622476149411,0.159330019401235,0.701538979182397,0.0673576631063208
"Environment3",37,"GAUSSIAN",1.22286489803897,0.299948827989812,0.513776043980354,0.447681102530516,0.681627975907145,0.310747102695112,0.65151365760418,0.447681102530516,-0.0458931838798071,0.157469630916813,0.770713686518045,0.0673576631063208
"Environment1",38,"GLM",0.849011285878652,0.218656186677322,0.619585589686128,0.240658597622603,0.744317678722986,0.186486210818925,0.606482996546082,0.240658597622603,1.09315750519742,0.167374810223084,6.52470295350616e-11,1.28861921670125
"Environment1",38,"POISSON",0.794904940881897,0.360087563232202,0.615741104222706,0.245471827142237,0.697353120390702,0.253836752502843,0.641073889500457,0.273849514962545,0.95433090316219,0.195366283128456,1.03518607787915e-06,1.28861921670125
"Environment1",38,"MAE",0.781578517425002,0.302594325477874,0.645665747829885,0.441625432692722,0.735713494631906,0.221144649550709,0.62576976015484,0.441625432692722,1.03857090478586,0.250582729389984,3.40373451387355e-05,1.28861921670125
"Environment1",38,"MSE",0.758174569890574,0.407426843602543,0.654913293944603,0.552176942553513,0.658869088903242,0.298095259446268,0.687975342337756,0.552176942553513,0.891082478991302,0.215669139985538,3.60073528316957e-05,1.28861921670125
"Environment1",38,"GAUSSIAN",0.763790029330731,0.415014816675724,0.620728544823902,0.57411630945256,0.642527044196916,0.304514686783045,0.700709551643539,0.57411630945256,1.02881717133865,0.251708227783711,4.3634693405394e-05,1.28861921670125
"Environment2",38,"GLM",0.849011285878652,0.218656186677322,0.619585589686128,0.240658597622603,0.744317678722986,0.186486210818925,0.606482996546082,0.240658597622603,0.131654238985117,0.117607100428501,0.262951943275438,0.25772384334025
"Environment2",38,"POISSON",0.794904940881897,0.360087563232202,0.615741104222706,0.245471827142237,0.697353120390702,0.253836752502843,0.641073889500457,0.273849514962545,0.102845288078954,0.11187479249746,0.357944327225656,0.25772384334025
"Environment2",38,"MAE",0.781578517425002,0.302594325477874,0.645665747829885,0.441625432692722,0.735713494631906,0.221144649550709,0.62576976015484,0.441625432692722,0.132415082105573,0.150286578317299,0.378272419468364,0.25772384334025
"Environment2",38,"MSE",0.758174569890574,0.407426843602543,0.654913293944603,0.552176942553513,0.658869088903242,0.298095259446268,0.687975342337756,0.552176942553513,0.0535575085027813,0.179472262534246,0.765385194920504,0.25772384334025
"Environment2",38,"GAUSSIAN",0.763790029330731,0.415014816675724,0.620728544823902,0.57411630945256,0.642527044196916,0.304514686783045,0.700709551643539,0.57411630945256,0.105234057617909,0.280128689127234,0.707167252047941,0.25772384334025
"Environment3",38,"GLM",0.849011285878652,0.218656186677322,0.619585589686128,0.240658597622603,0.744317678722986,0.186486210818925,0.606482996546082,0.240658597622603,0.0234048533312384,0.114485476187537,0.838013479211451,0.0644309608350626
"Environment3",38,"POISSON",0.794904940881897,0.360087563232202,0.615741104222706,0.245471827142237,0.697353120390702,0.253836752502843,0.641073889500457,0.273849514962545,0.0197545059179072,0.130409918633045,0.879597017251675,0.0644309608350626
"Environment3",38,"MAE",0.781578517425002,0.302594325477874,0.645665747829885,0.441625432692722,0.735713494631906,0.221144649550709,0.62576976015484,0.441625432692722,0.0441737504271661,0.122368948563987,0.71810824407252,0.0644309608350626
"Environment3",38,"MSE",0.758174569890574,0.407426843602543,0.654913293944603,0.552176942553513,0.658869088903242,0.298095259446268,0.687975342337756,0.552176942553513,0.0679718581377756,0.223554013795419,0.761088911833333,0.0644309608350626
"Environment3",38,"GAUSSIAN",0.763790029330731,0.415014816675724,0.620728544823902,0.57411630945256,0.642527044196916,0.304514686783045,0.700709551643539,0.57411630945256,-0.00132201602876876,0.135342051389306,0.992206417783508,0.0644309608350626
"Environment1",39,"GLM",0.926514138749604,0.345729639427752,0.517988290067177,0.184051401966922,0.795388014754952,0.320910330124973,0.534370295096482,0.184051401966922,0.889958841436231,0.163154561069627,4.90561741810014e-08,1.41420936959818
"Environment1",39,"POISSON",0.95412182640831,0.431573957471852,0.49194236724796,0.133971087700585,0.734568269009881,0.421785760790095,0.586074160071669,0.244524541619745,0.69979650896661,0.177651777454002,8.17717369175255e-05,1.41420936959818
"Environment1",39,"MAE",0.981958032254528,0.518541497987088,0.459384963723939,0.26847770153308,0.797475515755611,0.510437297438567,0.574331423516012,0.26847770153308,0.686214860514357,0.226235529565203,0.00241984911331452,1.41420936959818
"Environment1",39,"MSE",1.00383407646382,0.440154114104901,0.408920988261706,0.444286684032148,0.6950706899802,0.428972580598641,0.629712428788402,0.444286684032148,0.869777787802159,0.220110074138038,7.76439549800326e-05,1.41420936959818
"Environment1",39,"GAUSSIAN",0.956941549647279,0.450690207203348,0.483477442331714,0.437097943775079,0.699551981721545,0.439331407396792,0.635750861520014,0.437097943775079,0.863354433215936,0.287324155266247,0.00265746985518123,1.41420936959818
"Environment2",39,"GLM",0.926514138749604,0.345729639427752,0.517988290067177,0.184051401966922,0.795388014754952,0.320910330124973,0.534370295096482,0.184051401966922,0.185179120599352,0.110210196425288,0.0929114411300122,0.282841873919635
"Environment2",39,"POISSON",0.95412182640831,0.431573957471852,0.49194236724796,0.133971087700585,0.734568269009881,0.421785760790095,0.586074160071669,0.244524541619745,0.196807463990071,0.16947207528578,0.245521015868605,0.282841873919635
"Environment2",39,"MAE",0.981958032254528,0.518541497987088,0.459384963723939,0.26847770153308,0.797475515755611,0.510437297438567,0.574331423516012,0.26847770153308,0.155763537078913,0.197151152252071,0.42948592264568,0.282841873919635
"Environment2",39,"MSE",1.00383407646382,0.440154114104901,0.408920988261706,0.444286684032148,0.6950706899802,0.428972580598641,0.629712428788402,0.444286684032148,0.169356161133716,0.219027476571064,0.439392905742135,0.282841873919635
"Environment2",39,"GAUSSIAN",0.956941549647279,0.450690207203348,0.483477442331714,0.437097943775079,0.699551981721545,0.439331407396792,0.635750861520014,0.437097943775079,0.114873644200543,0.118106806021013,0.330739662360823,0.282841873919635
"Environment3",39,"GLM",0.926514138749604,0.345729639427752,0.517988290067177,0.184051401966922,0.795388014754952,0.320910330124973,0.534370295096482,0.184051401966922,-0.126178745207796,0.110938115540542,0.255379647642437,0.0707104684799088
"Environment3",39,"POISSON",0.95412182640831,0.431573957471852,0.49194236724796,0.133971087700585,0.734568269009881,0.421785760790095,0.586074160071669,0.244524541619745,-0.0705730391981166,0.138845730920144,0.611254311848633,0.0707104684799088
"Environment3",39,"MAE",0.981958032254528,0.518541497987088,0.459384963723939,0.26847770153308,0.797475515755611,0.510437297438567,0.574331423516012,0.26847770153308,-0.0768475386012592,0.189384623700197,0.684907956769464,0.0707104684799088
"Environment3",39,"MSE",1.00383407646382,0.440154114104901,0.408920988261706,0.444286684032148,0.6950706899802,0.428972580598641,0.629712428788402,0.444286684032148,-0.0503364846028956,0.162033888826266,0.756063628953963,0.0707104684799088
"Environment3",39,"GAUSSIAN",0.956941549647279,0.450690207203348,0.483477442331714,0.437097943775079,0.699551981721545,0.439331407396792,0.635750861520014,0.437097943775079,-0.105100301872937,0.183517270790047,0.566847981780067,0.0707104684799088
"Environment1",40,"GLM",0.781734167485036,0.0923940193030173,0.568393200622741,0.252827873486395,0.816616233399497,0.168916133834002,0.622605016163991,0.252827873486395,1.45240560528517,0.218108476032127,2.755141448131e-11,1.44682079892534
"Environment1",40,"POISSON",0.839227614701887,0.387905747501062,0.516898274307524,0.0659927605182159,0.705130939802954,0.404725925088307,0.70255651403054,0.333279997898632,1.15303507613662,0.125842097064524,5.06830639966582e-20,1.44682079892534
"Environment1",40,"MAE",0.87870789979801,0.449120526590641,0.449093202008006,0.555597110037136,0.721642069995467,0.414162782226963,0.70243148699684,0.555597110037136,1.20664008373577,0.252753145329803,1.80614565025021e-06,1.44682079892534
"Environment1",40,"MSE",0.860661614495196,0.430721378094808,0.466018825199263,0.619902880289501,0.667391537717555,0.435896917530478,0.737703916333397,0.619902880289501,1.15297207293246,0.273607545888632,2.50928418683603e-05,1.44682079892534
"Environment1",40,"GAUSSIAN",0.871522093815369,0.453903911496565,0.522437569170118,0.639218336591956,0.650212979547913,0.443488525313952,0.74808280522311,0.639218336591956,1.1786362296201,0.191220927119306,7.10462055074018e-10,1.44682079892534
"Environment2",40,"GLM",0.781734167485036,0.0923940193030173,0.568393200622741,0.252827873486395,0.816616233399497,0.168916133834002,0.622605016163991,0.252827873486395,0.0915325543180082,0.114232413812554,0.42296751058571,0.289364159785068
"Environment2",40,"POISSON",0.839227614701887,0.387905747501062,0.516898274307524,0.0659927605182159,0.705130939802954,0.404725925088307,0.70255651403054,0.333279997898632,0.0530815687836639,0.120839538619488,0.660463602902455,0.289364159785068
"Environment2",40,"MAE",0.87870789979801,0.449120526590641,0.449093202008006,0.555597110037136,0.721642069995467,0.414162782226963,0.70243148699684,0.555597110037136,0.128644791340958,0.145319380800838,0.376018806886111,0.289364159785068
"Environment2",40,"MSE",0.860661614495196,0.430721378094808,0.466018825199263,0.619902880289501,0.667391537717555,0.435896917530478,0.737703916333397,0.619902880289501,-0.00787717020890341,0.169711225754797,0.962979369985122,0.289364159785068
"Environment2",40,"GAUSSIAN",0.871522093815369,0.453903911496565,0.522437569170118,0.639218336591956,0.650212979547913,0.443488525313952,0.74808280522311,0.639218336591956,0.0227621516036152,0.203800403106138,0.911070435758032,0.289364159785068
"Environment3",40,"GLM",0.781734167485036,0.0923940193030173,0.568393200622741,0.252827873486395,0.816616233399497,0.168916133834002,0.622605016163991,0.252827873486395,0.0531069153944965,0.124863067283336,0.670602507396973,0.072341039946267
"Environment3",40,"POISSON",0.839227614701887,0.387905747501062,0.516898274307524,0.0659927605182159,0.705130939802954,0.404725925088307,0.70255651403054,0.333279997898632,0.10249555478654,0.0923206919204162,0.266907614057665,0.072341039946267
"Environment3",40,"MAE",0.87870789979801,0.449120526590641,0.449093202008006,0.555597110037136,0.721642069995467,0.414162782226963,0.70243148699684,0.555597110037136,0.158500884788522,0.192438847441023,0.410142509042162,0.072341039946267
"Environment3",40,"MSE",0.860661614495196,0.430721378094808,0.466018825199263,0.619902880289501,0.667391537717555,0.435896917530478,0.737703916333397,0.619902880289501,0.100589919716494,0.286135914880333,0.725178812362355,0.072341039946267
"Environment3",40,"GAUSSIAN",0.871522093815369,0.453903911496565,0.522437569170118,0.639218336591956,0.650212979547913,0.443488525313952,0.74808280522311,0.639218336591956,0.109226415395151,0.141535975706202,0.440279143167631,0.072341039946267
"Environment1",41,"GLM",0.80159741993601,0.170089490006745,0.743996321686867,0.283950383333753,0.671629231506269,0.0692759704149487,0.68226292284342,0.283950383333753,1.48583180881873,0.231432266564225,1.36132625415741e-10,1.34301582052575
"Environment1",41,"POISSON",0.74818025311323,0.376866255609666,0.763391012147395,0.28381532275479,0.603590109327534,0.216902104600713,0.725817038835344,0.332120280158692,1.34210629628433,0.242443923386637,3.0991869187131e-08,1.34301582052575
"Environment1",41,"MAE",0.766625643753013,0.400071916975675,0.776387454208574,0.560334262565424,0.633602874087609,0.244130900345967,0.700183351188213,0.560334262565424,1.16851452686073,0.217290707420228,7.54621095482573e-08,1.34301582052575
"Environment1",41,"MSE",0.753578883151396,0.408710325501899,0.762291313203757,0.619280515956427,0.589601227112395,0.250759912878124,0.741817421286052,0.619280515956427,1.3401550756359,0.202793291688414,3.88290334443158e-11,1.34301582052575
"Environment1",41,"GAUSSIAN",0.792579189319582,0.451929238669185,0.745795829049184,0.668381239905341,0.550269412609513,0.293127785875186,0.780788895441189,0.668381239905341,1.43337781828484,0.350305724224593,4.28054313556542e-05,1.34301582052575
"Environment2",41,"GLM",0.80159741993601,0.170089490006745,0.743996321686867,0.283950383333753,0.671629231506269,0.0692759704149487,0.68226292284342,0.283950383333753,0.283567758521837,0.122520819613504,0.0206432979869352,0.26860316410515
"Environment2",41,"POISSON",0.74818025311323,0.376866255609666,0.763391012147395,0.28381532275479,0.603590109327534,0.216902104600713,0.725817038835344,0.332120280158692,0.278110504757951,0.13790998828777,0.043736347310925,0.26860316410515
"Environment2",41,"MAE",0.766625643753013,0.400071916975675,0.776387454208574,0.560334262565424,0.633602874087609,0.244130900345967,0.700183351188213,0.560334262565424,0.329814435317581,0.130198194357952,0.0113035435741736,0.26860316410515
"Environment2",41,"MSE",0.753578883151396,0.408710325501899,0.762291313203757,0.619280515956427,0.589601227112395,0.250759912878124,0.741817421286052,0.619280515956427,0.299966304082018,0.150570086388034,0.0463486972464955,0.26860316410515
"Environment2",41,"GAUSSIAN",0.792579189319582,0.451929238669185,0.745795829049184,0.668381239905341,0.550269412609513,0.293127785875186,0.780788895441189,0.668381239905341,0.30535329065488,0.147295543406531,0.038166196018365,0.26860316410515
"Environment3",41,"GLM",0.80159741993601,0.170089490006745,0.743996321686867,0.283950383333753,0.671629231506269,0.0692759704149487,0.68226292284342,0.283950383333753,-0.00282298725170836,0.115170365225577,0.980444688058917,0.0671507910262876
"Environment3",41,"POISSON",0.74818025311323,0.376866255609666,0.763391012147395,0.28381532275479,0.603590109327534,0.216902104600713,0.725817038835344,0.332120280158692,0.0735443327085886,0.145980493069104,0.614405007389333,0.0671507910262876
"Environment3",41,"MAE",0.766625643753013,0.400071916975675,0.776387454208574,0.560334262565424,0.633602874087609,0.244130900345967,0.700183351188213,0.560334262565424,0.00820074837720182,0.187562053783193,0.965125321421058,0.0671507910262876
"Environment3",41,"MSE",0.753578883151396,0.408710325501899,0.762291313203757,0.619280515956427,0.589601227112395,0.250759912878124,0.741817421286052,0.619280515956427,0.0262674959111825,0.108556254069324,0.808802416119799,0.0671507910262876
"Environment3",41,"GAUSSIAN",0.792579189319582,0.451929238669185,0.745795829049184,0.668381239905341,0.550269412609513,0.293127785875186,0.780788895441189,0.668381239905341,0.156019193369157,0.209304969850329,0.456020505441191,0.0671507910262876
"Environment1",42,"GLM",0.86841090860041,0.139012983411838,0.326749432410322,0.333614420100061,0.779878127511476,0.188731297080057,0.617089283846369,0.333614420100061,1.4875147617991,0.217201963236824,7.46112476821685e-12,1.37618250366937
"Environment1",42,"POISSON",0.82206391556403,0.247690828780426,0.313497103062077,0.0610590573043293,0.705709223325682,0.335276600937533,0.650274471889729,0.370850205501921,1.29784251059813,0.310251200892985,2.87435588438763e-05,1.37618250366937
"Environment1",42,"MAE",0.854678204400866,0.305496461362869,0.309680432209783,0.558853966270489,0.746461888905017,0.314053201030291,0.642154396317959,0.558853966270489,1.23058217511166,0.353947049647948,0.000507548089661313,1.37618250366937
"Environment1",42,"MSE",0.786100243148395,0.309737792920924,0.383363383386023,0.650896033558748,0.664039389447205,0.364625892183299,0.687402506121562,0.650896033558748,1.29815967158649,0.288947181155156,7.03181943689835e-06,1.37618250366937
"Environment1",42,"GAUSSIAN",0.783092183028766,0.310476390803303,0.372867538542213,0.678404027670616,0.637340843039173,0.36915116500961,0.705797246485661,0.678404027670616,1.39925710946442,0.277462352250176,4.58164339581588e-07,1.37618250366937
"Environment2",42,"GLM",0.86841090860041,0.139012983411838,0.326749432410322,0.333614420100061,0.779878127511476,0.188731297080057,0.617089283846369,0.333614420100061,0.134495060175085,0.114917085362557,0.2418536747925,0.275236500733875
"Environment2",42,"POISSON",0.82206391556403,0.247690828780426,0.313497103062077,0.0610590573043293,0.705709223325682,0.335276600937533,0.650274471889729,0.370850205501921,0.116640856439503,0.104489783643251,0.264298201478591,0.275236500733875
"Environment2",42,"MAE",0.854678204400866,0.305496461362869,0.309680432209783,0.558853966270489,0.746461888905017,0.314053201030291,0.642154396317959,0.558853966270489,0.163448969232817,0.142383134758406,0.250988481457135,0.275236500733875
"Environment2",42,"MSE",0.786100243148395,0.309737792920924,0.383363383386023,0.650896033558748,0.664039389447205,0.364625892183299,0.687402506121562,0.650896033558748,0.123713838442154,0.16372591093212,0.449879751243412,0.275236500733875
"Environment2",42,"GAUSSIAN",0.783092183028766,0.310476390803303,0.372867538542213,0.678404027670616,0.637340843039173,0.36915116500961,0.705797246485661,0.678404027670616,0.169483908991197,0.167870089853485,0.312680499101144,0.275236500733875
"Environment3",42,"GLM",0.86841090860041,0.139012983411838,0.326749432410322,0.333614420100061,0.779878127511476,0.188731297080057,0.617089283846369,0.333614420100061,-0.0880552652316032,0.105843647686841,0.405444407098684,0.0688091251834687
"Environment3",42,"POISSON",0.82206391556403,0.247690828780426,0.313497103062077,0.0610590573043293,0.705709223325682,0.335276600937533,0.650274471889729,0.370850205501921,-0.0829005028680058,0.096878929953578,0.392156872772425,0.0688091251834687
"Environment3",42,"MAE",0.854678204400866,0.305496461362869,0.309680432209783,0.558853966270489,0.746461888905017,0.314053201030291,0.642154396317959,0.558853966270489,-0.0413779116910677,0.208030419629308,0.842338483103294,0.0688091251834687
"Environment3",42,"MSE",0.786100243148395,0.309737792920924,0.383363383386023,0.650896033558748,0.664039389447205,0.364625892183299,0.687402506121562,0.650896033558748,-0.0321697383091223,0.115110821922772,0.779886044808861,0.0688091251834687
"Environment3",42,"GAUSSIAN",0.783092183028766,0.310476390803303,0.372867538542213,0.678404027670616,0.637340843039173,0.36915116500961,0.705797246485661,0.678404027670616,-0.0315807212364575,0.155927784872078,0.839499064129318,0.0688091251834687
"Environment1",43,"GLM",0.761593937314946,0.198095330005402,0.559216777409147,0.346270475659444,0.823792612711211,0.256622371307956,0.719478894091274,0.346270475659444,1.79964206929283,0.244182453776513,1.70536936357035e-13,1.54546319043337
"Environment1",43,"POISSON",0.755936262727304,0.25918246379318,0.556826962121074,0.135790504693189,0.761823305211521,0.305863902972123,0.746326866697739,0.381065035491589,1.50730580097879,0.288952651289623,1.82389058632585e-07,1.54546319043337
"Environment1",43,"MAE",0.814418108791357,0.247598698972128,0.570126803724264,0.562601887545351,0.827320797838695,0.299028623089329,0.737593957291725,0.562601887545351,1.60322274130737,0.316362180258144,4.02690646890538e-07,1.54546319043337
"Environment1",43,"MSE",0.810125545140614,0.366540454892394,0.618338729535829,0.675291253304435,0.712824279073664,0.365325304229981,0.779562619105681,0.675291253304435,1.61984419361963,0.233094741936676,3.67115391472983e-12,1.54546319043337
"Environment1",43,"GAUSSIAN",0.832982557873113,0.440789945766857,0.63163857113902,0.70470960321476,0.679767115889261,0.487314382346081,0.787399342302987,0.70470960321476,1.74476878461594,0.338387051029804,2.52101291232638e-07,1.54546319043337
"Environment2",43,"GLM",0.761593937314946,0.198095330005402,0.559216777409147,0.346270475659444,0.823792612711211,0.256622371307956,0.719478894091274,0.346270475659444,0.24871632121736,0.126522874174563,0.049323859496582,0.309092638086674
"Environment2",43,"POISSON",0.755936262727304,0.25918246379318,0.556826962121074,0.135790504693189,0.761823305211521,0.305863902972123,0.746326866697739,0.381065035491589,0.193606237914773,0.134203103788657,0.149123017564775,0.309092638086674
"Environment2",43,"MAE",0.814418108791357,0.247598698972128,0.570126803724264,0.562601887545351,0.827320797838695,0.299028623089329,0.737593957291725,0.562601887545351,0.252714276357147,0.0997878235395228,0.0113247147435475,0.309092638086674
"Environment2",43,"MSE",0.810125545140614,0.366540454892394,0.618338729535829,0.675291253304435,0.712824279073664,0.365325304229981,0.779562619105681,0.675291253304435,0.254794229697327,0.172669101325534,0.140045543470057,0.309092638086674
"Environment2",43,"GAUSSIAN",0.832982557873113,0.440789945766857,0.63163857113902,0.70470960321476,0.679767115889261,0.487314382346081,0.787399342302987,0.70470960321476,0.194486334280514,0.263151580776555,0.459867041120548,0.309092638086674
"Environment3",43,"GLM",0.761593937314946,0.198095330005402,0.559216777409147,0.346270475659444,0.823792612711211,0.256622371307956,0.719478894091274,0.346270475659444,-0.221342154173876,0.138849502102344,0.110910150611647,0.0772731595216686
"Environment3",43,"POISSON",0.755936262727304,0.25918246379318,0.556826962121074,0.135790504693189,0.761823305211521,0.305863902972123,0.746326866697739,0.381065035491589,-0.239326678316153,0.120076465204974,0.0462484233465732,0.0772731595216686
"Environment3",43,"MAE",0.814418108791357,0.247598698972128,0.570126803724264,0.562601887545351,0.827320797838695,0.299028623089329,0.737593957291725,0.562601887545351,-0.126976534693822,0.119150366071162,0.286566907570813,0.0772731595216686
"Environment3",43,"MSE",0.810125545140614,0.366540454892394,0.618338729535829,0.675291253304435,0.712824279073664,0.365325304229981,0.779562619105681,0.675291253304435,-0.135285273823924,0.189198290797031,0.474581296385295,0.0772731595216686
"Environment3",43,"GAUSSIAN",0.832982557873113,0.440789945766857,0.63163857113902,0.70470960321476,0.679767115889261,0.487314382346081,0.787399342302987,0.70470960321476,-0.180295096805239,0.225647372448842,0.424283098093899,0.0772731595216686
"Environment1",44,"GLM",0.784497215182788,0.170416672134746,0.691736266154736,0.325150785138001,0.821336017301495,0.160829151357858,0.603370834245351,0.325150785138001,1.63761451958815,0.234691887057775,3.00006577919682e-12,1.32637652019416
"Environment1",44,"POISSON",0.760459417510783,0.421677638564729,0.717882508335303,0.419947360613143,0.723685949028465,0.256250685680673,0.661420954616496,0.384866669320619,1.47896340894396,0.379313821379019,9.65709872702339e-05,1.32637652019416
"Environment1",44,"MAE",0.794331578564274,0.261717921453092,0.681538146798001,0.542009816566087,0.813937058059208,0.289409263955694,0.638686627071604,0.542009816566087,1.33301137475862,0.278850350448656,1.74961869823989e-06,1.32637652019416
"Environment1",44,"MSE",0.779565312882626,0.462550526021204,0.691302303628918,0.673639802181679,0.687086366631836,0.324330539720244,0.693138373013653,0.673639802181679,1.46032834528191,0.408479563605991,0.000350182329268318,1.32637652019416
"Environment1",44,"GAUSSIAN",0.789689371914002,0.651317846175782,0.709745710976205,0.712216784233213,0.645201647956495,0.482718402225956,0.714869060665423,0.712216784233213,1.77085579768144,0.398827317244353,8.98933849692734e-06,1.32637652019416
"Environment2",44,"GLM",0.784497215182788,0.170416672134746,0.691736266154736,0.325150785138001,0.821336017301495,0.160829151357858,0.603370834245351,0.325150785138001,0.296159877145021,0.122447727364216,0.0155776332633053,0.265275304038832
"Environment2",44,"POISSON",0.760459417510783,0.421677638564729,0.717882508335303,0.419947360613143,0.723685949028465,0.256250685680673,0.661420954616496,0.384866669320619,0.323703930319438,0.152153379313827,0.0333798618997105,0.265275304038832
"Environment2",44,"MAE",0.794331578564274,0.261717921453092,0.681538146798001,0.542009816566087,0.813937058059208,0.289409263955694,0.638686627071604,0.542009816566087,0.247623250831466,0.178041417307852,0.164280550279394,0.265275304038832
"Environment2",44,"MSE",0.779565312882626,0.462550526021204,0.691302303628918,0.673639802181679,0.687086366631836,0.324330539720244,0.693138373013653,0.673639802181679,0.357307425556237,0.268682354687765,0.183567457532415,0.265275304038832
"Environment2",44,"GAUSSIAN",0.789689371914002,0.651317846175782,0.709745710976205,0.712216784233213,0.645201647956495,0.482718402225956,0.714869060665423,0.712216784233213,0.295335261180228,0.245806577474423,0.229559422479786,0.265275304038832
"Environment3",44,"GLM",0.784497215182788,0.170416672134746,0.691736266154736,0.325150785138001,0.821336017301495,0.160829151357858,0.603370834245351,0.325150785138001,0.0019220156631527,0.120525635570048,0.987276718182245,0.066318826009708
"Environment3",44,"POISSON",0.760459417510783,0.421677638564729,0.717882508335303,0.419947360613143,0.723685949028465,0.256250685680673,0.661420954616496,0.384866669320619,0.132907633253848,0.140118436887138,0.342855741139026,0.066318826009708
"Environment3",44,"MAE",0.794331578564274,0.261717921453092,0.681538146798001,0.542009816566087,0.813937058059208,0.289409263955694,0.638686627071604,0.542009816566087,0.0530719403222004,0.115125383209482,0.644803972881888,0.066318826009708
"Environment3",44,"MSE",0.779565312882626,0.462550526021204,0.691302303628918,0.673639802181679,0.687086366631836,0.324330539720244,0.693138373013653,0.673639802181679,0.0929554073652525,0.144388748242341,0.519714425889236,0.066318826009708
"Environment3",44,"GAUSSIAN",0.789689371914002,0.651317846175782,0.709745710976205,0.712216784233213,0.645201647956495,0.482718402225956,0.714869060665423,0.712216784233213,0.242721419262149,0.250861746819088,0.333268887535928,0.066318826009708
"Environment1",45,"GLM",0.823911995793482,0.174301186570225,0.582351184662477,0.29557484557436,0.808671612605543,0.158137955584841,0.555132438909597,0.29557484557436,1.23015970103975,0.199170675495231,6.55756680745167e-10,1.33317437881075
"Environment1",45,"POISSON",0.851054163620268,0.321245283677711,0.505945681933883,0.218705438797203,0.739629712567528,0.271062474331505,0.629825186961356,0.365975343395677,1.30475038083716,0.395911319145725,0.000982249540217532,1.33317437881075
"Environment1",45,"MAE",0.875635688371853,0.415413828328933,0.55602659968876,0.473703881402493,0.81300336592718,0.399308950450439,0.612717458859652,0.473703881402493,1.05477782038894,0.375076762790035,0.00492092221901553,1.33317437881075
"Environment1",45,"MSE",0.865036281727188,0.29526196898036,0.574646428084804,0.615459963931645,0.694941170498943,0.319752943312715,0.655634199011384,0.615459963931645,1.26782487624434,0.321819129749281,8.16321310161313e-05,1.33317437881075
"Environment1",45,"GAUSSIAN",0.871079360638669,0.390186409608375,0.56822579760341,0.647647988757005,0.665220520105972,0.367639336500594,0.682812110109353,0.647647988757005,1.43131185370694,0.39520814367519,0.000292712008418819,1.33317437881075
"Environment2",45,"GLM",0.823911995793482,0.174301186570225,0.582351184662477,0.29557484557436,0.808671612605543,0.158137955584841,0.555132438909597,0.29557484557436,0.30047674476319,0.116868155470608,0.0101383488619916,0.26663487576215
"Environment2",45,"POISSON",0.851054163620268,0.321245283677711,0.505945681933883,0.218705438797203,0.739629712567528,0.271062474331505,0.629825186961356,0.365975343395677,0.302466915799469,0.144099267360326,0.0358153386027839,0.26663487576215
"Environment2",45,"MAE",0.875635688371853,0.415413828328933,0.55602659968876,0.473703881402493,0.81300336592718,0.399308950450439,0.612717458859652,0.473703881402493,0.239152963281001,0.138396852850863,0.0839840770541917,0.26663487576215
"Environment2",45,"MSE",0.865036281727188,0.29526196898036,0.574646428084804,0.615459963931645,0.694941170498943,0.319752943312715,0.655634199011384,0.615459963931645,0.323457228507186,0.163075334784692,0.0473134533187315,0.26663487576215
"Environment2",45,"GAUSSIAN",0.871079360638669,0.390186409608375,0.56822579760341,0.647647988757005,0.665220520105972,0.367639336500594,0.682812110109353,0.647647988757005,0.365890487632169,0.199771015337743,0.0670185781396313,0.26663487576215
"Environment3",45,"GLM",0.823911995793482,0.174301186570225,0.582351184662477,0.29557484557436,0.808671612605543,0.158137955584841,0.555132438909597,0.29557484557436,0.196113043037917,0.106047238156999,0.0644146615625186,0.0666587189405376
"Environment3",45,"POISSON",0.851054163620268,0.321245283677711,0.505945681933883,0.218705438797203,0.739629712567528,0.271062474331505,0.629825186961356,0.365975343395677,0.194587675147523,0.134051296310116,0.146615321439015,0.0666587189405376
"Environment3",45,"MAE",0.875635688371853,0.415413828328933,0.55602659968876,0.473703881402493,0.81300336592718,0.399308950450439,0.612717458859652,0.473703881402493,0.325466550273525,0.202851056275821,0.108612537737159,0.0666587189405376
"Environment3",45,"MSE",0.865036281727188,0.29526196898036,0.574646428084804,0.615459963931645,0.694941170498943,0.319752943312715,0.655634199011384,0.615459963931645,0.300923206697171,0.245659160346728,0.220589430477153,0.0666587189405376
"Environment3",45,"GAUSSIAN",0.871079360638669,0.390186409608375,0.56822579760341,0.647647988757005,0.665220520105972,0.367639336500594,0.682812110109353,0.647647988757005,0.378278595223492,0.31881810314478,0.235423767720261,0.0666587189405376
"Environment1",46,"GLM",0.695496713556117,0.122212567489521,0.459201219733565,0.249865973796932,0.895454184367809,0.144187382858041,0.612033737654889,0.249865973796932,1.52211139760557,0.22363102861763,1.00104924593054e-11,1.63026107605924
"Environment1",46,"POISSON",0.709527284146342,0.281347351930082,0.478343667548133,0.217838272947793,0.832982003127352,0.319660141699021,0.658287194537467,0.291432260762761,1.35912399431341,0.272696991954319,6.22804969712184e-07,1.63026107605924
"Environment1",46,"MAE",0.7099301771798,0.236485917705933,0.496942295822515,0.449919232162083,0.873130045666377,0.271175034797644,0.63943719368689,0.449919232162083,1.4228640940513,0.412489298366087,0.000561715202165287,1.63026107605924
"Environment1",46,"MSE",0.679782691689235,0.34817041789268,0.480301417892805,0.542742625245624,0.796060475848061,0.340558744190957,0.702476806363012,0.542742625245624,1.43536437715099,0.340466289722177,2.48808131770442e-05,1.63026107605924
"Environment1",46,"GAUSSIAN",0.658224664143618,0.255331473694292,0.468881207548886,0.535003904938916,0.802768560413746,0.266040500659789,0.684224575391591,0.535003904938916,1.52090675908519,0.352075790209252,1.56151055024005e-05,1.63026107605924
"Environment2",46,"GLM",0.695496713556117,0.122212567489521,0.459201219733565,0.249865973796932,0.895454184367809,0.144187382858041,0.612033737654889,0.249865973796932,0.171928452848711,0.122303341813268,0.159797086509746,0.326052215211847
"Environment2",46,"POISSON",0.709527284146342,0.281347351930082,0.478343667548133,0.217838272947793,0.832982003127352,0.319660141699021,0.658287194537467,0.291432260762761,0.2000563746847,0.116338170285479,0.0855032107372603,0.326052215211847
"Environment2",46,"MAE",0.7099301771798,0.236485917705933,0.496942295822515,0.449919232162083,0.873130045666377,0.271175034797644,0.63943719368689,0.449919232162083,0.225948395930005,0.182003737916486,0.214439851226651,0.326052215211847
"Environment2",46,"MSE",0.679782691689235,0.34817041789268,0.480301417892805,0.542742625245624,0.796060475848061,0.340558744190957,0.702476806363012,0.542742625245624,0.193887562493846,0.198373528476645,0.328377959136427,0.326052215211847
"Environment2",46,"GAUSSIAN",0.658224664143618,0.255331473694292,0.468881207548886,0.535003904938916,0.802768560413746,0.266040500659789,0.684224575391591,0.535003904938916,0.270876723281338,0.164818483482622,0.100282603828275,0.326052215211847
"Environment3",46,"GLM",0.695496713556117,0.122212567489521,0.459201219733565,0.249865973796932,0.895454184367809,0.144187382858041,0.612033737654889,0.249865973796932,0.127576717447127,0.121965656065343,0.295558605151715,0.0815130538029619
"Environment3",46,"POISSON",0.709527284146342,0.281347351930082,0.478343667548133,0.217838272947793,0.832982003127352,0.319660141699021,0.658287194537467,0.291432260762761,0.0117386426241005,0.183862052370918,0.949093776903409,0.0815130538029619
"Environment3",46,"MAE",0.7099301771798,0.236485917705933,0.496942295822515,0.449919232162083,0.873130045666377,0.271175034797644,0.63943719368689,0.449919232162083,0.027034583592485,0.148221674581499,0.855274383976805,0.0815130538029619
"Environment3",46,"MSE",0.679782691689235,0.34817041789268,0.480301417892805,0.542742625245624,0.796060475848061,0.340558744190957,0.702476806363012,0.542742625245624,-0.0333790034893332,0.176831129127271,0.850279329850481,0.0815130538029619
"Environment3",46,"GAUSSIAN",0.658224664143618,0.255331473694292,0.468881207548886,0.535003904938916,0.802768560413746,0.266040500659789,0.684224575391591,0.535003904938916,0.0361902025135532,0.176417048419503,0.837462704699165,0.0815130538029619
"Environment1",47,"GLM",0.943817578998598,0.120016299452234,0.514399791861229,0.347830541953085,0.697070325021239,0.112785865308333,0.651772538016845,0.347830541953085,1.43367943413263,0.217679127369793,4.51209652283382e-11,1.37749551571631
"Environment1",47,"POISSON",0.940579361566616,0.153976334922751,0.49397122284975,0.17108242826334,0.642156022955354,0.191492659369,0.675541161709234,0.380136945165129,1.23811111771429,0.268653486681738,4.05428144543405e-06,1.37749551571631
"Environment1",47,"MAE",0.991077612413971,0.254153691096373,0.490601561981877,0.548019919567418,0.689716633593313,0.233801890235936,0.676256854446544,0.548019919567418,1.13740589538233,0.295275921759139,0.000117152088444418,1.37749551571631
"Environment1",47,"MSE",1.00567432754721,0.268343599816613,0.42341894842866,0.656379525330137,0.601382199262691,0.247192713292137,0.700590407515115,0.656379525330137,1.26273178522408,0.244291531369332,2.35407326018562e-07,1.37749551571631
"Environment1",47,"GAUSSIAN",1.02138348950916,0.286069022587614,0.468277558732218,0.694233238134966,0.567291386205492,0.276847806181342,0.714672052026952,0.694233238134966,1.38822899963303,0.326697252376546,2.14456081796802e-05,1.37749551571631
"Environment2",47,"GLM",0.943817578998598,0.120016299452234,0.514399791861229,0.347830541953085,0.697070325021239,0.112785865308333,0.651772538016845,0.347830541953085,0.289953514456513,0.127628842927847,0.0230956059691358,0.275499103143261
"Environment2",47,"POISSON",0.940579361566616,0.153976334922751,0.49397122284975,0.17108242826334,0.642156022955354,0.191492659369,0.675541161709234,0.380136945165129,0.259872605905432,0.13447646653799,0.0533007248856035,0.275499103143261
"Environment2",47,"MAE",0.991077612413971,0.254153691096373,0.490601561981877,0.548019919567418,0.689716633593313,0.233801890235936,0.676256854446544,0.548019919567418,0.340583876213108,0.215062942403763,0.113273973898854,0.275499103143261
"Environment2",47,"MSE",1.00567432754721,0.268343599816613,0.42341894842866,0.656379525330137,0.601382199262691,0.247192713292137,0.700590407515115,0.656379525330137,0.297439650745714,0.0925720363312858,0.00131328141434593,0.275499103143261
"Environment2",47,"GAUSSIAN",1.02138348950916,0.286069022587614,0.468277558732218,0.694233238134966,0.567291386205492,0.276847806181342,0.714672052026952,0.694233238134966,0.301372054455673,0.162301670260881,0.0633305705452337,0.275499103143261
"Environment3",47,"GLM",0.943817578998598,0.120016299452234,0.514399791861229,0.347830541953085,0.697070325021239,0.112785865308333,0.651772538016845,0.347830541953085,0.116603281796413,0.110685110566455,0.292126305691556,0.0688747757858153
"Environment3",47,"POISSON",0.940579361566616,0.153976334922751,0.49397122284975,0.17108242826334,0.642156022955354,0.191492659369,0.675541161709234,0.380136945165129,0.130062202904759,0.124855468707349,0.297549818963359,0.0688747757858153
"Environment3",47,"MAE",0.991077612413971,0.254153691096373,0.490601561981877,0.548019919567418,0.689716633593313,0.233801890235936,0.676256854446544,0.548019919567418,0.120917378982461,0.131570639218096,0.358079823485791,0.0688747757858153
"Environment3",47,"MSE",1.00567432754721,0.268343599816613,0.42341894842866,0.656379525330137,0.601382199262691,0.247192713292137,0.700590407515115,0.656379525330137,0.0809709687997474,0.166922925739159,0.627619615553671,0.0688747757858153
"Environment3",47,"GAUSSIAN",1.02138348950916,0.286069022587614,0.468277558732218,0.694233238134966,0.567291386205492,0.276847806181342,0.714672052026952,0.694233238134966,-0.012347329193432,0.177753597887454,0.944620944289581,0.0688747757858153
"Environment1",48,"GLM",0.860323844367246,0.162648709808766,0.618007984321521,0.330312123614651,0.733693831186533,0.145759765913542,0.682343159264835,0.330312123614651,1.61688909568264,0.231512953450114,2.86868862708591e-12,1.45965924973772
"Environment1",48,"POISSON",0.883119052620026,0.175432504969165,0.60233725289708,0.199776251654999,0.653144903191133,0.234121511170236,0.72966735424265,0.382849414097215,1.24743457262186,0.244122490250352,3.22377879408616e-07,1.45965924973772
"Environment1",48,"MAE",0.924211281414928,0.263073124863708,0.61977223885275,0.602315443798641,0.692204992766399,0.319468405707899,0.733415090788575,0.602315443798641,1.04396472338832,0.232187573550773,6.91745308317451e-06,1.45965924973772
"Environment1",48,"MSE",0.910635703065898,0.206729301498026,0.585628724689563,0.695322042169561,0.605878975749092,0.282217445904275,0.757969226779122,0.695322042169561,1.15434602545287,0.187903221032983,8.08239685754132e-10,1.45965924973772
"Environment1",48,"GAUSSIAN",0.929483444272171,0.281887642911777,0.603790168393386,0.744089671481944,0.555276471566576,0.35938721923615,0.786266064291125,0.744089671481944,1.13851535279747,0.271936686671356,2.83048578909838e-05,1.45965924973772
"Environment2",48,"GLM",0.860323844367246,0.162648709808766,0.618007984321521,0.330312123614651,0.733693831186533,0.145759765913542,0.682343159264835,0.330312123614651,0.120626778609014,0.1252713750306,0.335585804335042,0.291931849947544
"Environment2",48,"POISSON",0.883119052620026,0.175432504969165,0.60233725289708,0.199776251654999,0.653144903191133,0.234121511170236,0.72966735424265,0.382849414097215,0.142319296215816,0.116692791098624,0.222614049679134,0.291931849947544
"Environment2",48,"MAE",0.924211281414928,0.263073124863708,0.61977223885275,0.602315443798641,0.692204992766399,0.319468405707899,0.733415090788575,0.602315443798641,0.212298204561182,0.168480297063045,0.207641463799936,0.291931849947544
"Environment2",48,"MSE",0.910635703065898,0.206729301498026,0.585628724689563,0.695322042169561,0.605878975749092,0.282217445904275,0.757969226779122,0.695322042169561,0.150017545192578,0.152268244562563,0.324516582157224,0.291931849947544
"Environment2",48,"GAUSSIAN",0.929483444272171,0.281887642911777,0.603790168393386,0.744089671481944,0.555276471566576,0.35938721923615,0.786266064291125,0.744089671481944,0.156867276338805,0.192497992779436,0.415127584447341,0.291931849947544
"Environment3",48,"GLM",0.860323844367246,0.162648709808766,0.618007984321521,0.330312123614651,0.733693831186533,0.145759765913542,0.682343159264835,0.330312123614651,0.0470006769486914,0.112493960966301,0.676088800602775,0.0729829624868859
"Environment3",48,"POISSON",0.883119052620026,0.175432504969165,0.60233725289708,0.199776251654999,0.653144903191133,0.234121511170236,0.72966735424265,0.382849414097215,0.102139588530994,0.127389251607451,0.422673715308027,0.0729829624868859
"Environment3",48,"MAE",0.924211281414928,0.263073124863708,0.61977223885275,0.602315443798641,0.692204992766399,0.319468405707899,0.733415090788575,0.602315443798641,0.10986158595886,0.142384391935892,0.440360573672786,0.0729829624868859
"Environment3",48,"MSE",0.910635703065898,0.206729301498026,0.585628724689563,0.695322042169561,0.605878975749092,0.282217445904275,0.757969226779122,0.695322042169561,0.179592998606668,0.151188222527861,0.234881907837222,0.0729829624868859
"Environment3",48,"GAUSSIAN",0.929483444272171,0.281887642911777,0.603790168393386,0.744089671481944,0.555276471566576,0.35938721923615,0.786266064291125,0.744089671481944,0.271562063324591,0.19462993336105,0.162933263927503,0.0729829624868859
"Environment1",49,"GLM",0.82844977687774,0.194757367219562,0.61032772210386,0.265390723638087,0.706761368252818,0.265264688372618,0.623794252751389,0.265390723638087,1.02223292999549,0.175342890886314,5.54579280330253e-09,1.44463792460259
"Environment1",49,"POISSON",0.898092451726049,0.300791706142922,0.57339331338156,0.214413310960941,0.629030611983176,0.419116144937465,0.700555916439519,0.338731314961051,0.713853233033005,0.16718359147289,1.9558152531922e-05,1.44463792460259
"Environment1",49,"MAE",0.961617910947122,0.378065994696312,0.575962663553546,0.493835917996895,0.644676790498337,0.487075694853852,0.710637592851821,0.493835917996895,0.655137866606072,0.207928570650661,0.00162833257426964,1.44463792460259
"Environment1",49,"MSE",0.897925691070853,0.295084722032943,0.546950417861536,0.589838885294517,0.580328120788322,0.403464504834674,0.729138468277608,0.589838885294517,0.795773836333392,0.17118206357706,3.34035738081726e-06,1.44463792460259
"Environment1",49,"GAUSSIAN",0.927903253858721,0.340410901288849,0.490638826592175,0.682910413985005,0.510255109986171,0.451562313597136,0.767235903715346,0.682910413985005,0.802282517629648,0.331814029738385,0.0156117398733161,1.44463792460259
"Environment2",49,"GLM",0.82844977687774,0.194757367219562,0.61032772210386,0.265390723638087,0.706761368252818,0.265264688372618,0.623794252751389,0.265390723638087,0.292496032741919,0.122933775200618,0.0173456671429784,0.288927584920519
"Environment2",49,"POISSON",0.898092451726049,0.300791706142922,0.57339331338156,0.214413310960941,0.629030611983176,0.419116144937465,0.700555916439519,0.338731314961051,0.184140573471823,0.108637952010601,0.090076739480868,0.288927584920519
"Environment2",49,"MAE",0.961617910947122,0.378065994696312,0.575962663553546,0.493835917996895,0.644676790498337,0.487075694853852,0.710637592851821,0.493835917996895,0.180045640470355,0.129390345070818,0.164076259469138,0.288927584920519
"Environment2",49,"MSE",0.897925691070853,0.295084722032943,0.546950417861536,0.589838885294517,0.580328120788322,0.403464504834674,0.729138468277608,0.589838885294517,0.208393635950306,0.155619807898871,0.180531529391088,0.288927584920519
"Environment2",49,"GAUSSIAN",0.927903253858721,0.340410901288849,0.490638826592175,0.682910413985005,0.510255109986171,0.451562313597136,0.767235903715346,0.682910413985005,0.209223466862632,0.183411691712081,0.253981735943553,0.288927584920519
"Environment3",49,"GLM",0.82844977687774,0.194757367219562,0.61032772210386,0.265390723638087,0.706761368252818,0.265264688372618,0.623794252751389,0.265390723638087,0.0721690978086517,0.104475517416473,0.489706814667643,0.0722318962301296
"Environment3",49,"POISSON",0.898092451726049,0.300791706142922,0.57339331338156,0.214413310960941,0.629030611983176,0.419116144937465,0.700555916439519,0.338731314961051,-0.0110833357581623,0.119104681206861,0.925859535890576,0.0722318962301296
"Environment3",49,"MAE",0.961617910947122,0.378065994696312,0.575962663553546,0.493835917996895,0.644676790498337,0.487075694853852,0.710637592851821,0.493835917996895,0.091808216411047,0.166652889530353,0.581705766976304,0.0722318962301296
"Environment3",49,"MSE",0.897925691070853,0.295084722032943,0.546950417861536,0.589838885294517,0.580328120788322,0.403464504834674,0.729138468277608,0.589838885294517,-0.0112039183961224,0.115960108341558,0.923029181713546,0.0722318962301296
"Environment3",49,"GAUSSIAN",0.927903253858721,0.340410901288849,0.490638826592175,0.682910413985005,0.510255109986171,0.451562313597136,0.767235903715346,0.682910413985005,0.0533298652426129,0.202375732240645,0.792150525219125,0.0722318962301296
"Environment1",50,"GLM",0.841489878429676,0.272080909821752,0.699156115265994,0.249826695020924,0.70581248720829,0.22947688217951,0.533334339201233,0.249826695020924,0.976949879410323,0.161228975955567,1.36635387509709e-09,1.19169225449562
"Environment1",50,"POISSON",0.882027591780404,0.321495679295435,0.655563899545533,0.31405164410552,0.666493547070366,0.272231743892165,0.558478051030107,0.277929192349251,0.956468093627191,0.234376468716971,4.48606968056694e-05,1.19169225449562
"Environment1",50,"MAE",0.989991809451772,0.509901673286156,0.639072386610323,0.388398791719597,0.720417214424529,0.422289529347018,0.554103471187304,0.388398791719597,0.834882133421297,0.254616232686177,0.00104182151052604,1.19169225449562
"Environment1",50,"MSE",0.977001687399222,0.477836469764434,0.586971810713097,0.543446321904346,0.622437625607164,0.37280782834019,0.617060452643303,0.543446321904346,1.05380558517576,0.311021948714989,0.000703521040438505,1.19169225449562
"Environment1",50,"GAUSSIAN",0.911914261921336,0.411240767184983,0.595480170889862,0.607507886654534,0.577119012257657,0.331060772973038,0.64824407732556,0.607507886654534,1.05414719206035,0.328706656272459,0.00134148351169796,1.19169225449562
"Environment2",50,"GLM",0.841489878429676,0.272080909821752,0.699156115265994,0.249826695020924,0.70581248720829,0.22947688217951,0.533334339201233,0.249826695020924,0.110008040088803,0.0988769729842622,0.265891037763465,0.238338450899125
"Environment2",50,"POISSON",0.882027591780404,0.321495679295435,0.655563899545533,0.31405164410552,0.666493547070366,0.272231743892165,0.558478051030107,0.277929192349251,0.179634829177221,0.100725287709502,0.0745190313439817,0.238338450899125
"Environment2",50,"MAE",0.989991809451772,0.509901673286156,0.639072386610323,0.388398791719597,0.720417214424529,0.422289529347018,0.554103471187304,0.388398791719597,0.0931478041563471,0.138429251433377,0.501016607393161,0.238338450899125
"Environment2",50,"MSE",0.977001687399222,0.477836469764434,0.586971810713097,0.543446321904346,0.622437625607164,0.37280782834019,0.617060452643303,0.543446321904346,0.107540566414811,0.12901063108422,0.404518204127192,0.238338450899125
"Environment2",50,"GAUSSIAN",0.911914261921336,0.411240767184983,0.595480170889862,0.607507886654534,0.577119012257657,0.331060772973038,0.64824407732556,0.607507886654534,0.0399350446777945,0.15580802145119,0.797712017859391,0.238338450899125
"Environment3",50,"GLM",0.841489878429676,0.272080909821752,0.699156115265994,0.249826695020924,0.70581248720829,0.22947688217951,0.533334339201233,0.249826695020924,-0.0379519687698813,0.10419679873455,0.715683623977784,0.0595846127247812
"Environment3",50,"POISSON",0.882027591780404,0.321495679295435,0.655563899545533,0.31405164410552,0.666493547070366,0.272231743892165,0.558478051030107,0.277929192349251,-0.0348467429058201,0.0981370858999338,0.722527930770222,0.0595846127247812
"Environment3",50,"MAE",0.989991809451772,0.509901673286156,0.639072386610323,0.388398791719597,0.720417214424529,0.422289529347018,0.554103471187304,0.388398791719597,-0.124538203708219,0.144692721597179,0.389398807123352,0.0595846127247812
"Environment3",50,"MSE",0.977001687399222,0.477836469764434,0.586971810713097,0.543446321904346,0.622437625607164,0.37280782834019,0.617060452643303,0.543446321904346,-0.111110669972463,0.129871484400091,0.392250479667329,0.0595846127247812
"Environment3",50,"GAUSSIAN",0.911914261921336,0.411240767184983,0.595480170889862,0.607507886654534,0.577119012257657,0.331060772973038,0.64824407732556,0.607507886654534,-0.111616549735467,0.159304008922267,0.483520699136201,0.0595846127247812
"Environment1",51,"GLM",0.864294790539819,0.091882935623668,0.605483893313435,0.328129953638605,0.756075136717617,0.101691648216823,0.636787775389137,0.328129953638605,1.42294532475325,0.212111113916718,1.96648401319623e-11,1.31865652811773
"Environment1",51,"POISSON",0.896537817918781,0.197354358886785,0.570003442601102,0.190284305580394,0.68797544978743,0.161482405494869,0.679320228903736,0.375152295697146,1.18310094339846,0.210717424195832,1.96980195534108e-08,1.31865652811773
"Environment1",51,"MAE",0.949058965808449,0.321140780219494,0.534417708652233,0.540415276963417,0.714529181153723,0.254594833534786,0.677108110366226,0.540415276963417,1.10946078338723,0.232906189721455,1.9021441140405e-06,1.31865652811773
"Environment1",51,"MSE",0.920466001549409,0.313437473688956,0.527469015040916,0.636323878972518,0.6356156343306,0.281129838200715,0.716594339374733,0.636323878972518,1.27483697156722,0.359320307733334,0.00038829735785831,1.31865652811773
"Environment1",51,"GAUSSIAN",0.881968501580693,0.305522598853534,0.548946795294079,0.64611948316535,0.626997059971819,0.280231468062842,0.733041866442705,0.64611948316535,1.22494857425211,0.344165195301189,0.00037200341885422,1.31865652811773
"Environment2",51,"GLM",0.864294790539819,0.091882935623668,0.605483893313435,0.328129953638605,0.756075136717617,0.101691648216823,0.636787775389137,0.328129953638605,0.212502919915234,0.110362789833616,0.054167551594965,0.263731305623545
"Environment2",51,"POISSON",0.896537817918781,0.197354358886785,0.570003442601102,0.190284305580394,0.68797544978743,0.161482405494869,0.679320228903736,0.375152295697146,0.218962736554864,0.110424772570559,0.0473771285725869,0.263731305623545
"Environment2",51,"MAE",0.949058965808449,0.321140780219494,0.534417708652233,0.540415276963417,0.714529181153723,0.254594833534786,0.677108110366226,0.540415276963417,0.189889990138137,0.174778779193387,0.277275939242876,0.263731305623545
"Environment2",51,"MSE",0.920466001549409,0.313437473688956,0.527469015040916,0.636323878972518,0.6356156343306,0.281129838200715,0.716594339374733,0.636323878972518,0.212770469329671,0.206007595735525,0.301684270091844,0.263731305623545
"Environment2",51,"GAUSSIAN",0.881968501580693,0.305522598853534,0.548946795294079,0.64611948316535,0.626997059971819,0.280231468062842,0.733041866442705,0.64611948316535,0.175771182263479,0.146825666108383,0.23125118360294,0.263731305623545
"Environment3",51,"GLM",0.864294790539819,0.091882935623668,0.605483893313435,0.328129953638605,0.756075136717617,0.101691648216823,0.636787775389137,0.328129953638605,0.000467320166178097,0.10591664665474,0.996479624803538,0.0659328264058863
"Environment3",51,"POISSON",0.896537817918781,0.197354358886785,0.570003442601102,0.190284305580394,0.68797544978743,0.161482405494869,0.679320228903736,0.375152295697146,-0.0483882048927865,0.116382377488168,0.677578918142943,0.0659328264058863
"Environment3",51,"MAE",0.949058965808449,0.321140780219494,0.534417708652233,0.540415276963417,0.714529181153723,0.254594833534786,0.677108110366226,0.540415276963417,0.0532131415133251,0.164849923813581,0.746848614581962,0.0659328264058863
"Environment3",51,"MSE",0.920466001549409,0.313437473688956,0.527469015040916,0.636323878972518,0.6356156343306,0.281129838200715,0.716594339374733,0.636323878972518,-0.0239618123785226,0.134386318001543,0.858483101996341,0.0659328264058863
"Environment3",51,"GAUSSIAN",0.881968501580693,0.305522598853534,0.548946795294079,0.64611948316535,0.626997059971819,0.280231468062842,0.733041866442705,0.64611948316535,-0.0386118010690393,0.172002047278479,0.822380292519832,0.0659328264058863
"Environment1",52,"GLM",0.750278862561845,0.149920366875206,0.706168535136715,0.191077329783814,0.852099455452955,0.177472558658014,0.468330183588024,0.191077329783814,0.977845985812042,0.163329335768347,2.13801058627609e-09,1.29634840676585
"Environment1",52,"POISSON",0.727114103246287,0.173982008249307,0.68650675001421,0.261987207605832,0.796083972336856,0.20482389135876,0.512118781782418,0.232907645548483,0.954322966165346,0.120480684391654,2.3567928361925e-15,1.29634840676585
"Environment1",52,"MAE",0.862191767356228,0.294590077198805,0.56812210696081,0.335524416699148,0.857607958956848,0.296768600990428,0.494332378418473,0.335524416699148,0.813016525299829,0.172227569375837,2.35156267083683e-06,1.29634840676585
"Environment1",52,"MSE",0.765060795362754,0.148040385518756,0.632074650148748,0.473905057537338,0.763099822722007,0.225597938457924,0.588469845870492,0.473905057537338,0.87008834218931,0.184577316106193,2.4295963964338e-06,1.29634840676585
"Environment1",52,"GAUSSIAN",0.802575645928094,0.177385465261224,0.58219580578534,0.486761077766803,0.75371833734285,0.249444754831158,0.597743098906395,0.486761077766803,0.881772093296422,0.171417038102009,2.68925724239177e-07,1.29634840676585
"Environment2",52,"GLM",0.750278862561845,0.149920366875206,0.706168535136715,0.191077329783814,0.852099455452955,0.177472558658014,0.468330183588024,0.191077329783814,0.275339386246558,0.116890487611456,0.0184961603617261,0.259269681353169
"Environment2",52,"POISSON",0.727114103246287,0.173982008249307,0.68650675001421,0.261987207605832,0.796083972336856,0.20482389135876,0.512118781782418,0.232907645548483,0.212455946725732,0.149123619969409,0.154244859587359,0.259269681353169
"Environment2",52,"MAE",0.862191767356228,0.294590077198805,0.56812210696081,0.335524416699148,0.857607958956848,0.296768600990428,0.494332378418473,0.335524416699148,0.214305073945508,0.145492600204063,0.140761277753792,0.259269681353169
"Environment2",52,"MSE",0.765060795362754,0.148040385518756,0.632074650148748,0.473905057537338,0.763099822722007,0.225597938457924,0.588469845870492,0.473905057537338,0.248608442312495,0.123997156132633,0.0449680958908595,0.259269681353169
"Environment2",52,"GAUSSIAN",0.802575645928094,0.177385465261224,0.58219580578534,0.486761077766803,0.75371833734285,0.249444754831158,0.597743098906395,0.486761077766803,0.141145467146787,0.239674534441068,0.555925184157482,0.259269681353169
"Environment3",52,"GLM",0.750278862561845,0.149920366875206,0.706168535136715,0.191077329783814,0.852099455452955,0.177472558658014,0.468330183588024,0.191077329783814,0.138194991816359,0.120857313877984,0.252849412320971,0.0648174203382923
"Environment3",52,"POISSON",0.727114103246287,0.173982008249307,0.68650675001421,0.261987207605832,0.796083972336856,0.20482389135876,0.512118781782418,0.232907645548483,0.201048282749161,0.134459580384813,0.134853874838678,0.0648174203382923
"Environment3",52,"MAE",0.862191767356228,0.294590077198805,0.56812210696081,0.335524416699148,0.857607958956848,0.296768600990428,0.494332378418473,0.335524416699148,0.0819622192785888,0.1528893098195,0.591897303953987,0.0648174203382923
"Environment3",52,"MSE",0.765060795362754,0.148040385518756,0.632074650148748,0.473905057537338,0.763099822722007,0.225597938457924,0.588469845870492,0.473905057537338,0.0620611827712628,0.179981251716622,0.73022949772657,0.0648174203382923
"Environment3",52,"GAUSSIAN",0.802575645928094,0.177385465261224,0.58219580578534,0.486761077766803,0.75371833734285,0.249444754831158,0.597743098906395,0.486761077766803,0.0338569611035018,0.166886484477068,0.839233364687461,0.0648174203382923
"Environment1",53,"GLM",0.761623339503147,0.180968747296,0.597403698037301,0.352020794638018,0.890509486130837,0.222214145834591,0.649630100462379,0.352020794638018,1.71030801389284,0.234524733104286,3.03905164348356e-13,1.3103718147095
"Environment1",53,"POISSON",0.771770977778898,0.197723956114975,0.545223469853518,0.173278993342453,0.789952982602023,0.292255080709519,0.686181366644382,0.392351292865722,1.47813046356954,0.338289832844924,1.2457679424101e-05,1.3103718147095
"Environment1",53,"MAE",0.791139710784575,0.218294799416884,0.504481496282046,0.517671415750347,0.907137135737856,0.265103979885026,0.693461930833118,0.517671415750347,1.26155268503041,0.337364294940296,0.000184432518627313,1.3103718147095
"Environment1",53,"MSE",0.79840607740515,0.206209152100657,0.445656186847301,0.714551066832003,0.697855744994685,0.419768056163335,0.731534760707948,0.714551066832003,1.58110678957639,0.283246091897686,2.37637558660872e-08,1.3103718147095
"Environment1",53,"GAUSSIAN",0.8374132247918,0.286405417814505,0.477356492487136,0.675776303187352,0.743744595095623,0.387353291912991,0.727099959213002,0.675776303187352,1.48760410554602,0.298774573524052,6.3907560325325e-07,1.3103718147095
"Environment2",53,"GLM",0.761623339503147,0.180968747296,0.597403698037301,0.352020794638018,0.890509486130837,0.222214145834591,0.649630100462379,0.352020794638018,0.257629617572467,0.122200811014453,0.0350095417838572,0.262074362941899
"Environment2",53,"POISSON",0.771770977778898,0.197723956114975,0.545223469853518,0.173278993342453,0.789952982602023,0.292255080709519,0.686181366644382,0.392351292865722,0.0750759094127898,0.198079515435763,0.704673718883853,0.262074362941899
"Environment2",53,"MAE",0.791139710784575,0.218294799416884,0.504481496282046,0.517671415750347,0.907137135737856,0.265103979885026,0.693461930833118,0.517671415750347,0.0904260727330116,0.256267072452726,0.724194354750197,0.262074362941899
"Environment2",53,"MSE",0.79840607740515,0.206209152100657,0.445656186847301,0.714551066832003,0.697855744994685,0.419768056163335,0.731534760707948,0.714551066832003,0.120720453868748,0.251140742659886,0.630737942488351,0.262074362941899
"Environment2",53,"GAUSSIAN",0.8374132247918,0.286405417814505,0.477356492487136,0.675776303187352,0.743744595095623,0.387353291912991,0.727099959213002,0.675776303187352,0.0983088048225363,0.408328540741088,0.809741844291675,0.262074362941899
"Environment3",53,"GLM",0.761623339503147,0.180968747296,0.597403698037301,0.352020794638018,0.890509486130837,0.222214145834591,0.649630100462379,0.352020794638018,0.133465573297315,0.112747459625447,0.236509342948753,0.0655185907354748
"Environment3",53,"POISSON",0.771770977778898,0.197723956114975,0.545223469853518,0.173278993342453,0.789952982602023,0.292255080709519,0.686181366644382,0.392351292865722,0.157700357927694,0.158729552376705,0.320458532689717,0.0655185907354748
"Environment3",53,"MAE",0.791139710784575,0.218294799416884,0.504481496282046,0.517671415750347,0.907137135737856,0.265103979885026,0.693461930833118,0.517671415750347,0.112853201443167,0.155046538498747,0.466695232365451,0.0655185907354748
"Environment3",53,"MSE",0.79840607740515,0.206209152100657,0.445656186847301,0.714551066832003,0.697855744994685,0.419768056163335,0.731534760707948,0.714551066832003,0.166916395930461,0.164915017065195,0.311473117950917,0.0655185907354748
"Environment3",53,"GAUSSIAN",0.8374132247918,0.286405417814505,0.477356492487136,0.675776303187352,0.743744595095623,0.387353291912991,0.727099959213002,0.675776303187352,0.134787824207433,0.234145290665744,0.564845750021892,0.0655185907354748
"Environment1",54,"GLM",0.543770509968658,0.170831651162136,0.717093418655648,0.311191775328147,0.836432718191063,0.11810863104648,0.638012667150067,0.311191775328147,1.49425457899129,0.218080556399066,7.2902570199522e-12,1.42755442854676
"Environment1",54,"POISSON",0.569858615287899,0.218059781976093,0.71289988989158,0.333497965111891,0.777978806671835,0.191081915941904,0.676822154794828,0.352133951776624,1.27204690998842,0.377399306640632,0.000750156380961309,1.42755442854676
"Environment1",54,"MAE",0.514323158110267,0.309802607210299,0.685327438267832,0.468973729122108,0.848208479198787,0.242675494162072,0.662179685333465,0.468973729122108,1.14770711733736,0.419217472611342,0.00618635578227479,1.42755442854676
"Environment1",54,"MSE",0.518292919827948,0.237663458945061,0.732085283987191,0.6204858302034,0.717065130225534,0.246258125485307,0.720129722348146,0.6204858302034,1.32983648542229,0.542122146187229,0.014166244869852,1.42755442854676
"Environment1",54,"GAUSSIAN",0.554813673426876,0.258829461165341,0.72401274111636,0.595322555514605,0.740455742382358,0.230257680392746,0.709230007629972,0.595322555514605,1.26871752563665,0.240967314654373,1.4011143250868e-07,1.42755442854676
"Environment2",54,"GLM",0.543770509968658,0.170831651162136,0.717093418655648,0.311191775328147,0.836432718191063,0.11810863104648,0.638012667150067,0.311191775328147,0.262477657765417,0.121197009298199,0.0303333021905989,0.285510885709351
"Environment2",54,"POISSON",0.569858615287899,0.218059781976093,0.71289988989158,0.333497965111891,0.777978806671835,0.191081915941904,0.676822154794828,0.352133951776624,0.238962961111634,0.22507874026091,0.288378229483296,0.285510885709351
"Environment2",54,"MAE",0.514323158110267,0.309802607210299,0.685327438267832,0.468973729122108,0.848208479198787,0.242675494162072,0.662179685333465,0.468973729122108,0.216789035369491,0.192423519107259,0.25990131037003,0.285510885709351
"Environment2",54,"MSE",0.518292919827948,0.237663458945061,0.732085283987191,0.6204858302034,0.717065130225534,0.246258125485307,0.720129722348146,0.6204858302034,0.282790659859692,0.166833084860662,0.0900656639583964,0.285510885709351
"Environment2",54,"GAUSSIAN",0.554813673426876,0.258829461165341,0.72401274111636,0.595322555514605,0.740455742382358,0.230257680392746,0.709230007629972,0.595322555514605,0.311556829772329,0.25618037812098,0.223923232892559,0.285510885709351
"Environment3",54,"GLM",0.543770509968658,0.170831651162136,0.717093418655648,0.311191775328147,0.836432718191063,0.11810863104648,0.638012667150067,0.311191775328147,-0.064657390529294,0.114272609084692,0.571518155015592,0.0713777214273378
"Environment3",54,"POISSON",0.569858615287899,0.218059781976093,0.71289988989158,0.333497965111891,0.777978806671835,0.191081915941904,0.676822154794828,0.352133951776624,-0.000444485281342394,0.145975929296407,0.997570507705108,0.0713777214273378
"Environment3",54,"MAE",0.514323158110267,0.309802607210299,0.685327438267832,0.468973729122108,0.848208479198787,0.242675494162072,0.662179685333465,0.468973729122108,-0.0407174441568049,0.162798356825746,0.802502533952883,0.0713777214273378
"Environment3",54,"MSE",0.518292919827948,0.237663458945061,0.732085283987191,0.6204858302034,0.717065130225534,0.246258125485307,0.720129722348146,0.6204858302034,-0.0377686752676493,0.230156075902183,0.869652205605857,0.0713777214273378
"Environment3",54,"GAUSSIAN",0.554813673426876,0.258829461165341,0.72401274111636,0.595322555514605,0.740455742382358,0.230257680392746,0.709230007629972,0.595322555514605,0.0449079447440452,0.191126354581718,0.814236138984006,0.0713777214273378
"Environment1",55,"GLM",0.906889873183515,0.118302844388178,0.631610452594692,0.25438570375472,0.741516420085187,0.262422792930915,0.626768212332206,0.25438570375472,1.14616884313179,0.185825898821846,6.91716186332384e-10,1.46773967304779
"Environment1",55,"POISSON",0.995301470198471,0.229871088964753,0.628022374623333,0.279683635561238,0.698614331318823,0.392542982301987,0.65594405409886,0.287538460349599,0.963867372728855,0.218626284213361,1.0397171822857e-05,1.46773967304779
"Environment1",55,"MAE",1.00317794407011,0.262468536169933,0.629653319155769,0.416466624526758,0.733447224082548,0.458661211443241,0.657459443033595,0.416466624526758,0.925645631607301,0.126809706889722,2.88869940191545e-13,1.46773967304779
"Environment1",55,"MSE",1.00277908808579,0.266495828548488,0.5753972310434,0.489684423895968,0.685891516000092,0.391022047718142,0.672897991075867,0.489684423895968,1.0048792492216,0.230944290941591,1.35409320862498e-05,1.46773967304779
"Environment1",55,"GAUSSIAN",1.0250332391462,0.283904791354757,0.527447461789783,0.530179491515437,0.658115325197041,0.386722609797503,0.701543028099636,0.530179491515437,1.04318586470821,0.190829479712842,4.58784496129702e-08,1.46773967304779
"Environment2",55,"GLM",0.906889873183515,0.118302844388178,0.631610452594692,0.25438570375472,0.741516420085187,0.262422792930915,0.626768212332206,0.25438570375472,0.121931818639985,0.108424026165762,0.260765772938047,0.293547934609557
"Environment2",55,"POISSON",0.995301470198471,0.229871088964753,0.628022374623333,0.279683635561238,0.698614331318823,0.392542982301987,0.65594405409886,0.287538460349599,0.0815695520431728,0.13395781187932,0.542577658676718,0.293547934609557
"Environment2",55,"MAE",1.00317794407011,0.262468536169933,0.629653319155769,0.416466624526758,0.733447224082548,0.458661211443241,0.657459443033595,0.416466624526758,0.0540286628513346,0.13019136165129,0.678146132858672,0.293547934609557
"Environment2",55,"MSE",1.00277908808579,0.266495828548488,0.5753972310434,0.489684423895968,0.685891516000092,0.391022047718142,0.672897991075867,0.489684423895968,0.107894193677751,0.0759220852606106,0.155282642803082,0.293547934609557
"Environment2",55,"GAUSSIAN",1.0250332391462,0.283904791354757,0.527447461789783,0.530179491515437,0.658115325197041,0.386722609797503,0.701543028099636,0.530179491515437,0.125712146580839,0.157873260544271,0.425866264766004,0.293547934609557
"Environment3",55,"GLM",0.906889873183515,0.118302844388178,0.631610452594692,0.25438570375472,0.741516420085187,0.262422792930915,0.626768212332206,0.25438570375472,0.0892903704947074,0.114481984335542,0.43541955138314,0.0733869836523894
"Environment3",55,"POISSON",0.995301470198471,0.229871088964753,0.628022374623333,0.279683635561238,0.698614331318823,0.392542982301987,0.65594405409886,0.287538460349599,0.146815467355675,0.121415426280252,0.226586226839007,0.0733869836523894
"Environment3",55,"MAE",1.00317794407011,0.262468536169933,0.629653319155769,0.416466624526758,0.733447224082548,0.458661211443241,0.657459443033595,0.416466624526758,0.133523613313715,0.103350412051682,0.196374298205596,0.0733869836523894
"Environment3",55,"MSE",1.00277908808579,0.266495828548488,0.5753972310434,0.489684423895968,0.685891516000092,0.391022047718142,0.672897991075867,0.489684423895968,0.16805139222512,0.120288846443614,0.162393888196677,0.0733869836523894
"Environment3",55,"GAUSSIAN",1.0250332391462,0.283904791354757,0.527447461789783,0.530179491515437,0.658115325197041,0.386722609797503,0.701543028099636,0.530179491515437,0.160059298716255,0.16956098317501,0.345188542977657,0.0733869836523894
"Environment1",56,"GLM",0.870050653984435,0.166703801112734,0.512972012612623,0.278441769961824,0.802074286825268,0.241074278209221,0.627033213265135,0.278441769961824,1.58169099377112,0.226863935878253,3.1250932428649e-12,1.52393866520495
"Environment1",56,"POISSON",0.92239056359667,0.275602050178132,0.454500377608527,0.300705185851111,0.709843791922665,0.36632463475437,0.678936052601011,0.332845380951598,1.55556475623787,0.202376463408974,1.51225951463004e-14,1.52393866520495
"Environment1",56,"MAE",0.933743470635993,0.353499561665744,0.40583380205297,0.545975994322762,0.762658059698495,0.458533793739245,0.673577274408599,0.545975994322762,1.33504854579814,0.240353543129517,2.78375751334533e-08,1.52393866520495
"Environment1",56,"MSE",0.951590457832756,0.33308153454189,0.358362965454553,0.638174470296305,0.680832156036892,0.424278380110418,0.713778022278678,0.638174470296305,1.43489410506922,0.265424403354983,6.4434545798344e-08,1.52393866520495
"Environment1",56,"GAUSSIAN",0.974256899139871,0.343425425199915,0.363026347387395,0.65013147065053,0.669488152450286,0.405826855034121,0.712585347230922,0.65013147065053,1.46425495409738,0.247908989445234,3.49619039091117e-09,1.52393866520495
"Environment2",56,"GLM",0.870050653984435,0.166703801112734,0.512972012612623,0.278441769961824,0.802074286825268,0.241074278209221,0.627033213265135,0.278441769961824,0.0689290257322583,0.114267451964771,0.546358774032125,0.304787733040989
"Environment2",56,"POISSON",0.92239056359667,0.275602050178132,0.454500377608527,0.300705185851111,0.709843791922665,0.36632463475437,0.678936052601011,0.332845380951598,0.0707443391371862,0.124185543898918,0.568903942853595,0.304787733040989
"Environment2",56,"MAE",0.933743470635993,0.353499561665744,0.40583380205297,0.545975994322762,0.762658059698495,0.458533793739245,0.673577274408599,0.545975994322762,0.0772511698711512,0.117246186196842,0.5099728149802,0.304787733040989
"Environment2",56,"MSE",0.951590457832756,0.33308153454189,0.358362965454553,0.638174470296305,0.680832156036892,0.424278380110418,0.713778022278678,0.638174470296305,0.126451284635366,0.198171497948887,0.523414985673416,0.304787733040989
"Environment2",56,"GAUSSIAN",0.974256899139871,0.343425425199915,0.363026347387395,0.65013147065053,0.669488152450286,0.405826855034121,0.712585347230922,0.65013147065053,0.202576283517642,0.181534815510088,0.264461209061632,0.304787733040989
"Environment3",56,"GLM",0.870050653984435,0.166703801112734,0.512972012612623,0.278441769961824,0.802074286825268,0.241074278209221,0.627033213265135,0.278441769961824,-0.0656258732883645,0.117627782850927,0.576904931405329,0.0761969332602473
"Environment3",56,"POISSON",0.92239056359667,0.275602050178132,0.454500377608527,0.300705185851111,0.709843791922665,0.36632463475437,0.678936052601011,0.332845380951598,-0.123908447186968,0.116565864802933,0.287786102843215,0.0761969332602473
"Environment3",56,"MAE",0.933743470635993,0.353499561665744,0.40583380205297,0.545975994322762,0.762658059698495,0.458533793739245,0.673577274408599,0.545975994322762,-0.285404666684464,0.13014634595554,0.0283108503194142,0.0761969332602473
"Environment3",56,"MSE",0.951590457832756,0.33308153454189,0.358362965454553,0.638174470296305,0.680832156036892,0.424278380110418,0.713778022278678,0.638174470296305,-0.107548256496539,0.302347204475398,0.722056931919786,0.0761969332602473
"Environment3",56,"GAUSSIAN",0.974256899139871,0.343425425199915,0.363026347387395,0.65013147065053,0.669488152450286,0.405826855034121,0.712585347230922,0.65013147065053,-0.070747326879553,0.196124958485595,0.718304457494651,0.0761969332602473
"Environment1",57,"GLM",0.699042735306217,0.250916624011316,0.662404430142664,0.229084247243683,0.982200981754713,0.186698213994242,0.561091501775373,0.229084247243683,1.36997882327336,0.200002523492294,7.39493318134707e-12,1.31898155776775
"Environment1",57,"POISSON",0.749351747410402,0.37797588238905,0.678095188090986,0.238844530605371,0.897794410764682,0.346232388237925,0.61075107018413,0.276739883890524,1.2847414994223,0.323083434106667,6.99367953745409e-05,1.31898155776775
"Environment1",57,"MAE",0.67185348870988,0.310892036117587,0.653922939359787,0.387660467166894,0.974611605099362,0.23997563787372,0.618667530210396,0.387660467166894,0.94598170731257,0.235099036626672,5.72766926487532e-05,1.31898155776775
"Environment1",57,"MSE",0.830072555992435,0.49891005422118,0.674172498603905,0.526964597234311,0.856608248031068,0.452279121360649,0.67444369804795,0.526964597234311,1.39355680320448,0.324691924993901,1.77122395261726e-05,1.31898155776775
"Environment1",57,"GAUSSIAN",0.770638241167326,0.368657325744272,0.666751194168888,0.503816441355791,0.877317139452188,0.341372022463006,0.640895076938488,0.503816441355791,1.22843213607776,0.312734971667573,8.56447739662737e-05,1.31898155776775
"Environment2",57,"GLM",0.699042735306217,0.250916624011316,0.662404430142664,0.229084247243683,0.982200981754713,0.186698213994242,0.561091501775373,0.229084247243683,0.34888145195261,0.119050339576895,0.00338376448005084,0.26379631155355
"Environment2",57,"POISSON",0.749351747410402,0.37797588238905,0.678095188090986,0.238844530605371,0.897794410764682,0.346232388237925,0.61075107018413,0.276739883890524,0.360929584321648,0.174238018727808,0.0383144902832519,0.26379631155355
"Environment2",57,"MAE",0.67185348870988,0.310892036117587,0.653922939359787,0.387660467166894,0.974611605099362,0.23997563787372,0.618667530210396,0.387660467166894,0.246338529911424,0.154268874716476,0.110307418548901,0.26379631155355
"Environment2",57,"MSE",0.830072555992435,0.49891005422118,0.674172498603905,0.526964597234311,0.856608248031068,0.452279121360649,0.67444369804795,0.526964597234311,0.285385480029408,0.216940900523159,0.188342342484199,0.26379631155355
"Environment2",57,"GAUSSIAN",0.770638241167326,0.368657325744272,0.666751194168888,0.503816441355791,0.877317139452188,0.341372022463006,0.640895076938488,0.503816441355791,0.291971659566667,0.180574334138195,0.105898650486622,0.26379631155355
"Environment3",57,"GLM",0.699042735306217,0.250916624011316,0.662404430142664,0.229084247243683,0.982200981754713,0.186698213994242,0.561091501775373,0.229084247243683,0.201191124753134,0.122690052347168,0.101040016519198,0.0659490778883875
"Environment3",57,"POISSON",0.749351747410402,0.37797588238905,0.678095188090986,0.238844530605371,0.897794410764682,0.346232388237925,0.61075107018413,0.276739883890524,0.173156429417813,0.206057897176406,0.40072393832638,0.0659490778883875
"Environment3",57,"MAE",0.67185348870988,0.310892036117587,0.653922939359787,0.387660467166894,0.974611605099362,0.23997563787372,0.618667530210396,0.387660467166894,0.125110521400716,0.10408831584399,0.229377055853025,0.0659490778883875
"Environment3",57,"MSE",0.830072555992435,0.49891005422118,0.674172498603905,0.526964597234311,0.856608248031068,0.452279121360649,0.67444369804795,0.526964597234311,0.206768860592026,0.265336141156364,0.435819870732938,0.0659490778883875
"Environment3",57,"GAUSSIAN",0.770638241167326,0.368657325744272,0.666751194168888,0.503816441355791,0.877317139452188,0.341372022463006,0.640895076938488,0.503816441355791,0.176902724102679,0.216301937922758,0.413442357369285,0.0659490778883875
"Environment1",58,"GLM",0.772727185836379,0.111230050409835,0.503871192113596,0.30776757981267,0.676434569974883,0.108575964804542,0.685539197689152,0.30776757981267,1.29826885388118,0.200494881276131,9.46101536650417e-11,1.39966671785262
"Environment1",58,"POISSON",0.752826147383265,0.181098364658474,0.502793162177537,0.162865313191591,0.65334904133636,0.176497834263024,0.712122970000224,0.329119486798267,1.12096321870515,0.206101000181137,5.36098198018618e-08,1.39966671785262
"Environment1",58,"MAE",0.780398109911438,0.268322437091589,0.515298309435812,0.561043148796618,0.694863576230414,0.269069773874456,0.710328257211124,0.561043148796618,1.01574143270111,0.271886418804128,0.000187042367424268,1.39966671785262
"Environment1",58,"MSE",0.777020176697914,0.217145395309665,0.4872695310983,0.640717983903774,0.628646310139569,0.191420366342297,0.737597373142209,0.640717983903774,1.06971357910943,0.119529168930981,3.57440495402003e-19,1.39966671785262
"Environment1",58,"GAUSSIAN",0.777528680601169,0.219486955668629,0.460103176709633,0.655099845795682,0.615935627287849,0.188595291848879,0.748919512706412,0.655099845795682,1.18657894363831,0.202828013724775,4.91062361026546e-09,1.39966671785262
"Environment2",58,"GLM",0.772727185836379,0.111230050409835,0.503871192113596,0.30776757981267,0.676434569974883,0.108575964804542,0.685539197689152,0.30776757981267,0.429050349524382,0.131878241500173,0.0011403991845054,0.279933343570524
"Environment2",58,"POISSON",0.752826147383265,0.181098364658474,0.502793162177537,0.162865313191591,0.65334904133636,0.176497834263024,0.712122970000224,0.329119486798267,0.299470562759302,0.121955890915658,0.0140663486733022,0.279933343570524
"Environment2",58,"MAE",0.780398109911438,0.268322437091589,0.515298309435812,0.561043148796618,0.694863576230414,0.269069773874456,0.710328257211124,0.561043148796618,0.314914718515395,0.0992832979065211,0.00151455515262282,0.279933343570524
"Environment2",58,"MSE",0.777020176697914,0.217145395309665,0.4872695310983,0.640717983903774,0.628646310139569,0.191420366342297,0.737597373142209,0.640717983903774,0.276170099085728,0.135555031190346,0.0416171552853401,0.279933343570524
"Environment2",58,"GAUSSIAN",0.777528680601169,0.219486955668629,0.460103176709633,0.655099845795682,0.615935627287849,0.188595291848879,0.748919512706412,0.655099845795682,0.318858921716387,0.129420120453916,0.0137491677695507,0.279933343570524
"Environment3",58,"GLM",0.772727185836379,0.111230050409835,0.503871192113596,0.30776757981267,0.676434569974883,0.108575964804542,0.685539197689152,0.30776757981267,0.0606395320283562,0.118185397459918,0.607889630204258,0.069983335892631
"Environment3",58,"POISSON",0.752826147383265,0.181098364658474,0.502793162177537,0.162865313191591,0.65334904133636,0.176497834263024,0.712122970000224,0.329119486798267,0.0627188373104036,0.0926345728721332,0.498370123442112,0.069983335892631
"Environment3",58,"MAE",0.780398109911438,0.268322437091589,0.515298309435812,0.561043148796618,0.694863576230414,0.269069773874456,0.710328257211124,0.561043148796618,-0.0209674382694814,0.131324112316366,0.873147529290707,0.069983335892631
"Environment3",58,"MSE",0.777020176697914,0.217145395309665,0.4872695310983,0.640717983903774,0.628646310139569,0.191420366342297,0.737597373142209,0.640717983903774,0.03777364796146,0.10741015242697,0.72508073634319,0.069983335892631
"Environment3",58,"GAUSSIAN",0.777528680601169,0.219486955668629,0.460103176709633,0.655099845795682,0.615935627287849,0.188595291848879,0.748919512706412,0.655099845795682,0.0572738723108523,0.189633581983477,0.762633850446965,0.069983335892631
"Environment1",59,"GLM",0.972262074982557,0.111297230434481,0.382562670839317,0.311626262960942,0.845601676636416,0.113768155164868,0.567882060412264,0.311626262960942,1.3263734110168,0.200971770678896,4.11713940893029e-11,1.2922921046782
"Environment1",59,"POISSON",0.832688887735994,0.368522953427464,0.411097267276595,0.221585396325594,0.699145880397307,0.325703542268165,0.628594396762741,0.37400197555136,1.36781041791692,0.2377163234972,8.71763554440716e-09,1.2922921046782
"Environment1",59,"MAE",0.886291439296702,0.339287439512543,0.401696334341833,0.471815676215118,0.857406510045226,0.319976118610954,0.608500068357452,0.471815676215118,1.03963837647435,0.332674575190715,0.0017774996152147,1.2922921046782
"Environment1",59,"MSE",0.907181586416718,0.407086701416438,0.389530421132141,0.689948158076699,0.656918028430427,0.393788964350538,0.669221096026444,0.689948158076699,1.48092149302876,0.355210183516186,3.05749223491514e-05,1.2922921046782
"Environment1",59,"GAUSSIAN",0.913240976581621,0.35813613281326,0.366304586822729,0.703977900815275,0.641883319567886,0.385909954675702,0.686261295105773,0.703977900815275,1.44241202016528,0.335103469634568,1.67455499589219e-05,1.2922921046782
"Environment2",59,"GLM",0.972262074982557,0.111297230434481,0.382562670839317,0.311626262960942,0.845601676636416,0.113768155164868,0.567882060412264,0.311626262960942,0.349521358912627,0.129387367886375,0.00690573508824245,0.25845842093564
"Environment2",59,"POISSON",0.832688887735994,0.368522953427464,0.411097267276595,0.221585396325594,0.699145880397307,0.325703542268165,0.628594396762741,0.37400197555136,0.34150848727363,0.177186629770232,0.0539305185682019,0.25845842093564
"Environment2",59,"MAE",0.886291439296702,0.339287439512543,0.401696334341833,0.471815676215118,0.857406510045226,0.319976118610954,0.608500068357452,0.471815676215118,0.215425360717357,0.136839541180937,0.115420016246218,0.25845842093564
"Environment2",59,"MSE",0.907181586416718,0.407086701416438,0.389530421132141,0.689948158076699,0.656918028430427,0.393788964350538,0.669221096026444,0.689948158076699,0.430718364890818,0.332352321962375,0.194986104569799,0.25845842093564
"Environment2",59,"GAUSSIAN",0.913240976581621,0.35813613281326,0.366304586822729,0.703977900815275,0.641883319567886,0.385909954675702,0.686261295105773,0.703977900815275,0.307784636174256,0.265890438424754,0.24704287251202,0.25845842093564
"Environment3",59,"GLM",0.972262074982557,0.111297230434481,0.382562670839317,0.311626262960942,0.845601676636416,0.113768155164868,0.567882060412264,0.311626262960942,0.172782128232363,0.112083121602034,0.123182133030648,0.06461460523391
"Environment3",59,"POISSON",0.832688887735994,0.368522953427464,0.411097267276595,0.221585396325594,0.699145880397307,0.325703542268165,0.628594396762741,0.37400197555136,0.274262810147998,0.181235679298733,0.130205074432631,0.06461460523391
"Environment3",59,"MAE",0.886291439296702,0.339287439512543,0.401696334341833,0.471815676215118,0.857406510045226,0.319976118610954,0.608500068357452,0.471815676215118,0.263478146800321,0.151773934558885,0.0825654697672852,0.06461460523391
"Environment3",59,"MSE",0.907181586416718,0.407086701416438,0.389530421132141,0.689948158076699,0.656918028430427,0.393788964350538,0.669221096026444,0.689948158076699,0.43141927301971,0.287678272734678,0.133702790176726,0.06461460523391
"Environment3",59,"GAUSSIAN",0.913240976581621,0.35813613281326,0.366304586822729,0.703977900815275,0.641883319567886,0.385909954675702,0.686261295105773,0.703977900815275,0.323883414344494,0.243630637104427,0.183714893669677,0.06461460523391
"Environment1",60,"GLM",0.779336796380407,0.186804854338458,0.692282274657542,0.263673718034123,1.00655530157069,0.159956136258424,0.575236166832686,0.263673718034123,1.4943936372158,0.216921829977438,5.61510862503352e-12,1.42420486739834
"Environment1",60,"POISSON",0.845193807393425,0.31415403533248,0.65704276845345,0.229816168516458,0.831994430634605,0.378669538789457,0.649099512532553,0.346183734686862,1.5437072676581,0.365754642406935,2.43643414320976e-05,1.42420486739834
"Environment1",60,"MAE",0.779354226786268,0.347379033112702,0.623652248685993,0.398028807031375,1.0324872130192,0.305464441073049,0.612861875525414,0.398028807031375,1.1306865342552,0.281565892474888,5.92674868634103e-05,1.42420486739834
"Environment1",60,"MSE",0.894770515443356,0.387554757218069,0.640728182247852,0.659644461577922,0.776360155588969,0.439479876359052,0.689069667660749,0.659644461577922,1.52737679232068,0.507415626925327,0.00261153193486792,1.42420486739834
"Environment1",60,"GAUSSIAN",0.854545876804764,0.334071445657267,0.653453559488218,0.646673508364921,0.791015380358636,0.412873117650461,0.661671855598673,0.646673508364921,1.40570842849523,0.289789102432487,1.22965667013606e-06,1.42420486739834
"Environment2",60,"GLM",0.779336796380407,0.186804854338458,0.692282274657542,0.263673718034123,1.00655530157069,0.159956136258424,0.575236166832686,0.263673718034123,0.471812015565431,0.132739195905236,0.000378801118351549,0.284840973479668
"Environment2",60,"POISSON",0.845193807393425,0.31415403533248,0.65704276845345,0.229816168516458,0.831994430634605,0.378669538789457,0.649099512532553,0.346183734686862,0.405112308487314,0.247231748553119,0.101297970292294,0.284840973479668
"Environment2",60,"MAE",0.779354226786268,0.347379033112702,0.623652248685993,0.398028807031375,1.0324872130192,0.305464441073049,0.612861875525414,0.398028807031375,0.421155432622643,0.153186868899837,0.00597241556220572,0.284840973479668
"Environment2",60,"MSE",0.894770515443356,0.387554757218069,0.640728182247852,0.659644461577922,0.776360155588969,0.439479876359052,0.689069667660749,0.659644461577922,0.453532816910524,0.291725328262379,0.120027786219569,0.284840973479668
"Environment2",60,"GAUSSIAN",0.854545876804764,0.334071445657267,0.653453559488218,0.646673508364921,0.791015380358636,0.412873117650461,0.661671855598673,0.646673508364921,0.397949678633192,0.322656588252487,0.217443852216902,0.284840973479668
"Environment3",60,"GLM",0.779336796380407,0.186804854338458,0.692282274657542,0.263673718034123,1.00655530157069,0.159956136258424,0.575236166832686,0.263673718034123,0.0575506046363276,0.131643248084151,0.661987371305639,0.071210243369917
"Environment3",60,"POISSON",0.845193807393425,0.31415403533248,0.65704276845345,0.229816168516458,0.831994430634605,0.378669538789457,0.649099512532553,0.346183734686862,0.0323595264966298,0.267258610482329,0.903628103174233,0.071210243369917
"Environment3",60,"MAE",0.779354226786268,0.347379033112702,0.623652248685993,0.398028807031375,1.0324872130192,0.305464441073049,0.612861875525414,0.398028807031375,0.17819256071364,0.31086365606907,0.566497277932729,0.071210243369917
"Environment3",60,"MSE",0.894770515443356,0.387554757218069,0.640728182247852,0.659644461577922,0.776360155588969,0.439479876359052,0.689069667660749,0.659644461577922,0.0952916528490096,0.18658554019282,0.609552066977706,0.071210243369917
"Environment3",60,"GAUSSIAN",0.854545876804764,0.334071445657267,0.653453559488218,0.646673508364921,0.791015380358636,0.412873117650461,0.661671855598673,0.646673508364921,0.0416399261494019,0.347382829435386,0.904588076203221,0.071210243369917
"Environment1",61,"GLM",0.897605446440618,0.254088599272511,0.572247555116141,0.384382453198158,0.900742396801246,0.370647444322926,0.601784671312741,0.384382453198158,1.89160540884016,0.252235990817127,6.41361711864054e-14,1.36910464015124
"Environment1",61,"POISSON",0.774357608882024,0.284555770133677,0.561382095208872,0.316846772705498,0.767944965645984,0.448454184782481,0.662962411883465,0.444370759504314,1.78779040312336,0.430050827509769,3.22227322395047e-05,1.36910464015124
"Environment1",61,"MAE",0.858786857563479,0.377992695504317,0.563079823319383,0.646490230696183,0.845226206661311,0.46552407993279,0.652627912093883,0.646490230696183,1.80921888545627,0.522154988412645,0.000530413316325431,1.36910464015124
"Environment1",61,"MSE",0.775644431239295,0.420831108600031,0.51656207309139,0.736343039460521,0.729947901969882,0.516923684794802,0.704990881230854,0.736343039460521,1.77381489571962,0.346448595279018,3.05544598604164e-07,1.36910464015124
"Environment1",61,"GAUSSIAN",0.752080544249515,0.448700424613362,0.540556630386608,0.740965864974833,0.723520337469186,0.539760587724916,0.710374119915942,0.740965864974833,1.73579056685182,0.26403914943362,4.89847236759265e-11,1.36910464015124
"Environment2",61,"GLM",0.897605446440618,0.254088599272511,0.572247555116141,0.384382453198158,0.900742396801246,0.370647444322926,0.601784671312741,0.384382453198158,0.491971074916721,0.134611770893889,0.000257442357123444,0.273820928030249
"Environment2",61,"POISSON",0.774357608882024,0.284555770133677,0.561382095208872,0.316846772705498,0.767944965645984,0.448454184782481,0.662962411883465,0.444370759504314,0.11986775797958,0.225983363091433,0.595815662692548,0.273820928030249
"Environment2",61,"MAE",0.858786857563479,0.377992695504317,0.563079823319383,0.646490230696183,0.845226206661311,0.46552407993279,0.652627912093883,0.646490230696183,0.329376688875935,0.249133860181504,0.18613911392574,0.273820928030249
"Environment2",61,"MSE",0.775644431239295,0.420831108600031,0.51656207309139,0.736343039460521,0.729947901969882,0.516923684794802,0.704990881230854,0.736343039460521,0.0406718976394404,0.307291892123518,0.894702787492291,0.273820928030249
"Environment2",61,"GAUSSIAN",0.752080544249515,0.448700424613362,0.540556630386608,0.740965864974833,0.723520337469186,0.539760587724916,0.710374119915942,0.740965864974833,0.0549967976163862,0.228895187865709,0.810120439618378,0.273820928030249
"Environment3",61,"GLM",0.897605446440618,0.254088599272511,0.572247555116141,0.384382453198158,0.900742396801246,0.370647444322926,0.601784671312741,0.384382453198158,-0.0105189926121653,0.116826793601341,0.928256053494047,0.0684552320075622
"Environment3",61,"POISSON",0.774357608882024,0.284555770133677,0.561382095208872,0.316846772705498,0.767944965645984,0.448454184782481,0.662962411883465,0.444370759504314,0.144038994852681,0.221057774161647,0.514665817871074,0.0684552320075622
"Environment3",61,"MAE",0.858786857563479,0.377992695504317,0.563079823319383,0.646490230696183,0.845226206661311,0.46552407993279,0.652627912093883,0.646490230696183,0.0117529233973684,0.240908752006665,0.961090007908205,0.0684552320075622
"Environment3",61,"MSE",0.775644431239295,0.420831108600031,0.51656207309139,0.736343039460521,0.729947901969882,0.516923684794802,0.704990881230854,0.736343039460521,0.248447735543668,0.188296452189657,0.187018747865939,0.0684552320075622
"Environment3",61,"GAUSSIAN",0.752080544249515,0.448700424613362,0.540556630386608,0.740965864974833,0.723520337469186,0.539760587724916,0.710374119915942,0.740965864974833,0.198781598795094,0.23277304939228,0.393120665010683,0.0684552320075622
"Environment1",62,"GLM",0.648084815136837,0.132955236225745,0.686559133438396,0.286474190281835,0.814460429542203,0.146476425754817,0.659883930089301,0.286474190281835,1.40407916316985,0.206539246606898,1.05991089936016e-11,1.31345227904534
"Environment1",62,"POISSON",0.707545284804505,0.261520759198982,0.651621804754549,0.353717617239687,0.757179565903106,0.250787725292554,0.69587819833587,0.331591360564979,1.08690323716233,0.168137589325345,1.01723106855929e-10,1.31345227904534
"Environment1",62,"MAE",0.724098575393846,0.279138354489562,0.634095104982918,0.50902096638243,0.789210322682293,0.241671571692916,0.701720942094013,0.50902096638243,1.0696776922705,0.173146028003348,6.49625779688465e-10,1.31345227904534
"Environment1",62,"MSE",0.722978076720134,0.273060070639992,0.623532656776173,0.607531078463862,0.705608688247236,0.281149131207151,0.726984010168715,0.607531078463862,1.12431072845235,0.305017155354362,0.000227755044514041,1.31345227904534
"Environment1",62,"GAUSSIAN",0.680576642974977,0.268491970525096,0.641059356547804,0.622992696600612,0.691570031737074,0.28306183345947,0.737819044714846,0.622992696600612,1.15153402323687,0.204437620174898,1.77418775815835e-08,1.31345227904534
"Environment2",62,"GLM",0.648084815136837,0.132955236225745,0.686559133438396,0.286474190281835,0.814460429542203,0.146476425754817,0.659883930089301,0.286474190281835,0.391463546707364,0.120303983327088,0.00113810977090596,0.262690455809068
"Environment2",62,"POISSON",0.707545284804505,0.261520759198982,0.651621804754549,0.353717617239687,0.757179565903106,0.250787725292554,0.69587819833587,0.331591360564979,0.50677298378923,0.162774369913628,0.00184978824585236,0.262690455809068
"Environment2",62,"MAE",0.724098575393846,0.279138354489562,0.634095104982918,0.50902096638243,0.789210322682293,0.241671571692916,0.701720942094013,0.50902096638243,0.561799151152149,0.305120230276569,0.0655865984110875,0.262690455809068
"Environment2",62,"MSE",0.722978076720134,0.273060070639992,0.623532656776173,0.607531078463862,0.705608688247236,0.281149131207151,0.726984010168715,0.607531078463862,0.491750171288313,0.236315879024106,0.0374428824870103,0.262690455809068
"Environment2",62,"GAUSSIAN",0.680576642974977,0.268491970525096,0.641059356547804,0.622992696600612,0.691570031737074,0.28306183345947,0.737819044714846,0.622992696600612,0.476062273044856,0.229766535647976,0.0382711193684819,0.262690455809068
"Environment3",62,"GLM",0.648084815136837,0.132955236225745,0.686559133438396,0.286474190281835,0.814460429542203,0.146476425754817,0.659883930089301,0.286474190281835,0.0943628530171078,0.128204841498886,0.461711284843755,0.065672613952267
"Environment3",62,"POISSON",0.707545284804505,0.261520759198982,0.651621804754549,0.353717617239687,0.757179565903106,0.250787725292554,0.69587819833587,0.331591360564979,0.0718846872751612,0.116854697234138,0.538447073448365,0.065672613952267
"Environment3",62,"MAE",0.724098575393846,0.279138354489562,0.634095104982918,0.50902096638243,0.789210322682293,0.241671571692916,0.701720942094013,0.50902096638243,0.188698106713695,0.134890181518791,0.161842457236819,0.065672613952267
"Environment3",62,"MSE",0.722978076720134,0.273060070639992,0.623532656776173,0.607531078463862,0.705608688247236,0.281149131207151,0.726984010168715,0.607531078463862,0.0716061020113537,0.156932048239517,0.648183388668852,0.065672613952267
"Environment3",62,"GAUSSIAN",0.680576642974977,0.268491970525096,0.641059356547804,0.622992696600612,0.691570031737074,0.28306183345947,0.737819044714846,0.622992696600612,0.0856165679780794,0.203636307052727,0.674165059980875,0.065672613952267
"Environment1",63,"GLM",0.589353663131398,0.149140519654432,0.774843489683433,0.225050682385407,0.910361694934162,0.133898773035154,0.536979072305588,0.225050682385407,1.15633773278575,0.180458258007104,1.47648840583164e-10,1.20171466777739
"Environment1",63,"POISSON",0.62029227437362,0.321000987591251,0.755991106286215,0.354568679151541,0.82015540763371,0.243794236013463,0.595055953826444,0.28660763253541,1.02845029580918,0.264032337074367,9.81307125618612e-05,1.20171466777739
"Environment1",63,"MAE",0.598236828288526,0.314676888233917,0.776949901236195,0.301849612967895,0.943689999924941,0.287678546024547,0.588443097803429,0.301849612967895,0.767525855469243,0.295622154672741,0.00942318412308816,1.20171466777739
"Environment1",63,"MSE",0.694451748969772,0.490597536321408,0.753147450689986,0.569935471385282,0.740664745292026,0.309145372469241,0.648189620169842,0.569935471385282,1.00367433673007,0.349680224585858,0.00410130049828039,1.20171466777739
"Environment1",63,"GAUSSIAN",0.696665453923659,0.455567353109229,0.738297249243015,0.582027911155367,0.730177594012384,0.344990766921146,0.640924744966977,0.582027911155367,1.08983675422183,0.255353417289568,1.97273593380273e-05,1.20171466777739
"Environment2",63,"GLM",0.589353663131398,0.149140519654432,0.774843489683433,0.225050682385407,0.910361694934162,0.133898773035154,0.536979072305588,0.225050682385407,0.403195338723922,0.12429776181671,0.00117952331677642,0.240342933555479
"Environment2",63,"POISSON",0.62029227437362,0.321000987591251,0.755991106286215,0.354568679151541,0.82015540763371,0.243794236013463,0.595055953826444,0.28660763253541,0.468112507466631,0.301017046576541,0.119921544328325,0.240342933555479
"Environment2",63,"MAE",0.598236828288526,0.314676888233917,0.776949901236195,0.301849612967895,0.943689999924941,0.287678546024547,0.588443097803429,0.301849612967895,0.219192701691826,0.123911057312435,0.0769018999998804,0.240342933555479
"Environment2",63,"MSE",0.694451748969772,0.490597536321408,0.753147450689986,0.569935471385282,0.740664745292026,0.309145372469241,0.648189620169842,0.569935471385282,0.521552378325619,0.344847369558192,0.13042828897756,0.240342933555479
"Environment2",63,"GAUSSIAN",0.696665453923659,0.455567353109229,0.738297249243015,0.582027911155367,0.730177594012384,0.344990766921146,0.640924744966977,0.582027911155367,0.558852638223701,0.26615290273935,0.035751473391261,0.240342933555479
"Environment3",63,"GLM",0.589353663131398,0.149140519654432,0.774843489683433,0.225050682385407,0.910361694934162,0.133898773035154,0.536979072305588,0.225050682385407,0.0998435269503007,0.114066778106668,0.381406516283149,0.0600857333888697
"Environment3",63,"POISSON",0.62029227437362,0.321000987591251,0.755991106286215,0.354568679151541,0.82015540763371,0.243794236013463,0.595055953826444,0.28660763253541,0.0760172289909201,0.229600666130613,0.740580635393159,0.0600857333888697
"Environment3",63,"MAE",0.598236828288526,0.314676888233917,0.776949901236195,0.301849612967895,0.943689999924941,0.287678546024547,0.588443097803429,0.301849612967895,0.129469208362267,0.25560521475903,0.612491502164794,0.0600857333888697
"Environment3",63,"MSE",0.694451748969772,0.490597536321408,0.753147450689986,0.569935471385282,0.740664745292026,0.309145372469241,0.648189620169842,0.569935471385282,0.0618344209422492,0.245223236131882,0.800920768006771,0.0600857333888697
"Environment3",63,"GAUSSIAN",0.696665453923659,0.455567353109229,0.738297249243015,0.582027911155367,0.730177594012384,0.344990766921146,0.640924744966977,0.582027911155367,0.129953770258946,0.167635910195813,0.438212985084227,0.0600857333888697
"Environment1",64,"GLM",0.823360994585566,0.130119517291778,0.724506537714685,0.250707973101603,0.809496331818122,0.128555294853456,0.513806444752553,0.250707973101603,1.12574142197477,0.179414312342806,3.50680244773759e-10,1.2760160534561
"Environment1",64,"POISSON",0.909650548942409,0.353487497641365,0.662038342970451,0.25276754718585,0.702183891872894,0.296001905445197,0.577691634339039,0.309278565359002,1.11940997833059,0.283283800091667,7.76467843250842e-05,1.2760160534561
"Environment1",64,"MAE",0.894748007537328,0.232316317375463,0.682584360510913,0.509520638302048,0.782027144105072,0.266652285117467,0.573541412258015,0.509520638302048,1.12450541318936,0.23932531000951,2.61889246629982e-06,1.2760160534561
"Environment1",64,"MSE",0.936100263198409,0.365844925383376,0.60226811012547,0.632779365296974,0.676667000004681,0.316281913773458,0.621867142122241,0.632779365296974,1.03600240202431,0.244246212164892,2.21900916472702e-05,1.2760160534561
"Environment1",64,"GAUSSIAN",0.968860251793463,0.404786369689312,0.597287257388388,0.650706436799163,0.659943491229396,0.331944036420478,0.62250232750088,0.650706436799163,1.14573015950304,0.40931949547435,0.0051243729080718,1.2760160534561
"Environment2",64,"GLM",0.823360994585566,0.130119517291778,0.724506537714685,0.250707973101603,0.809496331818122,0.128555294853456,0.513806444752553,0.250707973101603,0.379575359409593,0.106509053295632,0.000365545492639938,0.25520321069122
"Environment2",64,"POISSON",0.909650548942409,0.353487497641365,0.662038342970451,0.25276754718585,0.702183891872894,0.296001905445197,0.577691634339039,0.309278565359002,0.329293437492612,0.124002046121017,0.00791795658264645,0.25520321069122
"Environment2",64,"MAE",0.894748007537328,0.232316317375463,0.682584360510913,0.509520638302048,0.782027144105072,0.266652285117467,0.573541412258015,0.509520638302048,0.249054355929124,0.141297924976496,0.0779648316293764,0.25520321069122
"Environment2",64,"MSE",0.936100263198409,0.365844925383376,0.60226811012547,0.632779365296974,0.676667000004681,0.316281913773458,0.621867142122241,0.632779365296974,0.215500796363485,0.10571080090482,0.041491139149541,0.25520321069122
"Environment2",64,"GAUSSIAN",0.968860251793463,0.404786369689312,0.597287257388388,0.650706436799163,0.659943491229396,0.331944036420478,0.62250232750088,0.650706436799163,0.276124760966636,0.179026323579199,0.12298380199832,0.25520321069122
"Environment3",64,"GLM",0.823360994585566,0.130119517291778,0.724506537714685,0.250707973101603,0.809496331818122,0.128555294853456,0.513806444752553,0.250707973101603,0.0894086203219788,0.11194881253902,0.42448975378792,0.063800802672805
"Environment3",64,"POISSON",0.909650548942409,0.353487497641365,0.662038342970451,0.25276754718585,0.702183891872894,0.296001905445197,0.577691634339039,0.309278565359002,0.00311683785871764,0.153382421898467,0.983787544658016,0.063800802672805
"Environment3",64,"MAE",0.894748007537328,0.232316317375463,0.682584360510913,0.509520638302048,0.782027144105072,0.266652285117467,0.573541412258015,0.509520638302048,0.0169099395493751,0.130301781243679,0.896744285537089,0.063800802672805
"Environment3",64,"MSE",0.936100263198409,0.365844925383376,0.60226811012547,0.632779365296974,0.676667000004681,0.316281913773458,0.621867142122241,0.632779365296974,-0.0853655389846426,0.211261248723349,0.686157046467572,0.063800802672805
"Environment3",64,"GAUSSIAN",0.968860251793463,0.404786369689312,0.597287257388388,0.650706436799163,0.659943491229396,0.331944036420478,0.62250232750088,0.650706436799163,-0.0749029559232076,0.274854880913893,0.785223603230365,0.063800802672805
"Environment1",65,"GLM",0.902365546924907,0.157434102155623,0.678149832373438,0.259778284527449,0.855760330118777,0.155492761404837,0.602696747286866,0.259778284527449,1.1692313084854,0.182788502435616,1.58838538005181e-10,1.36465962678598
"Environment1",65,"POISSON",0.863858884608151,0.172880239784073,0.700352384217892,0.311306314382921,0.773939207834433,0.208328917711183,0.660387016038523,0.318026531191069,1.20424576669388,0.312843846929484,0.00011843121132926,1.36465962678598
"Environment1",65,"MAE",0.935297903545063,0.280155286055212,0.689404582156341,0.379877908349082,0.850635493132023,0.30749003902856,0.646187718917736,0.379877908349082,0.824849999482708,0.236624294309609,0.000490473690245895,1.36465962678598
"Environment1",65,"MSE",0.910376131488667,0.336119069458445,0.652980119222583,0.5567073706249,0.719200786139542,0.280216643958913,0.701382116957022,0.5567073706249,1.09962561997039,0.202896051669453,5.97157729561918e-08,1.36465962678598
"Environment1",65,"GAUSSIAN",0.873998704082475,0.289643726359248,0.669043716639999,0.517260426124425,0.750518409668582,0.243987566149262,0.686997751871848,0.517260426124425,1.13134464704389,0.254588114015986,8.83741068265929e-06,1.36465962678598
"Environment2",65,"GLM",0.902365546924907,0.157434102155623,0.678149832373438,0.259778284527449,0.855760330118777,0.155492761404837,0.602696747286866,0.259778284527449,0.267337696681022,0.118834161537554,0.0244698753344635,0.272931925357195
"Environment2",65,"POISSON",0.863858884608151,0.172880239784073,0.700352384217892,0.311306314382921,0.773939207834433,0.208328917711183,0.660387016038523,0.318026531191069,0.255900242415801,0.198294570937972,0.196875189449149,0.272931925357195
"Environment2",65,"MAE",0.935297903545063,0.280155286055212,0.689404582156341,0.379877908349082,0.850635493132023,0.30749003902856,0.646187718917736,0.379877908349082,0.171218578679176,0.158611261963261,0.280371294581074,0.272931925357195
"Environment2",65,"MSE",0.910376131488667,0.336119069458445,0.652980119222583,0.5567073706249,0.719200786139542,0.280216643958913,0.701382116957022,0.5567073706249,0.227022419866398,0.18978467191408,0.231614419072802,0.272931925357195
"Environment2",65,"GAUSSIAN",0.873998704082475,0.289643726359248,0.669043716639999,0.517260426124425,0.750518409668582,0.243987566149262,0.686997751871848,0.517260426124425,0.271824664947026,0.171269183860208,0.112485577595857,0.272931925357195
"Environment3",65,"GLM",0.902365546924907,0.157434102155623,0.678149832373438,0.259778284527449,0.855760330118777,0.155492761404837,0.602696747286866,0.259778284527449,0.226725402694615,0.117735885225353,0.054140349258417,0.0682329813392989
"Environment3",65,"POISSON",0.863858884608151,0.172880239784073,0.700352384217892,0.311306314382921,0.773939207834433,0.208328917711183,0.660387016038523,0.318026531191069,0.152573772622288,0.126717579446329,0.228571866831017,0.0682329813392989
"Environment3",65,"MAE",0.935297903545063,0.280155286055212,0.689404582156341,0.379877908349082,0.850635493132023,0.30749003902856,0.646187718917736,0.379877908349082,0.174915891353911,0.113488175963859,0.123251150574643,0.0682329813392989
"Environment3",65,"MSE",0.910376131488667,0.336119069458445,0.652980119222583,0.5567073706249,0.719200786139542,0.280216643958913,0.701382116957022,0.5567073706249,0.170197535172184,0.203246623074597,0.402371047411257,0.0682329813392989
"Environment3",65,"GAUSSIAN",0.873998704082475,0.289643726359248,0.669043716639999,0.517260426124425,0.750518409668582,0.243987566149262,0.686997751871848,0.517260426124425,0.248564599637034,0.177289225049037,0.16090664638063,0.0682329813392989
"Environment1",66,"GLM",0.736661640914956,0.149692204055909,0.725256634475792,0.379196136377633,0.755087451863099,0.173717951879315,0.645060208764717,0.379196136377633,1.52819911302594,0.229787596071078,2.92127459298217e-11,1.43307924118723
"Environment1",66,"POISSON",0.748181497576349,0.221281738295111,0.715709642759129,0.282915695163845,0.677943557046283,0.217372736081495,0.67234751911619,0.416306635526655,1.40050442674939,0.257257332624355,5.21023296895008e-08,1.43307924118723
"Environment1",66,"MAE",0.850490783860538,0.386486412851386,0.650034732708232,0.608429811291881,0.705711225476213,0.31569849983385,0.666563747692337,0.608429811291881,1.37781456241682,0.36309442904737,0.000147854685724327,1.43307924118723
"Environment1",66,"MSE",0.783962017514645,0.307849940306985,0.736272394148866,0.685135012666529,0.632826126013108,0.326249987204039,0.705579457615101,0.685135012666529,1.5688391365147,0.352737125838044,8.68287412148206e-06,1.43307924118723
"Environment1",66,"GAUSSIAN",0.774064315259228,0.383117587288303,0.766382137255268,0.717785356839446,0.59911747535006,0.361104247266494,0.737043739810879,0.717785356839446,1.54783728002767,0.330597068630415,2.84165784795026e-06,1.43307924118723
"Environment2",66,"GLM",0.736661640914956,0.149692204055909,0.725256634475792,0.379196136377633,0.755087451863099,0.173717951879315,0.645060208764717,0.379196136377633,0.408329096516757,0.114868073863234,0.000378315957253849,0.286615848237447
"Environment2",66,"POISSON",0.748181497576349,0.221281738295111,0.715709642759129,0.282915695163845,0.677943557046283,0.217372736081495,0.67234751911619,0.416306635526655,0.417968211151665,0.0978682624447848,1.94840539470075e-05,0.286615848237447
"Environment2",66,"MAE",0.850490783860538,0.386486412851386,0.650034732708232,0.608429811291881,0.705711225476213,0.31569849983385,0.666563747692337,0.608429811291881,0.342818461522257,0.217485844688139,0.114961421923145,0.286615848237447
"Environment2",66,"MSE",0.783962017514645,0.307849940306985,0.736272394148866,0.685135012666529,0.632826126013108,0.326249987204039,0.705579457615101,0.685135012666529,0.433255084787193,0.213996689152774,0.0429097086650097,0.286615848237447
"Environment2",66,"GAUSSIAN",0.774064315259228,0.383117587288303,0.766382137255268,0.717785356839446,0.59911747535006,0.361104247266494,0.737043739810879,0.717785356839446,0.480241400640674,0.217569992385248,0.0272933780034957,0.286615848237447
"Environment3",66,"GLM",0.736661640914956,0.149692204055909,0.725256634475792,0.379196136377633,0.755087451863099,0.173717951879315,0.645060208764717,0.379196136377633,0.0535158081051674,0.118826099275877,0.652443079629154,0.0716539620593616
"Environment3",66,"POISSON",0.748181497576349,0.221281738295111,0.715709642759129,0.282915695163845,0.677943557046283,0.217372736081495,0.67234751911619,0.416306635526655,0.0992582536152247,0.129621308244964,0.44382168710041,0.0716539620593616
"Environment3",66,"MAE",0.850490783860538,0.386486412851386,0.650034732708232,0.608429811291881,0.705711225476213,0.31569849983385,0.666563747692337,0.608429811291881,0.0398314699680164,0.163333374976917,0.807334540022618,0.0716539620593616
"Environment3",66,"MSE",0.783962017514645,0.307849940306985,0.736272394148866,0.685135012666529,0.632826126013108,0.326249987204039,0.705579457615101,0.685135012666529,0.13866551074814,0.212449299365113,0.513950148499116,0.0716539620593616
"Environment3",66,"GAUSSIAN",0.774064315259228,0.383117587288303,0.766382137255268,0.717785356839446,0.59911747535006,0.361104247266494,0.737043739810879,0.717785356839446,0.0818758396922878,0.145073706455129,0.572499574760844,0.0716539620593616
"Environment1",67,"GLM",0.96901660775287,0.114659890293095,0.591407468805842,0.299260446571557,0.645749498672178,0.106340359600495,0.637993297366178,0.299260446571557,1.25291459212299,0.202014704159307,5.57160657114665e-10,1.29072172637104
"Environment1",67,"POISSON",1.03133036244663,0.273476019512251,0.5592272942691,0.245280213962349,0.568566743582458,0.304079829176744,0.709840690134049,0.379659631302093,1.06075854573006,0.136722782165099,8.5965315529096e-15,1.29072172637104
"Environment1",67,"MAE",1.05622551259597,0.336170631045431,0.563761270750222,0.581866807919386,0.599171549214384,0.324939643369173,0.71154368017157,0.581866807919386,1.14684523345158,0.190140501424767,1.62377060956417e-09,1.29072172637104
"Environment1",67,"MSE",1.02074421272453,0.306096175040846,0.496525717078951,0.648398538108549,0.549438638676662,0.277036123503399,0.732449231010112,0.648398538108549,1.21841855840412,0.238904766201385,3.3962155398687e-07,1.29072172637104
"Environment1",67,"GAUSSIAN",1.02133957500944,0.333692258581093,0.472086477997783,0.719933679434095,0.490370464468836,0.34645694707697,0.767131779905005,0.719933679434095,1.20090918796293,0.316327201708345,0.000146803938256811,1.29072172637104
"Environment2",67,"GLM",0.96901660775287,0.114659890293095,0.591407468805842,0.299260446571557,0.645749498672178,0.106340359600495,0.637993297366178,0.299260446571557,0.302834731176752,0.106698451190376,0.0045364499591926,0.258144345274208
"Environment2",67,"POISSON",1.03133036244663,0.273476019512251,0.5592272942691,0.245280213962349,0.568566743582458,0.304079829176744,0.709840690134049,0.379659631302093,0.103033396283487,0.114658866526831,0.368861395855768,0.258144345274208
"Environment2",67,"MAE",1.05622551259597,0.336170631045431,0.563761270750222,0.581866807919386,0.599171549214384,0.324939643369173,0.71154368017157,0.581866807919386,0.144675699311694,0.112552923785033,0.198652010338448,0.258144345274208
"Environment2",67,"MSE",1.02074421272453,0.306096175040846,0.496525717078951,0.648398538108549,0.549438638676662,0.277036123503399,0.732449231010112,0.648398538108549,0.161577906015336,0.115694185446904,0.162535433492438,0.258144345274208
"Environment2",67,"GAUSSIAN",1.02133957500944,0.333692258581093,0.472086477997783,0.719933679434095,0.490370464468836,0.34645694707697,0.767131779905005,0.719933679434095,0.0830140505638701,0.138292152711271,0.548319466473443,0.258144345274208
"Environment3",67,"GLM",0.96901660775287,0.114659890293095,0.591407468805842,0.299260446571557,0.645749498672178,0.106340359600495,0.637993297366178,0.299260446571557,0.0868601383340301,0.115971171823372,0.453868999860919,0.064536086318552
"Environment3",67,"POISSON",1.03133036244663,0.273476019512251,0.5592272942691,0.245280213962349,0.568566743582458,0.304079829176744,0.709840690134049,0.379659631302093,0.115180064687905,0.106165924995065,0.277963224940804,0.064536086318552
"Environment3",67,"MAE",1.05622551259597,0.336170631045431,0.563761270750222,0.581866807919386,0.599171549214384,0.324939643369173,0.71154368017157,0.581866807919386,0.105103571098454,0.190805406725143,0.581742208183479,0.064536086318552
"Environment3",67,"MSE",1.02074421272453,0.306096175040846,0.496525717078951,0.648398538108549,0.549438638676662,0.277036123503399,0.732449231010112,0.648398538108549,0.0826749095353665,0.116155316463906,0.476612331823162,0.064536086318552
"Environment3",67,"GAUSSIAN",1.02133957500944,0.333692258581093,0.472086477997783,0.719933679434095,0.490370464468836,0.34645694707697,0.767131779905005,0.719933679434095,0.214337324059952,0.174730766868037,0.219945928372852,0.064536086318552
"Environment1",68,"GLM",1.11845811487815,0.346009094843083,0.757464874928502,0.204870463036717,0.636942310908446,0.259417281838356,0.546620470471403,0.204870463036717,0.86944270005841,0.162041073135464,8.06940338862222e-08,1.27082723655418
"Environment1",68,"POISSON",1.15224890441892,0.542666425570491,0.758882969104619,0.347880820647478,0.608643716067154,0.334396125011496,0.592106777847331,0.248789272442478,0.789680466704831,0.136879432728635,7.96637751641012e-09,1.27082723655418
"Environment1",68,"MAE",1.18083391241531,0.475604317953895,0.661844810481791,0.367464063408186,0.628579815500526,0.326103456074243,0.593524559762355,0.367464063408186,0.826722317242156,0.216605206994967,0.000135235237464665,1.27082723655418
"Environment1",68,"MSE",1.10424934241172,0.44325605572323,0.710363889793205,0.431167231105424,0.59608766158074,0.312717180160165,0.619334399879653,0.431167231105424,0.849877561579397,0.21751599721381,9.33735377842616e-05,1.27082723655418
"Environment1",68,"GAUSSIAN",1.10424989605834,0.477447411164989,0.706919946794065,0.469412548422601,0.575700115151047,0.345347184917552,0.64869559396658,0.469412548422601,0.845941273606618,0.216014551536313,8.99813811537999e-05,1.27082723655418
"Environment2",68,"GLM",1.11845811487815,0.346009094843083,0.757464874928502,0.204870463036717,0.636942310908446,0.259417281838356,0.546620470471403,0.204870463036717,0.241044308366921,0.108063506229394,0.0257089550655311,0.254165447310837
"Environment2",68,"POISSON",1.15224890441892,0.542666425570491,0.758882969104619,0.347880820647478,0.608643716067154,0.334396125011496,0.592106777847331,0.248789272442478,0.173028902108335,0.163888885203221,0.291073492064548,0.254165447310837
"Environment2",68,"MAE",1.18083391241531,0.475604317953895,0.661844810481791,0.367464063408186,0.628579815500526,0.326103456074243,0.593524559762355,0.367464063408186,0.219997336214623,0.160160328957638,0.16956374734406,0.254165447310837
"Environment2",68,"MSE",1.10424934241172,0.44325605572323,0.710363889793205,0.431167231105424,0.59608766158074,0.312717180160165,0.619334399879653,0.431167231105424,0.202375385143841,0.110970653806671,0.0681998872954337,0.254165447310837
"Environment2",68,"GAUSSIAN",1.10424989605834,0.477447411164989,0.706919946794065,0.469412548422601,0.575700115151047,0.345347184917552,0.64869559396658,0.469412548422601,0.196499506760622,0.189687399517634,0.300243067537797,0.254165447310837
"Environment3",68,"GLM",1.11845811487815,0.346009094843083,0.757464874928502,0.204870463036717,0.636942310908446,0.259417281838356,0.546620470471403,0.204870463036717,-0.0581169752262954,0.0922842363254432,0.528851233073212,0.0635413618277092
"Environment3",68,"POISSON",1.15224890441892,0.542666425570491,0.758882969104619,0.347880820647478,0.608643716067154,0.334396125011496,0.592106777847331,0.248789272442478,-0.0658887065854768,0.0949352895677397,0.487658325080606,0.0635413618277092
"Environment3",68,"MAE",1.18083391241531,0.475604317953895,0.661844810481791,0.367464063408186,0.628579815500526,0.326103456074243,0.593524559762355,0.367464063408186,0.0023945514817427,0.212240492867195,0.990998253445148,0.0635413618277092
"Environment3",68,"MSE",1.10424934241172,0.44325605572323,0.710363889793205,0.431167231105424,0.59608766158074,0.312717180160165,0.619334399879653,0.431167231105424,-0.10020175064667,0.0833245421305188,0.229151331078396,0.0635413618277092
"Environment3",68,"GAUSSIAN",1.10424989605834,0.477447411164989,0.706919946794065,0.469412548422601,0.575700115151047,0.345347184917552,0.64869559396658,0.469412548422601,-0.0897220121912051,0.136947615057174,0.512367505713719,0.0635413618277092
"Environment1",69,"GLM",0.913136233368005,0.0896864624445106,0.409213057587113,0.304930128609246,0.850145017828718,0.119351943386333,0.663939276110353,0.304930128609246,1.55209829616618,0.230236925540324,1.56965803356162e-11,1.34642935494305
"Environment1",69,"POISSON",0.869775160874238,0.153020875547425,0.437673813783996,0.170349542505012,0.785753500619949,0.19847069841265,0.697749915220202,0.34703728347902,1.3438424749866,0.291232608152804,3.94371184303275e-06,1.34642935494305
"Environment1",69,"MAE",0.873165897276069,0.235901279440267,0.397015590645592,0.413826276127389,0.870300787892066,0.220415080382711,0.679136809089378,0.413826276127389,1.08457747111976,0.23536880836713,4.0657725663018e-06,1.34642935494305
"Environment1",69,"MSE",0.865248297233914,0.234751210580174,0.438152145820918,0.585496115515394,0.73184735203078,0.257002154750123,0.718122150943746,0.585496115515394,1.51257179661147,0.511681546164914,0.00311575845469112,1.34642935494305
"Environment1",69,"GAUSSIAN",0.881431969884431,0.201080747763658,0.448675450633211,0.579707321862902,0.736939975403385,0.229191719860369,0.719659074693176,0.579707321862902,1.36650924543297,0.326149675613854,2.79172762676304e-05,1.34642935494305
"Environment2",69,"GLM",0.913136233368005,0.0896864624445106,0.409213057587113,0.304930128609246,0.850145017828718,0.119351943386333,0.663939276110353,0.304930128609246,0.250992540751711,0.13107514451378,0.0555084239920192,0.26928587098861
"Environment2",69,"POISSON",0.869775160874238,0.153020875547425,0.437673813783996,0.170349542505012,0.785753500619949,0.19847069841265,0.697749915220202,0.34703728347902,0.273786486655017,0.135850101059401,0.0438672298802071,0.26928587098861
"Environment2",69,"MAE",0.873165897276069,0.235901279440267,0.397015590645592,0.413826276127389,0.870300787892066,0.220415080382711,0.679136809089378,0.413826276127389,0.28926430727188,0.136903537736982,0.0346088136242389,0.26928587098861
"Environment2",69,"MSE",0.865248297233914,0.234751210580174,0.438152145820918,0.585496115515394,0.73184735203078,0.257002154750123,0.718122150943746,0.585496115515394,0.301804974742517,0.177018620418258,0.088206829029259,0.26928587098861
"Environment2",69,"GAUSSIAN",0.881431969884431,0.201080747763658,0.448675450633211,0.579707321862902,0.736939975403385,0.229191719860369,0.719659074693176,0.579707321862902,0.231324836158726,0.168227083107568,0.169108231183774,0.26928587098861
"Environment3",69,"GLM",0.913136233368005,0.0896864624445106,0.409213057587113,0.304930128609246,0.850145017828718,0.119351943386333,0.663939276110353,0.304930128609246,-0.0105763814102607,0.11593580823882,0.927312869628564,0.0673214677471526
"Environment3",69,"POISSON",0.869775160874238,0.153020875547425,0.437673813783996,0.170349542505012,0.785753500619949,0.19847069841265,0.697749915220202,0.34703728347902,-0.0576207634386208,0.163722038730967,0.724881294466818,0.0673214677471526
"Environment3",69,"MAE",0.873165897276069,0.235901279440267,0.397015590645592,0.413826276127389,0.870300787892066,0.220415080382711,0.679136809089378,0.413826276127389,0.0127394407303186,0.190444331659078,0.94666668487757,0.0673214677471526
"Environment3",69,"MSE",0.865248297233914,0.234751210580174,0.438152145820918,0.585496115515394,0.73184735203078,0.257002154750123,0.718122150943746,0.585496115515394,0.0212528819133695,0.153631644136692,0.889974387523354,0.0673214677471526
"Environment3",69,"GAUSSIAN",0.881431969884431,0.201080747763658,0.448675450633211,0.579707321862902,0.736939975403385,0.229191719860369,0.719659074693176,0.579707321862902,0.00475422676387098,0.207005171016914,0.981676831240331,0.0673214677471526
"Environment1",70,"GLM",1.04473006859699,0.0939372888363005,0.772947259590066,0.307605622386182,0.907597827194064,0.1036534972699,0.677844916844556,0.307605622386182,1.51058150407135,0.222099511913925,1.03627116531025e-11,1.49544274704735
"Environment1",70,"POISSON",1.20216288547234,0.21927187229664,0.769801228638752,0.370948459206235,0.760714292924106,0.300418506543635,0.721148646167487,0.376091100014698,1.1966859378833,0.303849223330016,8.2019841944396e-05,1.49544274704735
"Environment1",70,"MAE",1.14707643476207,0.242486655429892,0.750816559104961,0.453971758638149,0.867157390225296,0.297203392827128,0.711091155960426,0.453971758638149,1.07600182767182,0.274068755139089,8.63598176195716e-05,1.49544274704735
"Environment1",70,"MSE",1.19439873544939,0.242908243437781,0.761990393173421,0.607341322243847,0.735356569660394,0.346438208181899,0.756881828316376,0.607341322243847,1.22539988890752,0.332982379730134,0.00023316603090104,1.49544274704735
"Environment1",70,"GAUSSIAN",1.22778120812852,0.419009367704977,0.774466033152769,0.666943803543111,0.677250190513298,0.459264294126434,0.76547474846188,0.666943803543111,1.34117881072561,0.351368947822761,0.000135078661240063,1.49544274704735
"Environment2",70,"GLM",1.04473006859699,0.0939372888363005,0.772947259590066,0.307605622386182,0.907597827194064,0.1036534972699,0.677844916844556,0.307605622386182,0.2320373876892,0.123219026012922,0.0596828149320866,0.29908854940947
"Environment2",70,"POISSON",1.20216288547234,0.21927187229664,0.769801228638752,0.370948459206235,0.760714292924106,0.300418506543635,0.721148646167487,0.376091100014698,0.0929400482001556,0.187806534205406,0.620691029096022,0.29908854940947
"Environment2",70,"MAE",1.14707643476207,0.242486655429892,0.750816559104961,0.453971758638149,0.867157390225296,0.297203392827128,0.711091155960426,0.453971758638149,0.225668183194786,0.156907564302104,0.150370582801146,0.29908854940947
"Environment2",70,"MSE",1.19439873544939,0.242908243437781,0.761990393173421,0.607341322243847,0.735356569660394,0.346438208181899,0.756881828316376,0.607341322243847,-0.0252788111357131,0.228779695011314,0.912017512664381,0.29908854940947
"Environment2",70,"GAUSSIAN",1.22778120812852,0.419009367704977,0.774466033152769,0.666943803543111,0.677250190513298,0.459264294126434,0.76547474846188,0.666943803543111,0.0624763183942284,0.240699157894809,0.795201768206947,0.29908854940947
"Environment3",70,"GLM",1.04473006859699,0.0939372888363005,0.772947259590066,0.307605622386182,0.907597827194064,0.1036534972699,0.677844916844556,0.307605622386182,-0.0223280270787089,0.111414009514281,0.841163129908193,0.0747721373523675
"Environment3",70,"POISSON",1.20216288547234,0.21927187229664,0.769801228638752,0.370948459206235,0.760714292924106,0.300418506543635,0.721148646167487,0.376091100014698,0.0558027996817987,0.155176701402529,0.719140220899823,0.0747721373523675
"Environment3",70,"MAE",1.14707643476207,0.242486655429892,0.750816559104961,0.453971758638149,0.867157390225296,0.297203392827128,0.711091155960426,0.453971758638149,-0.081353546678502,0.210748644117139,0.699480609000081,0.0747721373523675
"Environment3",70,"MSE",1.19439873544939,0.242908243437781,0.761990393173421,0.607341322243847,0.735356569660394,0.346438208181899,0.756881828316376,0.607341322243847,0.0178400373498607,0.104509207887104,0.864457288477578,0.0747721373523675
"Environment3",70,"GAUSSIAN",1.22778120812852,0.419009367704977,0.774466033152769,0.666943803543111,0.677250190513298,0.459264294126434,0.76547474846188,0.666943803543111,0.0385144415882223,0.218259644106714,0.859931329945792,0.0747721373523675
"Environment1",71,"GLM",0.829290982986789,0.156756125188661,0.59319151427501,0.34208168625003,0.84097335948198,0.152461602450256,0.625399616786919,0.34208168625003,1.77230887087645,0.252084781129605,2.05637867238829e-12,1.42355574337693
"Environment1",71,"POISSON",0.879620765816852,0.207014323306926,0.59064015292329,0.391650627087423,0.692434643367676,0.367576020655562,0.669392234221166,0.396001814363589,2.00879112805967,0.444051567387696,6.07451709338912e-06,1.42355574337693
"Environment1",71,"MAE",0.912546268991136,0.303150128762378,0.5952789917446,0.560240599617895,0.848428646675994,0.336090868385962,0.671941894631304,0.560240599617895,1.53462037127649,0.353583251480525,1.42356128366356e-05,1.42355574337693
"Environment1",71,"MSE",0.885979959297012,0.269193946906634,0.565938336199814,0.730458811241756,0.664232815621639,0.398189917796067,0.708895085410014,0.730458811241756,1.87194450832903,0.407228110816391,4.29037525463455e-06,1.42355574337693
"Environment1",71,"GAUSSIAN",0.914579452647164,0.300775440087165,0.548078806737771,0.771477820964993,0.611606280059261,0.441967462094687,0.737037595380713,0.771477820964993,1.9526766196295,0.45930854757839,2.12495665091173e-05,1.42355574337693
"Environment2",71,"GLM",0.829290982986789,0.156756125188661,0.59319151427501,0.34208168625003,0.84097335948198,0.152461602450256,0.625399616786919,0.34208168625003,0.227713663338178,0.131367753820141,0.0830235174949465,0.284711148675386
"Environment2",71,"POISSON",0.879620765816852,0.207014323306926,0.59064015292329,0.391650627087423,0.692434643367676,0.367576020655562,0.669392234221166,0.396001814363589,0.166457138640874,0.134409678380295,0.215556219666911,0.284711148675386
"Environment2",71,"MAE",0.912546268991136,0.303150128762378,0.5952789917446,0.560240599617895,0.848428646675994,0.336090868385962,0.671941894631304,0.560240599617895,0.110225012904838,0.169837437783184,0.516336413242656,0.284711148675386
"Environment2",71,"MSE",0.885979959297012,0.269193946906634,0.565938336199814,0.730458811241756,0.664232815621639,0.398189917796067,0.708895085410014,0.730458811241756,0.243645309751334,0.18225946610679,0.1812863967146,0.284711148675386
"Environment2",71,"GAUSSIAN",0.914579452647164,0.300775440087165,0.548078806737771,0.771477820964993,0.611606280059261,0.441967462094687,0.737037595380713,0.771477820964993,0.166294294475949,0.187584797889386,0.375347088455333,0.284711148675386
"Environment3",71,"GLM",0.829290982986789,0.156756125188661,0.59319151427501,0.34208168625003,0.84097335948198,0.152461602450256,0.625399616786919,0.34208168625003,0.0703706546422124,0.11782427262941,0.550339870507392,0.0711777871688465
"Environment3",71,"POISSON",0.879620765816852,0.207014323306926,0.59064015292329,0.391650627087423,0.692434643367676,0.367576020655562,0.669392234221166,0.396001814363589,0.0524514871162341,0.168691262866982,0.755852427904958,0.0711777871688465
"Environment3",71,"MAE",0.912546268991136,0.303150128762378,0.5952789917446,0.560240599617895,0.848428646675994,0.336090868385962,0.671941894631304,0.560240599617895,0.0461009123671186,0.188324249583988,0.806614846140326,0.0711777871688465
"Environment3",71,"MSE",0.885979959297012,0.269193946906634,0.565938336199814,0.730458811241756,0.664232815621639,0.398189917796067,0.708895085410014,0.730458811241756,0.0278000788963959,0.164736241332339,0.865989286175135,0.0711777871688465
"Environment3",71,"GAUSSIAN",0.914579452647164,0.300775440087165,0.548078806737771,0.771477820964993,0.611606280059261,0.441967462094687,0.737037595380713,0.771477820964993,0.0302172843745989,0.172784005802892,0.861170208275711,0.0711777871688465
"Environment1",72,"GLM",0.846825225648584,0.129911535184805,0.565493932190579,0.289411595281732,0.875245079557666,0.17615490079132,0.607402136904104,0.289411595281732,1.38527123446812,0.206504221620278,1.97042272722589e-11,1.52176171121903
"Environment1",72,"POISSON",0.921249137086963,0.226958659769204,0.564623271786898,0.166211435538123,0.763217593804631,0.292745947604837,0.639455411862541,0.3332359303148,1.50786543155453,0.399052183542602,0.000157701648465046,1.52176171121903
"Environment1",72,"MAE",0.856762202233447,0.18931491722778,0.592919734906519,0.537518592684622,0.836190216209767,0.274244374889622,0.636558574455077,0.537518592684622,1.23466801702337,0.50035206000616,0.0136022773771833,1.52176171121903
"Environment1",72,"MSE",0.97022156760028,0.33091880677348,0.586825112080754,0.668048726463754,0.70842701224446,0.387286026798933,0.674827842210395,0.668048726463754,1.53388921111355,0.332225196174846,3.89296335529607e-06,1.52176171121903
"Environment1",72,"GAUSSIAN",0.970090704279803,0.320327514128222,0.560705299970335,0.68329947427893,0.691962142985108,0.386731024833047,0.676345547458041,0.68329947427893,1.57369602906035,0.371587327739774,2.28486855511632e-05,1.52176171121903
"Environment2",72,"GLM",0.846825225648584,0.129911535184805,0.565493932190579,0.289411595281732,0.875245079557666,0.17615490079132,0.607402136904104,0.289411595281732,0.294145628927593,0.130289118895449,0.0239682551762708,0.304352342243806
"Environment2",72,"POISSON",0.921249137086963,0.226958659769204,0.564623271786898,0.166211435538123,0.763217593804631,0.292745947604837,0.639455411862541,0.3332359303148,0.0972591406818543,0.131386361797736,0.459146529729881,0.304352342243806
"Environment2",72,"MAE",0.856762202233447,0.18931491722778,0.592919734906519,0.537518592684622,0.836190216209767,0.274244374889622,0.636558574455077,0.537518592684622,0.208553675784335,0.213105465679539,0.327757556500071,0.304352342243806
"Environment2",72,"MSE",0.97022156760028,0.33091880677348,0.586825112080754,0.668048726463754,0.70842701224446,0.387286026798933,0.674827842210395,0.668048726463754,0.0862145529150075,0.140656607325842,0.539913700334205,0.304352342243806
"Environment2",72,"GAUSSIAN",0.970090704279803,0.320327514128222,0.560705299970335,0.68329947427893,0.691962142985108,0.386731024833047,0.676345547458041,0.68329947427893,0.0338480492155531,0.24996426114574,0.892286488964337,0.304352342243806
"Environment3",72,"GLM",0.846825225648584,0.129911535184805,0.565493932190579,0.289411595281732,0.875245079557666,0.17615490079132,0.607402136904104,0.289411595281732,0.30194374990782,0.124248312541102,0.0150920009530649,0.0760880855609514
"Environment3",72,"POISSON",0.921249137086963,0.226958659769204,0.564623271786898,0.166211435538123,0.763217593804631,0.292745947604837,0.639455411862541,0.3332359303148,0.258529530226086,0.165872395612761,0.119089920225936,0.0760880855609514
"Environment3",72,"MAE",0.856762202233447,0.18931491722778,0.592919734906519,0.537518592684622,0.836190216209767,0.274244374889622,0.636558574455077,0.537518592684622,0.174526469196597,0.180597121920753,0.333851236007617,0.0760880855609514
"Environment3",72,"MSE",0.97022156760028,0.33091880677348,0.586825112080754,0.668048726463754,0.70842701224446,0.387286026798933,0.674827842210395,0.668048726463754,0.338523823294962,0.198380540040647,0.0879268125935211,0.0760880855609514
"Environment3",72,"GAUSSIAN",0.970090704279803,0.320327514128222,0.560705299970335,0.68329947427893,0.691962142985108,0.386731024833047,0.676345547458041,0.68329947427893,0.349378685611055,0.204487465696233,0.0875328630122954,0.0760880855609514
"Environment1",73,"GLM",0.703655897517172,0.175473036888005,0.613936752512917,0.349543022091718,0.727292502405029,0.130339909287187,0.691175681339876,0.349543022091718,1.65972051170266,0.242660420254397,7.93682450177742e-12,1.49014072601815
"Environment1",73,"POISSON",0.773537455132757,0.231405746082505,0.609618186002845,0.354918246786934,0.64711322390407,0.295176285095249,0.720277107175452,0.38789744296792,1.58957600926922,0.366525860240703,1.4452424830901e-05,1.49014072601815
"Environment1",73,"MAE",0.764376269769715,0.344673081642946,0.608451005864988,0.562587949116686,0.747479464179775,0.346005542186673,0.72422255013721,0.562587949116686,1.33213187342474,0.316595138868563,2.58002845297838e-05,1.49014072601815
"Environment1",73,"MSE",0.844880798620749,0.310899464331481,0.517294237098336,0.708273732190949,0.610438141744696,0.322512063755421,0.76217851868108,0.708273732190949,1.59638538837777,0.342267479647547,3.09901782597499e-06,1.49014072601815
"Environment1",73,"GAUSSIAN",0.837692104668149,0.324304554219357,0.494300788382548,0.72549612472308,0.592145091540707,0.320650605939891,0.776848637587907,0.72549612472308,1.44003811377988,0.389491194440992,0.000217965761941939,1.49014072601815
"Environment2",73,"GLM",0.703655897517172,0.175473036888005,0.613936752512917,0.349543022091718,0.727292502405029,0.130339909287187,0.691175681339876,0.349543022091718,0.273884518237778,0.119571083771746,0.0219889828080929,0.29802814520363
"Environment2",73,"POISSON",0.773537455132757,0.231405746082505,0.609618186002845,0.354918246786934,0.64711322390407,0.295176285095249,0.720277107175452,0.38789744296792,0.213282216696801,0.117007461170246,0.0683323715295616,0.29802814520363
"Environment2",73,"MAE",0.764376269769715,0.344673081642946,0.608451005864988,0.562587949116686,0.747479464179775,0.346005542186673,0.72422255013721,0.562587949116686,0.215991746059141,0.124490287846814,0.0827392449205663,0.29802814520363
"Environment2",73,"MSE",0.844880798620749,0.310899464331481,0.517294237098336,0.708273732190949,0.610438141744696,0.322512063755421,0.76217851868108,0.708273732190949,0.258404618432951,0.155352293411262,0.0962431923932037,0.29802814520363
"Environment2",73,"GAUSSIAN",0.837692104668149,0.324304554219357,0.494300788382548,0.72549612472308,0.592145091540707,0.320650605939891,0.776848637587907,0.72549612472308,0.255928278093027,0.16113206278607,0.112215399689389,0.29802814520363
"Environment3",73,"GLM",0.703655897517172,0.175473036888005,0.613936752512917,0.349543022091718,0.727292502405029,0.130339909287187,0.691175681339876,0.349543022091718,-0.0417317276335401,0.124376106236545,0.737226453967942,0.0745070363009074
"Environment3",73,"POISSON",0.773537455132757,0.231405746082505,0.609618186002845,0.354918246786934,0.64711322390407,0.295176285095249,0.720277107175452,0.38789744296792,-0.12729777117986,0.143413524730476,0.374741220753775,0.0745070363009074
"Environment3",73,"MAE",0.764376269769715,0.344673081642946,0.608451005864988,0.562587949116686,0.747479464179775,0.346005542186673,0.72422255013721,0.562587949116686,-0.013563476139905,0.121312370669243,0.910977065171338,0.0745070363009074
"Environment3",73,"MSE",0.844880798620749,0.310899464331481,0.517294237098336,0.708273732190949,0.610438141744696,0.322512063755421,0.76217851868108,0.708273732190949,-0.113337190669254,0.145580021889464,0.436261581540024,0.0745070363009074
"Environment3",73,"GAUSSIAN",0.837692104668149,0.324304554219357,0.494300788382548,0.72549612472308,0.592145091540707,0.320650605939891,0.776848637587907,0.72549612472308,-0.0529825204602776,0.164723826761437,0.747721992881641,0.0745070363009074
"Environment1",74,"GLM",0.619118585972494,0.118023413333652,0.560033792906879,0.249012738981723,0.691284522231243,0.0856383442600214,0.565104033148502,0.249012738981723,1.05040667613214,0.168332359402049,4.37359006014447e-10,1.14942638312897
"Environment1",74,"POISSON",0.629200607936647,0.216825259121937,0.506133307304972,0.226077407500011,0.643798895372576,0.198763179919477,0.612755732414727,0.288118926972578,0.932419758667638,0.149050847233595,3.95696443780267e-10,1.14942638312897
"Environment1",74,"MAE",0.648743928063942,0.237235396297892,0.606408132675255,0.453704975481177,0.679174396843757,0.229211948960397,0.594867832151688,0.453704975481177,0.907780877869939,0.235615366210722,0.00011677073049066,1.14942638312897
"Environment1",74,"MSE",0.657071852419589,0.248978507917317,0.520300170050443,0.537645892106189,0.624820174012361,0.238390428770597,0.649430491633141,0.537645892106189,0.901549891768409,0.168560985826299,8.86819354544893e-08,1.14942638312897
"Environment1",74,"GAUSSIAN",0.668930333319789,0.251239804353722,0.50967502299134,0.589727839399626,0.588577569745009,0.245719558036497,0.675896386621336,0.589727839399626,0.861356607580307,0.261108559221655,0.00097083577211582,1.14942638312897
"Environment2",74,"GLM",0.619118585972494,0.118023413333652,0.560033792906879,0.249012738981723,0.691284522231243,0.0856383442600214,0.565104033148502,0.249012738981723,0.253694717765272,0.11776949357524,0.031227369938205,0.229885276625795
"Environment2",74,"POISSON",0.629200607936647,0.216825259121937,0.506133307304972,0.226077407500011,0.643798895372576,0.198763179919477,0.612755732414727,0.288118926972578,0.255984513504372,0.12996110597223,0.0488726543998383,0.229885276625795
"Environment2",74,"MAE",0.648743928063942,0.237235396297892,0.606408132675255,0.453704975481177,0.679174396843757,0.229211948960397,0.594867832151688,0.453704975481177,0.197749060820282,0.135024840629089,0.14304690553037,0.229885276625795
"Environment2",74,"MSE",0.657071852419589,0.248978507917317,0.520300170050443,0.537645892106189,0.624820174012361,0.238390428770597,0.649430491633141,0.537645892106189,0.301043925872368,0.0964544853696322,0.00180177907107035,0.229885276625795
"Environment2",74,"GAUSSIAN",0.668930333319789,0.251239804353722,0.50967502299134,0.589727839399626,0.588577569745009,0.245719558036497,0.675896386621336,0.589727839399626,0.304358695817359,0.153330987636594,0.0471468766750293,0.229885276625795
"Environment3",74,"GLM",0.619118585972494,0.118023413333652,0.560033792906879,0.249012738981723,0.691284522231243,0.0856383442600214,0.565104033148502,0.249012738981723,0.145174086923475,0.108428334777228,0.18060506292505,0.0574713191564487
"Environment3",74,"POISSON",0.629200607936647,0.216825259121937,0.506133307304972,0.226077407500011,0.643798895372576,0.198763179919477,0.612755732414727,0.288118926972578,0.17100677315914,0.13415585560763,0.202419923177015,0.0574713191564487
"Environment3",74,"MAE",0.648743928063942,0.237235396297892,0.606408132675255,0.453704975481177,0.679174396843757,0.229211948960397,0.594867832151688,0.453704975481177,0.126912404539225,0.114403494390815,0.26728341455031,0.0574713191564487
"Environment3",74,"MSE",0.657071852419589,0.248978507917317,0.520300170050443,0.537645892106189,0.624820174012361,0.238390428770597,0.649430491633141,0.537645892106189,0.0427241507084233,0.210841932896608,0.83941960613634,0.0574713191564487
"Environment3",74,"GAUSSIAN",0.668930333319789,0.251239804353722,0.50967502299134,0.589727839399626,0.588577569745009,0.245719558036497,0.675896386621336,0.589727839399626,0.0152487621782152,0.234247400358869,0.94809690784463,0.0574713191564487
"Environment1",75,"GLM",0.540543725726702,0.0534003904929087,0.742962476571893,0.287375773432824,0.723738234281048,0.0722931763391307,0.633934463556171,0.287375773432824,1.34445332805465,0.204190716763743,4.57027578250675e-11,1.37771444552202
"Environment1",75,"POISSON",0.527977716482312,0.150298133934973,0.714175510783952,0.368148259904716,0.679962806190918,0.186933114820777,0.656270109853949,0.315983376837026,1.20026551995368,0.145890892567886,1.91728396101064e-16,1.37771444552202
"Environment1",75,"MAE",0.583052131432952,0.18836124248021,0.749108008594037,0.530521096091869,0.73715906848792,0.218199901814905,0.644142172029504,0.530521096091869,1.16779576411243,0.207440736599289,1.80691675340101e-08,1.37771444552202
"Environment1",75,"MSE",0.568113698152154,0.140268817204408,0.717410001321923,0.630978331429937,0.653550431459516,0.187207975760965,0.686133384861192,0.630978331429937,1.19067322046656,0.201800636307567,3.62961916551085e-09,1.37771444552202
"Environment1",75,"GAUSSIAN",0.593978115225894,0.202802849240535,0.673097480951723,0.671045923184738,0.617050641475269,0.309565456137695,0.705538415033412,0.671045923184738,1.2593353451951,0.166539481961037,3.97582712772429e-14,1.37771444552202
"Environment2",75,"GLM",0.540543725726702,0.0534003904929087,0.742962476571893,0.287375773432824,0.723738234281048,0.0722931763391307,0.633934463556171,0.287375773432824,0.345416375147951,0.123359541365223,0.00510902120195248,0.275542889104404
"Environment2",75,"POISSON",0.527977716482312,0.150298133934973,0.714175510783952,0.368148259904716,0.679962806190918,0.186933114820777,0.656270109853949,0.315983376837026,0.291719763538404,0.122403466231104,0.0171598874540821,0.275542889104404
"Environment2",75,"MAE",0.583052131432952,0.18836124248021,0.749108008594037,0.530521096091869,0.73715906848792,0.218199901814905,0.644142172029504,0.530521096091869,0.352638820461416,0.111720495479459,0.0015970882112954,0.275542889104404
"Environment2",75,"MSE",0.568113698152154,0.140268817204408,0.717410001321923,0.630978331429937,0.653550431459516,0.187207975760965,0.686133384861192,0.630978331429937,0.297857866829836,0.106795850754176,0.0052864585423117,0.275542889104404
"Environment2",75,"GAUSSIAN",0.593978115225894,0.202802849240535,0.673097480951723,0.671045923184738,0.617050641475269,0.309565456137695,0.705538415033412,0.671045923184738,0.330881487967927,0.23022169805976,0.150652704558532,0.275542889104404
"Environment3",75,"GLM",0.540543725726702,0.0534003904929087,0.742962476571893,0.287375773432824,0.723738234281048,0.0722931763391307,0.633934463556171,0.287375773432824,0.105887125537641,0.114505828416007,0.355105684953626,0.068885722276101
"Environment3",75,"POISSON",0.527977716482312,0.150298133934973,0.714175510783952,0.368148259904716,0.679962806190918,0.186933114820777,0.656270109853949,0.315983376837026,0.117099048410935,0.0753715127457491,0.120273949662539,0.068885722276101
"Environment3",75,"MAE",0.583052131432952,0.18836124248021,0.749108008594037,0.530521096091869,0.73715906848792,0.218199901814905,0.644142172029504,0.530521096091869,0.056352646838421,0.121735521591989,0.643428546407715,0.068885722276101
"Environment3",75,"MSE",0.568113698152154,0.140268817204408,0.717410001321923,0.630978331429937,0.653550431459516,0.187207975760965,0.686133384861192,0.630978331429937,0.0967918702309362,0.114139932357779,0.396432078645586,0.068885722276101
"Environment3",75,"GAUSSIAN",0.593978115225894,0.202802849240535,0.673097480951723,0.671045923184738,0.617050641475269,0.309565456137695,0.705538415033412,0.671045923184738,0.224852522981869,0.199220405308271,0.259040398914,0.068885722276101
"Environment1",76,"GLM",0.757511108872102,0.240946182139516,0.504352707486922,0.295940317616281,0.772036723394069,0.258612666152132,0.672035329796549,0.295940317616281,1.86472724248238,0.243857253963874,2.06045087046005e-14,1.54377009242557
"Environment1",76,"POISSON",0.773190086560553,0.341347651068097,0.452500283628541,0.187180032094283,0.644076808571544,0.406444242043201,0.749426202740121,0.358678041165955,1.89035113350583,0.279619707274076,1.37577099246379e-11,1.54377009242557
"Environment1",76,"MAE",0.818770415898431,0.35620103189837,0.419982661886845,0.716381231241332,0.67858799012307,0.424758167432495,0.736531935148718,0.716381231241332,2.08623307512701,0.338724626026945,7.31673883469634e-10,1.54377009242557
"Environment1",76,"MSE",0.803256172984155,0.379486631411115,0.452500283628541,0.779340782644864,0.59854901735588,0.447408081011091,0.793598347112333,0.779340782644864,1.80563990024445,0.262833146272243,6.4242695081376e-12,1.54377009242557
"Environment1",76,"GAUSSIAN",0.796674618422316,0.401665564444409,0.456564986346253,0.808417975017417,0.557719802745129,0.495891981321828,0.812105134853134,0.808417975017417,1.94671499676747,0.273486753662963,1.09399041856332e-12,1.54377009242557
"Environment2",76,"GLM",0.757511108872102,0.240946182139516,0.504352707486922,0.295940317616281,0.772036723394069,0.258612666152132,0.672035329796549,0.295940317616281,0.386679437057754,0.147594762988499,0.00879626886871671,0.308754018485114
"Environment2",76,"POISSON",0.773190086560553,0.341347651068097,0.452500283628541,0.187180032094283,0.644076808571544,0.406444242043201,0.749426202740121,0.358678041165955,0.317438705445784,0.104419742610531,0.00236557929270682,0.308754018485114
"Environment2",76,"MAE",0.818770415898431,0.35620103189837,0.419982661886845,0.716381231241332,0.67858799012307,0.424758167432495,0.736531935148718,0.716381231241332,0.472893983389815,0.160875164410236,0.00328732791075289,0.308754018485114
"Environment2",76,"MSE",0.803256172984155,0.379486631411115,0.452500283628541,0.779340782644864,0.59854901735588,0.447408081011091,0.793598347112333,0.779340782644864,0.415393585448219,0.14102390662242,0.00322376476949526,0.308754018485114
"Environment2",76,"GAUSSIAN",0.796674618422316,0.401665564444409,0.456564986346253,0.808417975017417,0.557719802745129,0.495891981321828,0.812105134853134,0.808417975017417,0.478348383735126,0.17122588189719,0.00521138417166445,0.308754018485114
"Environment3",76,"GLM",0.757511108872102,0.240946182139516,0.504352707486922,0.295940317616281,0.772036723394069,0.258612666152132,0.672035329796549,0.295940317616281,0.0535674543609801,0.139442570202892,0.700864133311808,0.0771885046212784
"Environment3",76,"POISSON",0.773190086560553,0.341347651068097,0.452500283628541,0.187180032094283,0.644076808571544,0.406444242043201,0.749426202740121,0.358678041165955,-0.0328784137511025,0.136914921501957,0.810223625355706,0.0771885046212784
"Environment3",76,"MAE",0.818770415898431,0.35620103189837,0.419982661886845,0.716381231241332,0.67858799012307,0.424758167432495,0.736531935148718,0.716381231241332,0.0701227727378055,0.176786310458802,0.691623562281783,0.0771885046212784
"Environment3",76,"MSE",0.803256172984155,0.379486631411115,0.452500283628541,0.779340782644864,0.59854901735588,0.447408081011091,0.793598347112333,0.779340782644864,0.0733816726558325,0.190011061755015,0.699350889816435,0.0771885046212784
"Environment3",76,"GAUSSIAN",0.796674618422316,0.401665564444409,0.456564986346253,0.808417975017417,0.557719802745129,0.495891981321828,0.812105134853134,0.808417975017417,-0.0619354012509029,0.243934030451795,0.799571069945245,0.0771885046212784
"Environment1",77,"GLM",0.520844934151297,0.110907217821167,0.571195144209494,0.217719186098775,0.717464057628532,0.11810180708126,0.50983743003989,0.217719186098775,1.05560493199156,0.179622024102534,4.1824181777438e-09,1.20929351484661
"Environment1",77,"POISSON",0.566155216342859,0.123665170546355,0.614304211697003,0.342908691645722,0.645505869791794,0.196353534471963,0.59049052328104,0.274865896105837,0.921793747123684,0.201086880737765,4.56039573012436e-06,1.20929351484661
"Environment1",77,"MAE",0.551491499154783,0.244260084458436,0.6018504810895,0.430997388225009,0.698957857244401,0.288139890885784,0.609434474101543,0.430997388225009,0.899516621132045,0.249485666490067,0.000311571484460961,1.20929351484661
"Environment1",77,"MSE",0.605961999689715,0.181741182449487,0.544251977029801,0.569236247367059,0.608153817497834,0.251795805677056,0.639826913927926,0.569236247367059,0.945852656828497,0.208911645712653,5.9678599224702e-06,1.20929351484661
"Environment1",77,"GAUSSIAN",0.67577533182693,0.285298219060367,0.527008350034797,0.642256762533564,0.55421666141812,0.320245291408979,0.673212041006445,0.642256762533564,0.953074224254087,0.338313542541252,0.00484544652505505,1.20929351484661
"Environment2",77,"GLM",0.520844934151297,0.110907217821167,0.571195144209494,0.217719186098775,0.717464057628532,0.11810180708126,0.50983743003989,0.217719186098775,0.155576982312845,0.104224881495619,0.135514472781405,0.241858702969322
"Environment2",77,"POISSON",0.566155216342859,0.123665170546355,0.614304211697003,0.342908691645722,0.645505869791794,0.196353534471963,0.59049052328104,0.274865896105837,0.170442747863817,0.13551855998508,0.208497455870775,0.241858702969322
"Environment2",77,"MAE",0.551491499154783,0.244260084458436,0.6018504810895,0.430997388225009,0.698957857244401,0.288139890885784,0.609434474101543,0.430997388225009,0.13634462050318,0.189228079398773,0.471198369733662,0.241858702969322
"Environment2",77,"MSE",0.605961999689715,0.181741182449487,0.544251977029801,0.569236247367059,0.608153817497834,0.251795805677056,0.639826913927926,0.569236247367059,0.137144719058288,0.148276823074472,0.355005698562854,0.241858702969322
"Environment2",77,"GAUSSIAN",0.67577533182693,0.285298219060367,0.527008350034797,0.642256762533564,0.55421666141812,0.320245291408979,0.673212041006445,0.642256762533564,0.184481145157584,0.220142975251257,0.402027305568616,0.241858702969322
"Environment3",77,"GLM",0.520844934151297,0.110907217821167,0.571195144209494,0.217719186098775,0.717464057628532,0.11810180708126,0.50983743003989,0.217719186098775,0.0532549641554641,0.100418752609266,0.595883929589761,0.0604646757423305
"Environment3",77,"POISSON",0.566155216342859,0.123665170546355,0.614304211697003,0.342908691645722,0.645505869791794,0.196353534471963,0.59049052328104,0.274865896105837,0.0589554564769048,0.117694897136102,0.616429049244708,0.0604646757423305
"Environment3",77,"MAE",0.551491499154783,0.244260084458436,0.6018504810895,0.430997388225009,0.698957857244401,0.288139890885784,0.609434474101543,0.430997388225009,0.0919993978600962,0.162618813760146,0.57157292170027,0.0604646757423305
"Environment3",77,"MSE",0.605961999689715,0.181741182449487,0.544251977029801,0.569236247367059,0.608153817497834,0.251795805677056,0.639826913927926,0.569236247367059,0.00659216680177906,0.097884028845643,0.946305696154027,0.0604646757423305
"Environment3",77,"GAUSSIAN",0.67577533182693,0.285298219060367,0.527008350034797,0.642256762533564,0.55421666141812,0.320245291408979,0.673212041006445,0.642256762533564,0.0128096137305579,0.20960539487127,0.951269218911851,0.0604646757423305
"Environment1",78,"GLM",0.879407981688733,0.112171682534653,0.538766043006482,0.242476055414883,0.727125485500015,0.108150163710245,0.613883236873307,0.242476055414883,1.12102603577042,0.184629687201278,1.2652067127891e-09,1.30386111152518
"Environment1",78,"POISSON",1.00512353112134,0.327119181678871,0.478639436151133,0.248703157356454,0.638911005509957,0.282648908830352,0.672699558589948,0.29459161219228,0.973845695787432,0.18034997940661,6.67319829107509e-08,1.30386111152518
"Environment1",78,"MAE",0.986539504504438,0.438024560003495,0.541478521511234,0.487767709706456,0.681271221161709,0.366968457469919,0.683272452806435,0.487767709706456,0.978917640005839,0.222133668156332,1.04867589317688e-05,1.30386111152518
"Environment1",78,"MSE",1.02514981763159,0.394043682658199,0.476379037397172,0.605103110902655,0.598175227759849,0.337892058270016,0.714278919621581,0.605103110902655,0.953997923809899,0.171817087072303,2.81767066751606e-08,1.30386111152518
"Environment1",78,"GAUSSIAN",1.07576738187595,0.435193225452047,0.443603255464745,0.70429411520634,0.517626558485706,0.382235095038633,0.747117753935346,0.70429411520634,0.993328161830982,0.205549036212786,1.34788102767228e-06,1.30386111152518
"Environment2",78,"GLM",0.879407981688733,0.112171682534653,0.538766043006482,0.242476055414883,0.727125485500015,0.108150163710245,0.613883236873307,0.242476055414883,0.315538950950412,0.11376586221098,0.00554428607291929,0.260772222305035
"Environment2",78,"POISSON",1.00512353112134,0.327119181678871,0.478639436151133,0.248703157356454,0.638911005509957,0.282648908830352,0.672699558589948,0.29459161219228,0.299133277262508,0.12047359136879,0.0130289133028708,0.260772222305035
"Environment2",78,"MAE",0.986539504504438,0.438024560003495,0.541478521511234,0.487767709706456,0.681271221161709,0.366968457469919,0.683272452806435,0.487767709706456,0.28788123754356,0.0948957062872684,0.00241607152569247,0.260772222305035
"Environment2",78,"MSE",1.02514981763159,0.394043682658199,0.476379037397172,0.605103110902655,0.598175227759849,0.337892058270016,0.714278919621581,0.605103110902655,0.230525842302668,0.126165150680195,0.0676734220250666,0.260772222305035
"Environment2",78,"GAUSSIAN",1.07576738187595,0.435193225452047,0.443603255464745,0.70429411520634,0.517626558485706,0.382235095038633,0.747117753935346,0.70429411520634,0.106543978319501,0.207637086859721,0.607863217384312,0.260772222305035
"Environment3",78,"GLM",0.879407981688733,0.112171682534653,0.538766043006482,0.242476055414883,0.727125485500015,0.108150163710245,0.613883236873307,0.242476055414883,0.00335346476997942,0.109559228603893,0.975581609560289,0.0651930555762588
"Environment3",78,"POISSON",1.00512353112134,0.327119181678871,0.478639436151133,0.248703157356454,0.638911005509957,0.282648908830352,0.672699558589948,0.29459161219228,0.00863061187842049,0.148984536544421,0.953804719910317,0.0651930555762588
"Environment3",78,"MAE",0.986539504504438,0.438024560003495,0.541478521511234,0.487767709706456,0.681271221161709,0.366968457469919,0.683272452806435,0.487767709706456,-0.0241962629176218,0.179475475467881,0.89275692687802,0.0651930555762588
"Environment3",78,"MSE",1.02514981763159,0.394043682658199,0.476379037397172,0.605103110902655,0.598175227759849,0.337892058270016,0.714278919621581,0.605103110902655,0.0794173907651179,0.16814235422309,0.636696724509514,0.0651930555762588
"Environment3",78,"GAUSSIAN",1.07576738187595,0.435193225452047,0.443603255464745,0.70429411520634,0.517626558485706,0.382235095038633,0.747117753935346,0.70429411520634,0.202173603007595,0.269471864433256,0.453098928543478,0.0651930555762588
"Environment1",79,"GLM",0.988435476512808,0.140183776165464,0.518583343109903,0.327538282193576,0.863949363613572,0.194924794402258,0.616989225737578,0.327538282193576,1.74680846775901,0.25124009686735,3.58244492088499e-12,1.35101928151003
"Environment1",79,"POISSON",1.09295409672165,0.334055899036627,0.45966929470092,0.293869766922411,0.728990419694651,0.376145369159235,0.667123280561744,0.389432000871445,1.53660004371399,0.300436083367983,3.14463866668458e-07,1.35101928151003
"Environment1",79,"MAE",1.06634006986973,0.276402616448187,0.501351566104904,0.528777087939672,0.812906209586691,0.325433177882665,0.629482591447385,0.528777087939672,1.32026938315061,0.401696998727273,0.00101358138037098,1.35101928151003
"Environment1",79,"MSE",1.14241100416473,0.41809013840932,0.386550673355384,0.67224611187818,0.677955467966616,0.451596548166793,0.703845314450447,0.67224611187818,1.72709126562999,0.32489564190162,1.06169968835849e-07,1.35101928151003
"Environment1",79,"GAUSSIAN",1.15056788737316,0.424266030954264,0.390742186680924,0.672400088313308,0.677796199940945,0.435292151602974,0.701712721962319,0.672400088313308,1.63766771845832,0.436339950177763,0.000174596849081892,1.35101928151003
"Environment2",79,"GLM",0.988435476512808,0.140183776165464,0.518583343109903,0.327538282193576,0.863949363613572,0.194924794402258,0.616989225737578,0.327538282193576,0.170724413906652,0.121720051293721,0.160736470579307,0.270203856302007
"Environment2",79,"POISSON",1.09295409672165,0.334055899036627,0.45966929470092,0.293869766922411,0.728990419694651,0.376145369159235,0.667123280561744,0.389432000871445,0.188270116172243,0.139183421750422,0.176159064557556,0.270203856302007
"Environment2",79,"MAE",1.06634006986973,0.276402616448187,0.501351566104904,0.528777087939672,0.812906209586691,0.325433177882665,0.629482591447385,0.528777087939672,0.161080535514791,0.15598809743087,0.301769440827056,0.270203856302007
"Environment2",79,"MSE",1.14241100416473,0.41809013840932,0.386550673355384,0.67224611187818,0.677955467966616,0.451596548166793,0.703845314450447,0.67224611187818,0.14382219657545,0.099214032706166,0.14716577980293,0.270203856302007
"Environment2",79,"GAUSSIAN",1.15056788737316,0.424266030954264,0.390742186680924,0.672400088313308,0.677796199940945,0.435292151602974,0.701712721962319,0.672400088313308,0.218330519197416,0.179021138970275,0.222624304542915,0.270203856302007
"Environment3",79,"GLM",0.988435476512808,0.140183776165464,0.518583343109903,0.327538282193576,0.863949363613572,0.194924794402258,0.616989225737578,0.327538282193576,-0.00211107754996315,0.117895859465469,0.98571361044451,0.0675509640755017
"Environment3",79,"POISSON",1.09295409672165,0.334055899036627,0.45966929470092,0.293869766922411,0.728990419694651,0.376145369159235,0.667123280561744,0.389432000871445,-0.0152457775524999,0.152217726785009,0.920219126877904,0.0675509640755017
"Environment3",79,"MAE",1.06634006986973,0.276402616448187,0.501351566104904,0.528777087939672,0.812906209586691,0.325433177882665,0.629482591447385,0.528777087939672,0.102899255431292,0.120621356383888,0.393616832290222,0.0675509640755017
"Environment3",79,"MSE",1.14241100416473,0.41809013840932,0.386550673355384,0.67224611187818,0.677955467966616,0.451596548166793,0.703845314450447,0.67224611187818,0.00218375126779393,0.201485734458105,0.991352502874238,0.0675509640755017
"Environment3",79,"GAUSSIAN",1.15056788737316,0.424266030954264,0.390742186680924,0.672400088313308,0.677796199940945,0.435292151602974,0.701712721962319,0.672400088313308,0.0271350197432275,0.2690194446225,0.919656525295993,0.0675509640755017
"Environment1",80,"GLM",0.76282111359064,0.128601293060936,0.480031873649557,0.320062874998268,0.79144630803219,0.111533332080155,0.640148103984453,0.320062874998268,1.51206136921879,0.224090058757237,1.5035090404011e-11,1.41429614094189
"Environment1",80,"POISSON",0.799491049491053,0.187941487715828,0.477930351622059,0.202501142289425,0.692343243338835,0.257845112014242,0.671769805908017,0.369571511173307,1.24348208898591,0.298743678851591,3.14959784182056e-05,1.41429614094189
"Environment1",80,"MAE",0.856237539212746,0.270767905138177,0.436452943184597,0.515770141587228,0.757191852503729,0.302669924033072,0.671367481165229,0.515770141587228,1.23285649023414,0.334690261951709,0.000229986090649211,1.41429614094189
"Environment1",80,"MSE",0.81028821180315,0.214523769915868,0.438886284479595,0.656685393871796,0.637567674911357,0.321139585346764,0.704624053547831,0.656685393871796,1.42752392683255,0.321991024907905,9.27466216689883e-06,1.41429614094189
"Environment1",80,"GAUSSIAN",0.806514830301852,0.218585490050088,0.41156649812212,0.67485579647299,0.620466242065795,0.321991711888366,0.714726496029853,0.67485579647299,1.42139219380741,0.318316571462268,7.99411396677841e-06,1.41429614094189
"Environment2",80,"GLM",0.76282111359064,0.128601293060936,0.480031873649557,0.320062874998268,0.79144630803219,0.111533332080155,0.640148103984453,0.320062874998268,0.263708145900381,0.113260366091719,0.0198942887355283,0.282859228188379
"Environment2",80,"POISSON",0.799491049491053,0.187941487715828,0.477930351622059,0.202501142289425,0.692343243338835,0.257845112014242,0.671769805908017,0.369571511173307,0.316488191581095,0.152182144577266,0.0375560823941265,0.282859228188379
"Environment2",80,"MAE",0.856237539212746,0.270767905138177,0.436452943184597,0.515770141587228,0.757191852503729,0.302669924033072,0.671367481165229,0.515770141587228,0.309678126051893,0.186394317757497,0.0966303311834172,0.282859228188379
"Environment2",80,"MSE",0.81028821180315,0.214523769915868,0.438886284479595,0.656685393871796,0.637567674911357,0.321139585346764,0.704624053547831,0.656685393871796,0.223933930776682,0.184502579897703,0.224855783445801,0.282859228188379
"Environment2",80,"GAUSSIAN",0.806514830301852,0.218585490050088,0.41156649812212,0.67485579647299,0.620466242065795,0.321991711888366,0.714726496029853,0.67485579647299,0.195992480758105,0.235014131488931,0.404303295259723,0.282859228188379
"Environment3",80,"GLM",0.76282111359064,0.128601293060936,0.480031873649557,0.320062874998268,0.79144630803219,0.111533332080155,0.640148103984453,0.320062874998268,0.16442695176008,0.1082570215239,0.128798455509022,0.0707148070470947
"Environment3",80,"POISSON",0.799491049491053,0.187941487715828,0.477930351622059,0.202501142289425,0.692343243338835,0.257845112014242,0.671769805908017,0.369571511173307,0.233380891440249,0.15141890328308,0.123245498624401,0.0707148070470947
"Environment3",80,"MAE",0.856237539212746,0.270767905138177,0.436452943184597,0.515770141587228,0.757191852503729,0.302669924033072,0.671367481165229,0.515770141587228,0.254522742780447,0.1187162818989,0.0320362383940849,0.0707148070470947
"Environment3",80,"MSE",0.81028821180315,0.214523769915868,0.438886284479595,0.656685393871796,0.637567674911357,0.321139585346764,0.704624053547831,0.656685393871796,0.131613743409411,0.156067727832969,0.399054131924224,0.0707148070470947
"Environment3",80,"GAUSSIAN",0.806514830301852,0.218585490050088,0.41156649812212,0.67485579647299,0.620466242065795,0.321991711888366,0.714726496029853,0.67485579647299,0.252106358099145,0.15278048438388,0.0989180934858813,0.0707148070470947
"Environment1",81,"GLM",0.695340297577549,0.176589096551592,0.664159214044718,0.195225996123615,0.811903404364663,0.119268428372644,0.578323932918325,0.195225996123615,1.15297811246376,0.186859053333223,6.8156630570668e-10,1.39694581099451
"Environment1",81,"POISSON",0.739269623445792,0.418921413558493,0.637031872533952,0.215503553996229,0.750306204346291,0.253496867690037,0.624151301310508,0.234482532586587,0.999628135318744,0.134596218805094,1.11200573036495e-13,1.39694581099451
"Environment1",81,"MAE",0.752085538191142,0.377102139599157,0.608880857758629,0.396457029294268,0.779243742793916,0.271760582526449,0.61532586644597,0.396457029294268,1.13196045680279,0.226622298756984,5.88598867354728e-07,1.39694581099451
"Environment1",81,"MSE",0.732151926562286,0.382716250924475,0.626590405235468,0.500454778057773,0.708935346585595,0.289514781964539,0.676398200173091,0.500454778057773,1.1134683762729,0.270985646683904,3.97450022832544e-05,1.39694581099451
"Environment1",81,"GAUSSIAN",0.751806992884698,0.405270976165663,0.623314650788885,0.49606132860596,0.712046029181294,0.294950452429998,0.668625652666473,0.49606132860596,1.14396119503756,0.213914395933735,8.90532430256408e-08,1.39694581099451
"Environment2",81,"GLM",0.695340297577549,0.176589096551592,0.664159214044718,0.195225996123615,0.811903404364663,0.119268428372644,0.578323932918325,0.195225996123615,0.208495987360267,0.120689296982896,0.0840701343083532,0.279389162198903
"Environment2",81,"POISSON",0.739269623445792,0.418921413558493,0.637031872533952,0.215503553996229,0.750306204346291,0.253496867690037,0.624151301310508,0.234482532586587,0.135614153651136,0.0889708069167233,0.127445146088692,0.279389162198903
"Environment2",81,"MAE",0.752085538191142,0.377102139599157,0.608880857758629,0.396457029294268,0.779243742793916,0.271760582526449,0.61532586644597,0.396457029294268,0.148953778416591,0.169271541380428,0.378875881175806,0.279389162198903
"Environment2",81,"MSE",0.732151926562286,0.382716250924475,0.626590405235468,0.500454778057773,0.708935346585595,0.289514781964539,0.676398200173091,0.500454778057773,0.184269996166513,0.172798681610101,0.286249445854276,0.279389162198903
"Environment2",81,"GAUSSIAN",0.751806992884698,0.405270976165663,0.623314650788885,0.49606132860596,0.712046029181294,0.294950452429998,0.668625652666473,0.49606132860596,0.193815746890439,0.112125087493898,0.0838865868699307,0.279389162198903
"Environment3",81,"GLM",0.695340297577549,0.176589096551592,0.664159214044718,0.195225996123615,0.811903404364663,0.119268428372644,0.578323932918325,0.195225996123615,0.0900558361812713,0.127742524029917,0.480823113319905,0.0698472905497256
"Environment3",81,"POISSON",0.739269623445792,0.418921413558493,0.637031872533952,0.215503553996229,0.750306204346291,0.253496867690037,0.624151301310508,0.234482532586587,0.0678852056621599,0.126285097431628,0.590884194408424,0.0698472905497256
"Environment3",81,"MAE",0.752085538191142,0.377102139599157,0.608880857758629,0.396457029294268,0.779243742793916,0.271760582526449,0.61532586644597,0.396457029294268,0.0558256621930613,0.164416018968547,0.734203669575543,0.0698472905497256
"Environment3",81,"MSE",0.732151926562286,0.382716250924475,0.626590405235468,0.500454778057773,0.708935346585595,0.289514781964539,0.676398200173091,0.500454778057773,-0.0583530525124661,0.157597576986436,0.711184171741267,0.0698472905497256
"Environment3",81,"GAUSSIAN",0.751806992884698,0.405270976165663,0.623314650788885,0.49606132860596,0.712046029181294,0.294950452429998,0.668625652666473,0.49606132860596,-0.0460806968739962,0.202279983318706,0.819796666156689,0.0698472905497256
"Environment1",82,"GLM",1.20125154602084,0.323480346649846,0.751982664833196,0.211790253906358,0.789142388765126,0.260985231095024,0.556986684446948,0.211790253906358,1.02259955678705,0.174496884900073,4.62104064848755e-09,1.40552351328258
"Environment1",82,"POISSON",1.12763436017953,0.363735042661082,0.724489227482576,0.414544459806914,0.670018548090578,0.359861781836197,0.626722438669756,0.305393096544533,0.980701541136623,0.215752573649796,5.48071469889102e-06,1.40552351328258
"Environment1",82,"MAE",1.21502785123743,0.458985372447323,0.741473590324658,0.398455474424692,0.738199326608573,0.439052949996881,0.626574270005284,0.398455474424692,0.941043164627936,0.330407440023191,0.00439770308400427,1.40552351328258
"Environment1",82,"MSE",1.16995855071388,0.453700914399122,0.685849802016838,0.550970714756692,0.63778909358318,0.425871690630036,0.670904266945516,0.550970714756692,0.869879469712046,0.237502269919456,0.00024965323121522,1.40552351328258
"Environment1",82,"GAUSSIAN",1.13019575778674,0.437053925580155,0.712706325760881,0.609752268377508,0.594579523961879,0.467536705572834,0.685662555083489,0.609752268377508,1.03288221400377,0.247676647970972,3.04218923468836e-05,1.40552351328258
"Environment2",82,"GLM",1.20125154602084,0.323480346649846,0.751982664833196,0.211790253906358,0.789142388765126,0.260985231095024,0.556986684446948,0.211790253906358,0.183019226097039,0.107943153909312,0.0899777856201397,0.281104702656515
"Environment2",82,"POISSON",1.12763436017953,0.363735042661082,0.724489227482576,0.414544459806914,0.670018548090578,0.359861781836197,0.626722438669756,0.305393096544533,0.154712947016842,0.215968570843867,0.473764223377274,0.281104702656515
"Environment2",82,"MAE",1.21502785123743,0.458985372447323,0.741473590324658,0.398455474424692,0.738199326608573,0.439052949996881,0.626574270005284,0.398455474424692,0.104028935463747,0.24618209582353,0.672609708493638,0.281104702656515
"Environment2",82,"MSE",1.16995855071388,0.453700914399122,0.685849802016838,0.550970714756692,0.63778909358318,0.425871690630036,0.670904266945516,0.550970714756692,0.182431304962126,0.197799536992859,0.356370026072953,0.281104702656515
"Environment2",82,"GAUSSIAN",1.13019575778674,0.437053925580155,0.712706325760881,0.609752268377508,0.594579523961879,0.467536705572834,0.685662555083489,0.609752268377508,0.232879671414515,0.203588397255342,0.252675493542764,0.281104702656515
"Environment3",82,"GLM",1.20125154602084,0.323480346649846,0.751982664833196,0.211790253906358,0.789142388765126,0.260985231095024,0.556986684446948,0.211790253906358,-0.0360186796609558,0.105960056038111,0.733911533653504,0.0702761756641288
"Environment3",82,"POISSON",1.12763436017953,0.363735042661082,0.724489227482576,0.414544459806914,0.670018548090578,0.359861781836197,0.626722438669756,0.305393096544533,-0.0198217848006738,0.201307911630653,0.921563057767325,0.0702761756641288
"Environment3",82,"MAE",1.21502785123743,0.458985372447323,0.741473590324658,0.398455474424692,0.738199326608573,0.439052949996881,0.626574270005284,0.398455474424692,-0.0161367715799775,0.278582297452573,0.953808678234764,0.0702761756641288
"Environment3",82,"MSE",1.16995855071388,0.453700914399122,0.685849802016838,0.550970714756692,0.63778909358318,0.425871690630036,0.670904266945516,0.550970714756692,0.0149404461823315,0.150167466862961,0.920747721044572,0.0702761756641288
"Environment3",82,"GAUSSIAN",1.13019575778674,0.437053925580155,0.712706325760881,0.609752268377508,0.594579523961879,0.467536705572834,0.685662555083489,0.609752268377508,-0.0848986095633113,0.226799253610112,0.708156043597752,0.0702761756641288
"Environment1",83,"GLM",0.491925085865561,0.134431137786854,0.694963727733799,0.276020845486855,0.778600173327843,0.134978114847247,0.600451749666312,0.276020845486855,1.35113636389992,0.21448580336447,2.98759610584229e-10,1.4464002327535
"Environment1",83,"POISSON",0.528525688656822,0.246155218896643,0.706281311869578,0.366744024715649,0.725435476632178,0.215284946793866,0.641253686309033,0.320186318707973,1.19062536327052,0.234427901788795,3.79716009654664e-07,1.4464002327535
"Environment1",83,"MAE",0.60879757605398,0.392225090527721,0.685247688522895,0.411805711560405,0.78994582190932,0.378125269858654,0.612714015508196,0.411805711560405,1.01162178730354,0.28417069781737,0.000370983512720899,1.4464002327535
"Environment1",83,"MSE",0.52631142829948,0.266104848338925,0.728169092509527,0.544834346815286,0.694898935290111,0.242362868222614,0.668359747643724,0.544834346815286,1.21107144786503,0.23121844411034,1.62519222961415e-07,1.4464002327535
"Environment1",83,"GAUSSIAN",0.546074941623495,0.277097692352654,0.726033699276361,0.556276472325622,0.686109027190093,0.262602779438439,0.686000200258365,0.556276472325622,1.18503971932348,0.269615149158497,1.10619392555504e-05,1.4464002327535
"Environment2",83,"GLM",0.491925085865561,0.134431137786854,0.694963727733799,0.276020845486855,0.778600173327843,0.134978114847247,0.600451749666312,0.276020845486855,0.219049922018668,0.11074956652758,0.0479416655822623,0.2892800465507
"Environment2",83,"POISSON",0.528525688656822,0.246155218896643,0.706281311869578,0.366744024715649,0.725435476632178,0.215284946793866,0.641253686309033,0.320186318707973,0.254778877323174,0.143700411946212,0.076230959002111,0.2892800465507
"Environment2",83,"MAE",0.60879757605398,0.392225090527721,0.685247688522895,0.411805711560405,0.78994582190932,0.378125269858654,0.612714015508196,0.411805711560405,0.215255376120797,0.175706853428734,0.2205441705108,0.2892800465507
"Environment2",83,"MSE",0.52631142829948,0.266104848338925,0.728169092509527,0.544834346815286,0.694898935290111,0.242362868222614,0.668359747643724,0.544834346815286,0.235082503771693,0.136400764408963,0.084803726939918,0.2892800465507
"Environment2",83,"GAUSSIAN",0.546074941623495,0.277097692352654,0.726033699276361,0.556276472325622,0.686109027190093,0.262602779438439,0.686000200258365,0.556276472325622,0.312023977282526,0.189181753234213,0.0990791417711174,0.2892800465507
"Environment3",83,"GLM",0.491925085865561,0.134431137786854,0.694963727733799,0.276020845486855,0.778600173327843,0.134978114847247,0.600451749666312,0.276020845486855,0.0433722580716142,0.106674791627271,0.684313587837979,0.0723200116376751
"Environment3",83,"POISSON",0.528525688656822,0.246155218896643,0.706281311869578,0.366744024715649,0.725435476632178,0.215284946793866,0.641253686309033,0.320186318707973,0.0146519802022306,0.118431063827023,0.901539054981091,0.0723200116376751
"Environment3",83,"MAE",0.60879757605398,0.392225090527721,0.685247688522895,0.411805711560405,0.78994582190932,0.378125269858654,0.612714015508196,0.411805711560405,0.108365783281868,0.0949662015592612,0.253828965532442,0.0723200116376751
"Environment3",83,"MSE",0.52631142829948,0.266104848338925,0.728169092509527,0.544834346815286,0.694898935290111,0.242362868222614,0.668359747643724,0.544834346815286,0.0292666682678623,0.176221280524169,0.868094716709911,0.0723200116376751
"Environment3",83,"GAUSSIAN",0.546074941623495,0.277097692352654,0.726033699276361,0.556276472325622,0.686109027190093,0.262602779438439,0.686000200258365,0.556276472325622,0.0337982292607663,0.165179588045111,0.837872897903261,0.0723200116376751
"Environment1",84,"GLM",0.770800609558179,0.226527482304552,0.593830624212649,0.258984895639459,0.624504353114965,0.257102498121626,0.530184882572215,0.258984895639459,1.0324594985077,0.171414648599033,1.71034066095796e-09,1.19843406311363
"Environment1",84,"POISSON",0.781090047098397,0.267069718347776,0.602984492949392,0.272668788220841,0.567076467797212,0.286872963347558,0.560226342520529,0.285032488928875,0.911692822281621,0.190352017247194,1.67189363792794e-06,1.19843406311363
"Environment1",84,"MAE",0.794783455435913,0.340141115099713,0.576161528744053,0.562564904896506,0.582012716158993,0.379590059152659,0.575698562644199,0.562564904896506,1.0318077323144,0.239705520631066,1.67378055601616e-05,1.19843406311363
"Environment1",84,"MSE",0.77789411752525,0.30672584507328,0.566049696999977,0.62402467141425,0.539579368650795,0.348177975420173,0.601638408234251,0.62402467141425,0.894219918460549,0.139056456576272,1.27080370494211e-10,1.19843406311363
"Environment1",84,"GAUSSIAN",0.818302463178051,0.325067594947598,0.554447700577826,0.677382795991817,0.499826667309615,0.37372860348464,0.643986447757924,0.677382795991817,0.884963647605982,0.197512899067141,7.4455832113258e-06,1.19843406311363
"Environment2",84,"GLM",0.770800609558179,0.226527482304552,0.593830624212649,0.258984895639459,0.624504353114965,0.257102498121626,0.530184882572215,0.258984895639459,-0.0111524050485185,0.113141342238192,0.921479248784293,0.239686812622727
"Environment2",84,"POISSON",0.781090047098397,0.267069718347776,0.602984492949392,0.272668788220841,0.567076467797212,0.286872963347558,0.560226342520529,0.285032488928875,0.00353568987724202,0.13289239893297,0.978774259464119,0.239686812622727
"Environment2",84,"MAE",0.794783455435913,0.340141115099713,0.576161528744053,0.562564904896506,0.582012716158993,0.379590059152659,0.575698562644199,0.562564904896506,-0.000922399067844012,0.168392169166913,0.995629462472432,0.239686812622727
"Environment2",84,"MSE",0.77789411752525,0.30672584507328,0.566049696999977,0.62402467141425,0.539579368650795,0.348177975420173,0.601638408234251,0.62402467141425,-0.0337813040975607,0.115581858711752,0.770078909532578,0.239686812622727
"Environment2",84,"GAUSSIAN",0.818302463178051,0.325067594947598,0.554447700577826,0.677382795991817,0.499826667309615,0.37372860348464,0.643986447757924,0.677382795991817,-0.0426722056418419,0.148390138084444,0.773677698723603,0.239686812622727
"Environment3",84,"GLM",0.770800609558179,0.226527482304552,0.593830624212649,0.258984895639459,0.624504353114965,0.257102498121626,0.530184882572215,0.258984895639459,0.309582045755884,0.11385131269923,0.00654442736200824,0.0599217031556817
"Environment3",84,"POISSON",0.781090047098397,0.267069718347776,0.602984492949392,0.272668788220841,0.567076467797212,0.286872963347558,0.560226342520529,0.285032488928875,0.287301827629833,0.117198880769242,0.0142300062957629,0.0599217031556817
"Environment3",84,"MAE",0.794783455435913,0.340141115099713,0.576161528744053,0.562564904896506,0.582012716158993,0.379590059152659,0.575698562644199,0.562564904896506,0.340652137810595,0.129163503098157,0.00835512818116951,0.0599217031556817
"Environment3",84,"MSE",0.77789411752525,0.30672584507328,0.566049696999977,0.62402467141425,0.539579368650795,0.348177975420173,0.601638408234251,0.62402467141425,0.290136643536147,0.12264892559102,0.0180015371676876,0.0599217031556817
"Environment3",84,"GAUSSIAN",0.818302463178051,0.325067594947598,0.554447700577826,0.677382795991817,0.499826667309615,0.37372860348464,0.643986447757924,0.677382795991817,0.306169707628196,0.167477400630686,0.067530717930005,0.0599217031556817
"Environment1",85,"GLM",0.853980855454193,0.0850432170933578,0.580400118127934,0.265010544886909,0.876131961301374,0.0981105163236139,0.633241210553749,0.265010544886909,1.4679955336043,0.218087317927707,1.6823671094521e-11,1.49573911752972
"Environment1",85,"POISSON",0.840408242987784,0.238016312821887,0.610289734833966,0.176297831005087,0.806926478696514,0.211927141139807,0.674234807537158,0.311142396185778,1.20971333389094,0.230108007368185,1.46301442213057e-07,1.49573911752972
"Environment1",85,"MAE",0.868668934819497,0.229158195418932,0.578004782991214,0.457654626389564,0.867848461561888,0.26401553063696,0.665755691937109,0.457654626389564,1.12883460099523,0.299352406036592,0.000162645449331512,1.49573911752972
"Environment1",85,"MSE",0.850886660358209,0.340002897307686,0.594667983942312,0.571277147672861,0.771603599125156,0.296615941506784,0.701841535489665,0.571277147672861,1.26154946536379,0.252170385003795,5.65134802160495e-07,1.49573911752972
"Environment1",85,"GAUSSIAN",0.867060875213225,0.357802732345873,0.601645699340584,0.553975328833699,0.78701927501395,0.287690708461047,0.69448892393472,0.553975328833699,1.34401091195075,0.177064285325098,3.18611522233469e-14,1.49573911752972
"Environment2",85,"GLM",0.853980855454193,0.0850432170933578,0.580400118127934,0.265010544886909,0.876131961301374,0.0981105163236139,0.633241210553749,0.265010544886909,0.423350938263538,0.139893179563789,0.00247612146749641,0.299147823505944
"Environment2",85,"POISSON",0.840408242987784,0.238016312821887,0.610289734833966,0.176297831005087,0.806926478696514,0.211927141139807,0.674234807537158,0.311142396185778,0.369063005378457,0.129547354037736,0.00438754055255766,0.299147823505944
"Environment2",85,"MAE",0.868668934819497,0.229158195418932,0.578004782991214,0.457654626389564,0.867848461561888,0.26401553063696,0.665755691937109,0.457654626389564,0.434135277555852,0.132228045665563,0.00102624372539318,0.299147823505944
"Environment2",85,"MSE",0.850886660358209,0.340002897307686,0.594667983942312,0.571277147672861,0.771603599125156,0.296615941506784,0.701841535489665,0.571277147672861,0.346843038301968,0.177892796202317,0.0512082303845522,0.299147823505944
"Environment2",85,"GAUSSIAN",0.867060875213225,0.357802732345873,0.601645699340584,0.553975328833699,0.78701927501395,0.287690708461047,0.69448892393472,0.553975328833699,0.355799005460617,0.253295156172176,0.16011602634915,0.299147823505944
"Environment3",85,"GLM",0.853980855454193,0.0850432170933578,0.580400118127934,0.265010544886909,0.876131961301374,0.0981105163236139,0.633241210553749,0.265010544886909,0.101806509573953,0.118678203620802,0.390982683242727,0.074786955876486
"Environment3",85,"POISSON",0.840408242987784,0.238016312821887,0.610289734833966,0.176297831005087,0.806926478696514,0.211927141139807,0.674234807537158,0.311142396185778,0.027025950675428,0.104661051628576,0.796234366292279,0.074786955876486
"Environment3",85,"MAE",0.868668934819497,0.229158195418932,0.578004782991214,0.457654626389564,0.867848461561888,0.26401553063696,0.665755691937109,0.457654626389564,0.101788015360452,0.159773742554759,0.52407534651432,0.074786955876486
"Environment3",85,"MSE",0.850886660358209,0.340002897307686,0.594667983942312,0.571277147672861,0.771603599125156,0.296615941506784,0.701841535489665,0.571277147672861,0.0233806052957607,0.171093832205021,0.891304527785524,0.074786955876486
"Environment3",85,"GAUSSIAN",0.867060875213225,0.357802732345873,0.601645699340584,0.553975328833699,0.78701927501395,0.287690708461047,0.69448892393472,0.553975328833699,0.0267333011445498,0.110433358605829,0.808721025869164,0.074786955876486
"Environment1",86,"GLM",1.02032196324351,0.19969548381109,0.651682419269294,0.29226993016565,0.84259687993433,0.134456408606711,0.647125165985884,0.29226993016565,1.38960355494705,0.210772290411209,4.31276832145955e-11,1.37273168853141
"Environment1",86,"POISSON",1.10017257284357,0.246276734164596,0.65830173610984,0.340544729644335,0.727629687388253,0.303342351286276,0.706260388639973,0.367015504355772,1.13872574704958,0.20406416816953,2.4019564450652e-08,1.37273168853141
"Environment1",86,"MAE",1.14919492435328,0.331494575223357,0.676558239008767,0.456373576939712,0.776025071366463,0.359682557793532,0.701172588514949,0.456373576939712,1.00906376170653,0.239251689071531,2.4693537196666e-05,1.37273168853141
"Environment1",86,"MSE",1.06215562480777,0.244051419147624,0.630116257950094,0.570321270390571,0.689917881577271,0.372068886303601,0.721139771897256,0.570321270390571,1.24403397771544,0.339488351210622,0.000247882380773631,1.37273168853141
"Environment1",86,"GAUSSIAN",1.05714745712984,0.346875127373975,0.6126070972751,0.58619468939244,0.67705430460746,0.432096775968625,0.72489631268061,0.58619468939244,1.4081573042411,0.339985038344519,3.44558625514383e-05,1.37273168853141
"Environment2",86,"GLM",1.02032196324351,0.19969548381109,0.651682419269294,0.29226993016565,0.84259687993433,0.134456408606711,0.647125165985884,0.29226993016565,0.229719469584453,0.128823688377583,0.074552402843934,0.274546337706282
"Environment2",86,"POISSON",1.10017257284357,0.246276734164596,0.65830173610984,0.340544729644335,0.727629687388253,0.303342351286276,0.706260388639973,0.367015504355772,0.281513631939403,0.20037398445991,0.160038814712865,0.274546337706282
"Environment2",86,"MAE",1.14919492435328,0.331494575223357,0.676558239008767,0.456373576939712,0.776025071366463,0.359682557793532,0.701172588514949,0.456373576939712,0.296433282320152,0.226401936236267,0.190424932021615,0.274546337706282
"Environment2",86,"MSE",1.06215562480777,0.244051419147624,0.630116257950094,0.570321270390571,0.689917881577271,0.372068886303601,0.721139771897256,0.570321270390571,0.26666917177261,0.183670700318654,0.146532922280696,0.274546337706282
"Environment2",86,"GAUSSIAN",1.05714745712984,0.346875127373975,0.6126070972751,0.58619468939244,0.67705430460746,0.432096775968625,0.72489631268061,0.58619468939244,0.293299124874982,0.202881773835788,0.148271123044062,0.274546337706282
"Environment3",86,"GLM",1.02032196324351,0.19969548381109,0.651682419269294,0.29226993016565,0.84259687993433,0.134456408606711,0.647125165985884,0.29226993016565,-0.0740107465049229,0.117659526648284,0.529332896627897,0.0686365844265705
"Environment3",86,"POISSON",1.10017257284357,0.246276734164596,0.65830173610984,0.340544729644335,0.727629687388253,0.303342351286276,0.706260388639973,0.367015504355772,-0.00537826896834758,0.101978221342575,0.957939555707585,0.0686365844265705
"Environment3",86,"MAE",1.14919492435328,0.331494575223357,0.676558239008767,0.456373576939712,0.776025071366463,0.359682557793532,0.701172588514949,0.456373576939712,-0.0307658743331785,0.159527693916427,0.847071738117671,0.0686365844265705
"Environment3",86,"MSE",1.06215562480777,0.244051419147624,0.630116257950094,0.570321270390571,0.689917881577271,0.372068886303601,0.721139771897256,0.570321270390571,0.0601520714966409,0.181068243910098,0.73973323616092,0.0686365844265705
"Environment3",86,"GAUSSIAN",1.05714745712984,0.346875127373975,0.6126070972751,0.58619468939244,0.67705430460746,0.432096775968625,0.72489631268061,0.58619468939244,0.133234652196119,0.236387168036924,0.573006677793733,0.0686365844265705
"Environment1",87,"GLM",0.832096377435744,0.156673139710454,0.574727019174677,0.282332995109636,0.93981665223401,0.15880587578895,0.58190997007553,0.282332995109636,1.49390914682942,0.209209833840342,9.28423284664017e-13,1.335008527104
"Environment1",87,"POISSON",0.833846106902414,0.202968347088529,0.567729789278804,0.167375939153599,0.882223080711431,0.224032354880811,0.625598923197538,0.320917385131365,1.25667655830621,0.222207883230262,1.55475198832234e-08,1.335008527104
"Environment1",87,"MAE",0.787262165525558,0.234177833170531,0.564019137061295,0.420957140847181,0.944492078326032,0.271501532494193,0.61706613458394,0.420957140847181,1.07048593129855,0.246898427670382,1.45274473154325e-05,1.335008527104
"Environment1",87,"MSE",0.854266708503356,0.216680589247351,0.527654745329712,0.538844697342222,0.842881589713602,0.287510539623824,0.666214526501848,0.538844697342222,1.50646638405033,0.374687472431243,5.80514605544566e-05,1.335008527104
"Environment1",87,"GAUSSIAN",0.848691943506305,0.216467680486083,0.575681186887751,0.499209109054233,0.878357219028309,0.253295628068775,0.629146130122175,0.499209109054233,1.39995696933941,0.225584742754328,5.43838119145307e-10,1.335008527104
"Environment2",87,"GLM",0.832096377435744,0.156673139710454,0.574727019174677,0.282332995109636,0.93981665223401,0.15880587578895,0.58190997007553,0.282332995109636,0.152108114018937,0.103378912192733,0.141192431141918,0.2670017054208
"Environment2",87,"POISSON",0.833846106902414,0.202968347088529,0.567729789278804,0.167375939153599,0.882223080711431,0.224032354880811,0.625598923197538,0.320917385131365,0.173668849051378,0.158342841233476,0.272733190978654,0.2670017054208
"Environment2",87,"MAE",0.787262165525558,0.234177833170531,0.564019137061295,0.420957140847181,0.944492078326032,0.271501532494193,0.61706613458394,0.420957140847181,0.169478574020315,0.204820564510128,0.407982609764043,0.2670017054208
"Environment2",87,"MSE",0.854266708503356,0.216680589247351,0.527654745329712,0.538844697342222,0.842881589713602,0.287510539623824,0.666214526501848,0.538844697342222,0.177153443352194,0.198126481646145,0.371245285965629,0.2670017054208
"Environment2",87,"GAUSSIAN",0.848691943506305,0.216467680486083,0.575681186887751,0.499209109054233,0.878357219028309,0.253295628068775,0.629146130122175,0.499209109054233,0.222355749554889,0.133503539129745,0.0958046745914538,0.2670017054208
"Environment3",87,"GLM",0.832096377435744,0.156673139710454,0.574727019174677,0.282332995109636,0.93981665223401,0.15880587578895,0.58190997007553,0.282332995109636,0.0379788012842092,0.125677683368826,0.76250563695755,0.0667504263551999
"Environment3",87,"POISSON",0.833846106902414,0.202968347088529,0.567729789278804,0.167375939153599,0.882223080711431,0.224032354880811,0.625598923197538,0.320917385131365,-0.0714370015905433,0.164716996266291,0.664509656228702,0.0667504263551999
"Environment3",87,"MAE",0.787262165525558,0.234177833170531,0.564019137061295,0.420957140847181,0.944492078326032,0.271501532494193,0.61706613458394,0.420957140847181,-0.0865481314804515,0.208633870417219,0.678264450879181,0.0667504263551999
"Environment3",87,"MSE",0.854266708503356,0.216680589247351,0.527654745329712,0.538844697342222,0.842881589713602,0.287510539623824,0.666214526501848,0.538844697342222,-0.178446018330869,0.281512260195268,0.526156758139214,0.0667504263551999
"Environment3",87,"GAUSSIAN",0.848691943506305,0.216467680486083,0.575681186887751,0.499209109054233,0.878357219028309,0.253295628068775,0.629146130122175,0.499209109054233,-0.0754876581573308,0.158859693178303,0.6346554995915,0.0667504263551999
"Environment1",88,"GLM",1.10042747540667,0.163340782760744,0.578562595611211,0.302330948082605,0.854747374524176,0.228703481725229,0.637368270157816,0.302330948082605,1.65454540674823,0.224157154267058,1.56886921475098e-13,1.46088039768636
"Environment1",88,"POISSON",1.07425934385212,0.275567797383042,0.568685210215742,0.281384037515239,0.790888839073532,0.292533944132087,0.670632330395295,0.32967712654832,1.51925430107105,0.234895651108091,9.94506060802703e-11,1.46088039768636
"Environment1",88,"MAE",1.10843555309214,0.326276514108681,0.530646768586381,0.551795387234415,0.845333497198262,0.331099817714776,0.642991322333622,0.551795387234415,1.50730332934678,0.343068098750875,1.1148987051222e-05,1.46088039768636
"Environment1",88,"MSE",1.10754919010923,0.345747046115372,0.514884983380845,0.64515943661295,0.752153616152127,0.361496869266293,0.706651265360241,0.64515943661295,1.5900339268061,0.301506599650373,1.33752210652237e-07,1.46088039768636
"Environment1",88,"GAUSSIAN",1.09830289409825,0.299079639148301,0.523921740232019,0.639787309172704,0.757825862668684,0.320211370094948,0.704373880670731,0.639787309172704,1.4733066694379,0.265475969450015,2.86193008298478e-08,1.46088039768636
"Environment2",88,"GLM",1.10042747540667,0.163340782760744,0.578562595611211,0.302330948082605,0.854747374524176,0.228703481725229,0.637368270157816,0.302330948082605,0.516647868127959,0.141679718531001,0.000265743258547226,0.292176079537271
"Environment2",88,"POISSON",1.07425934385212,0.275567797383042,0.568685210215742,0.281384037515239,0.790888839073532,0.292533944132087,0.670632330395295,0.32967712654832,0.5415995943088,0.1715584986624,0.00159435080523902,0.292176079537271
"Environment2",88,"MAE",1.10843555309214,0.326276514108681,0.530646768586381,0.551795387234415,0.845333497198262,0.331099817714776,0.642991322333622,0.551795387234415,0.497404161124701,0.142895421569086,0.000499738710381796,0.292176079537271
"Environment2",88,"MSE",1.10754919010923,0.345747046115372,0.514884983380845,0.64515943661295,0.752153616152127,0.361496869266293,0.706651265360241,0.64515943661295,0.586281735944979,0.191965925840513,0.00225742302283087,0.292176079537271
"Environment2",88,"GAUSSIAN",1.09830289409825,0.299079639148301,0.523921740232019,0.639787309172704,0.757825862668684,0.320211370094948,0.704373880670731,0.639787309172704,0.476052393095738,0.27250930421837,0.0806509363376296,0.292176079537271
"Environment3",88,"GLM",1.10042747540667,0.163340782760744,0.578562595611211,0.302330948082605,0.854747374524176,0.228703481725229,0.637368270157816,0.302330948082605,0.0640927442783309,0.117238020008964,0.584592363679826,0.0730440198843178
"Environment3",88,"POISSON",1.07425934385212,0.275567797383042,0.568685210215742,0.281384037515239,0.790888839073532,0.292533944132087,0.670632330395295,0.32967712654832,0.210549937846736,0.179605134314537,0.24107922623416,0.0730440198843178
"Environment3",88,"MAE",1.10843555309214,0.326276514108681,0.530646768586381,0.551795387234415,0.845333497198262,0.331099817714776,0.642991322333622,0.551795387234415,0.0967111107298659,0.131116860218245,0.460760732779877,0.0730440198843178
"Environment3",88,"MSE",1.10754919010923,0.345747046115372,0.514884983380845,0.64515943661295,0.752153616152127,0.361496869266293,0.706651265360241,0.64515943661295,0.266685347663963,0.176737964858175,0.131316483826012,0.0730440198843178
"Environment3",88,"GAUSSIAN",1.09830289409825,0.299079639148301,0.523921740232019,0.639787309172704,0.757825862668684,0.320211370094948,0.704373880670731,0.639787309172704,0.240481341529143,0.163842565482978,0.142169795132951,0.0730440198843178
"Environment1",89,"GLM",0.482706630210851,0.0440641091584037,0.667921517612034,0.286653174916121,0.703400691391976,0.0862709387049008,0.65608919494076,0.286653174916121,1.23149329334936,0.193664223621093,2.0319091955758e-10,1.28784313654244
"Environment1",89,"POISSON",0.513350252903318,0.0986053909551139,0.663837758333156,0.366284847882971,0.649508412973857,0.169408226430777,0.699344949710331,0.330718888691071,1.06954684548975,0.165812760563063,1.11607653941012e-10,1.28784313654244
"Environment1",89,"MAE",0.581666793947538,0.207870107640774,0.691630008981075,0.520688904317089,0.693187834156167,0.256418346073979,0.695394170279506,0.520688904317089,0.964774867119648,0.129507910325199,9.36634499587924e-14,1.28784313654244
"Environment1",89,"MSE",0.551326040163873,0.174285869328896,0.649204287583844,0.617020848529498,0.619626177101305,0.228669634094596,0.723453588044468,0.617020848529498,1.02754659407235,0.216753530082617,2.13062912855216e-06,1.28784313654244
"Environment1",89,"GAUSSIAN",0.598091043061254,0.265820539070065,0.582956637059824,0.66853386994887,0.576450167296582,0.288415953645099,0.741764285754412,0.66853386994887,1.01738747408152,0.21923069561454,3.47203442918622e-06,1.28784313654244
"Environment2",89,"GLM",0.482706630210851,0.0440641091584037,0.667921517612034,0.286653174916121,0.703400691391976,0.0862709387049008,0.65608919494076,0.286653174916121,0.358117679579854,0.121598913390018,0.00322878448672713,0.257568627308488
"Environment2",89,"POISSON",0.513350252903318,0.0986053909551139,0.663837758333156,0.366284847882971,0.649508412973857,0.169408226430777,0.699344949710331,0.330718888691071,0.352908334720732,0.116601179099815,0.00247298505595468,0.257568627308488
"Environment2",89,"MAE",0.581666793947538,0.207870107640774,0.691630008981075,0.520688904317089,0.693187834156167,0.256418346073979,0.695394170279506,0.520688904317089,0.375764458467993,0.197791620989157,0.0574594128184625,0.257568627308488
"Environment2",89,"MSE",0.551326040163873,0.174285869328896,0.649204287583844,0.617020848529498,0.619626177101305,0.228669634094596,0.723453588044468,0.617020848529498,0.392518185369481,0.145669769551341,0.00704783672757298,0.257568627308488
"Environment2",89,"GAUSSIAN",0.598091043061254,0.265820539070065,0.582956637059824,0.66853386994887,0.576450167296582,0.288415953645099,0.741764285754412,0.66853386994887,0.444003680798924,0.165014165358622,0.00713021961506879,0.257568627308488
"Environment3",89,"GLM",0.482706630210851,0.0440641091584037,0.667921517612034,0.286653174916121,0.703400691391976,0.0862709387049008,0.65608919494076,0.286653174916121,0.104342119885016,0.114268869382724,0.361175153313291,0.064392156827122
"Environment3",89,"POISSON",0.513350252903318,0.0986053909551139,0.663837758333156,0.366284847882971,0.649508412973857,0.169408226430777,0.699344949710331,0.330718888691071,0.10936047792123,0.0945229596518093,0.247283539804839,0.064392156827122
"Environment3",89,"MAE",0.581666793947538,0.207870107640774,0.691630008981075,0.520688904317089,0.693187834156167,0.256418346073979,0.695394170279506,0.520688904317089,0.104993654361156,0.127278146438276,0.40941983992224,0.064392156827122
"Environment3",89,"MSE",0.551326040163873,0.174285869328896,0.649204287583844,0.617020848529498,0.619626177101305,0.228669634094596,0.723453588044468,0.617020848529498,0.149156181908415,0.107650761954708,0.165882456946852,0.064392156827122
"Environment3",89,"GAUSSIAN",0.598091043061254,0.265820539070065,0.582956637059824,0.66853386994887,0.576450167296582,0.288415953645099,0.741764285754412,0.66853386994887,0.175399191403844,0.112403921421758,0.118656744661332,0.064392156827122
"Environment1",90,"GLM",0.715886382155356,0.201325627144127,0.760550692944512,0.354694281735828,0.871984720927107,0.194363331909483,0.648343114357144,0.354694281735828,1.65983225272649,0.243575956412034,9.46356790562366e-12,1.43397187772001
"Environment1",90,"POISSON",0.85302303822337,0.347664700594692,0.728770502018425,0.324786809875023,0.698312824019343,0.350854039514063,0.695623546857656,0.429311957909025,1.28089194240591,0.252197364397487,3.79572994861408e-07,1.43397187772001
"Environment1",90,"MAE",0.791991906800075,0.345497911193017,0.707445683351408,0.551823135672901,0.778011163462984,0.339894524132657,0.669672685584722,0.551823135672901,1.23493532635383,0.330008157278353,0.000182462891359888,1.43397187772001
"Environment1",90,"MSE",0.904739429900801,0.377574967331896,0.698025496464522,0.682877017990954,0.654447736614226,0.38607628083059,0.715992690404835,0.682877017990954,1.24947233115788,0.347431075077691,0.000322754275847127,1.43397187772001
"Environment1",90,"GAUSSIAN",0.965673866383247,0.488929332982345,0.683015308567836,0.739806693889629,0.592801332879996,0.480408020732501,0.731967043304778,0.739806693889629,1.42845194089427,0.399450531380835,0.00034883541927322,1.43397187772001
"Environment2",90,"GLM",0.715886382155356,0.201325627144127,0.760550692944512,0.354694281735828,0.871984720927107,0.194363331909483,0.648343114357144,0.354694281735828,0.208018559625662,0.110974237508254,0.0608648286061395,0.286794375544002
"Environment2",90,"POISSON",0.85302303822337,0.347664700594692,0.728770502018425,0.324786809875023,0.698312824019343,0.350854039514063,0.695623546857656,0.429311957909025,0.212875848464427,0.140192857799082,0.128900988758179,0.286794375544002
"Environment2",90,"MAE",0.791991906800075,0.345497911193017,0.707445683351408,0.551823135672901,0.778011163462984,0.339894524132657,0.669672685584722,0.551823135672901,0.264350651378895,0.140930653548901,0.0606896381011436,0.286794375544002
"Environment2",90,"MSE",0.904739429900801,0.377574967331896,0.698025496464522,0.682877017990954,0.654447736614226,0.38607628083059,0.715992690404835,0.682877017990954,0.216635455687428,0.179751634099886,0.228128708446034,0.286794375544002
"Environment2",90,"GAUSSIAN",0.965673866383247,0.488929332982345,0.683015308567836,0.739806693889629,0.592801332879996,0.480408020732501,0.731967043304778,0.739806693889629,0.233398999103269,0.233600876523808,0.317728909829492,0.286794375544002
"Environment3",90,"GLM",0.715886382155356,0.201325627144127,0.760550692944512,0.354694281735828,0.871984720927107,0.194363331909483,0.648343114357144,0.354694281735828,-0.132635945722132,0.128084549147214,0.300419450071062,0.0716985938860006
"Environment3",90,"POISSON",0.85302303822337,0.347664700594692,0.728770502018425,0.324786809875023,0.698312824019343,0.350854039514063,0.695623546857656,0.429311957909025,-0.0493208182358126,0.135664626516602,0.71619438184311,0.0716985938860006
"Environment3",90,"MAE",0.791991906800075,0.345497911193017,0.707445683351408,0.551823135672901,0.778011163462984,0.339894524132657,0.669672685584722,0.551823135672901,-0.136901622669306,0.175590101155079,0.435587527178283,0.0716985938860006
"Environment3",90,"MSE",0.904739429900801,0.377574967331896,0.698025496464522,0.682877017990954,0.654447736614226,0.38607628083059,0.715992690404835,0.682877017990954,0.0373257841884606,0.191502277278948,0.845463097537848,0.0716985938860006
"Environment3",90,"GAUSSIAN",0.965673866383247,0.488929332982345,0.683015308567836,0.739806693889629,0.592801332879996,0.480408020732501,0.731967043304778,0.739806693889629,-0.0728721247883334,0.310189814970545,0.814264987296308,0.0716985938860006
"Environment1",91,"GLM",0.712989940520793,0.202818127517215,0.671380424990918,0.271813350169727,0.777266078279616,0.173053378209244,0.675065558319716,0.271813350169727,1.34067890750319,0.198689711352969,1.5030953921221e-11,1.55985089471692
"Environment1",91,"POISSON",0.73299647489701,0.218708390198925,0.63510649425084,0.296256490923399,0.724001168548502,0.215431648727819,0.695084951801337,0.302521581741982,1.20316800191002,0.219350315603484,4.13133444415251e-08,1.55985089471692
"Environment1",91,"MAE",0.822961399554426,0.236318374457781,0.633542962753423,0.519760047552973,0.768945174948943,0.254828864433168,0.698666351150728,0.519760047552973,1.04985465261641,0.163171017711387,1.24227076683094e-10,1.55985089471692
"Environment1",91,"MSE",0.771414446945932,0.35714433776165,0.638546263545158,0.670869049147967,0.636576489165911,0.307970032721119,0.760851440979582,0.670869049147967,1.14652381137946,0.154703733210604,1.25262351113042e-13,1.55985089471692
"Environment1",91,"GAUSSIAN",0.752240096496313,0.338289742410199,0.623015184004148,0.692930865720276,0.614871431027538,0.334564903860166,0.772187432616779,0.692930865720276,1.17269246616284,0.265305137518554,9.86255966526626e-06,1.55985089471692
"Environment2",91,"GLM",0.712989940520793,0.202818127517215,0.671380424990918,0.271813350169727,0.777266078279616,0.173053378209244,0.675065558319716,0.271813350169727,0.386925725874483,0.147518401561629,0.00871853605042604,0.311970178943385
"Environment2",91,"POISSON",0.73299647489701,0.218708390198925,0.63510649425084,0.296256490923399,0.724001168548502,0.215431648727819,0.695084951801337,0.302521581741982,0.367675187099537,0.182948145958232,0.0444604619698849,0.311970178943385
"Environment2",91,"MAE",0.822961399554426,0.236318374457781,0.633542962753423,0.519760047552973,0.768945174948943,0.254828864433168,0.698666351150728,0.519760047552973,0.258777783878562,0.238918858197014,0.278755180982857,0.311970178943385
"Environment2",91,"MSE",0.771414446945932,0.35714433776165,0.638546263545158,0.670869049147967,0.636576489165911,0.307970032721119,0.760851440979582,0.670869049147967,0.358608662815968,0.17562034233809,0.0411560931908765,0.311970178943385
"Environment2",91,"GAUSSIAN",0.752240096496313,0.338289742410199,0.623015184004148,0.692930865720276,0.614871431027538,0.334564903860166,0.772187432616779,0.692930865720276,0.407300488391493,0.164347915915072,0.0132016742861273,0.311970178943385
"Environment3",91,"GLM",0.712989940520793,0.202818127517215,0.671380424990918,0.271813350169727,0.777266078279616,0.173053378209244,0.675065558319716,0.271813350169727,0.269904617309701,0.134126189367614,0.0441863694908861,0.0779925447358462
"Environment3",91,"POISSON",0.73299647489701,0.218708390198925,0.63510649425084,0.296256490923399,0.724001168548502,0.215431648727819,0.695084951801337,0.302521581741982,0.227810975523307,0.15259257982206,0.135453906607688,0.0779925447358462
"Environment3",91,"MAE",0.822961399554426,0.236318374457781,0.633542962753423,0.519760047552973,0.768945174948943,0.254828864433168,0.698666351150728,0.519760047552973,0.250789120932261,0.179596589376943,0.162593331852271,0.0779925447358462
"Environment3",91,"MSE",0.771414446945932,0.35714433776165,0.638546263545158,0.670869049147967,0.636576489165911,0.307970032721119,0.760851440979582,0.670869049147967,0.311469623262528,0.244178870763868,0.202104115690905,0.0779925447358462
"Environment3",91,"GAUSSIAN",0.752240096496313,0.338289742410199,0.623015184004148,0.692930865720276,0.614871431027538,0.334564903860166,0.772187432616779,0.692930865720276,0.236692481470745,0.158580850630404,0.135550670989912,0.0779925447358462
"Environment1",92,"GLM",0.866489999618993,0.073896769067892,0.609624976503763,0.282464762254888,0.718053296607056,0.078778420401344,0.631955204426983,0.282464762254888,1.18855422977017,0.18366829673013,9.72278217466084e-11,1.24548677641922
"Environment1",92,"POISSON",0.926708069131178,0.211948806874505,0.566742017596549,0.230498921365587,0.645419564086106,0.188369787967003,0.676709622867661,0.327327967830655,0.890984466044174,0.157778255319959,1.63207713693296e-08,1.24548677641922
"Environment1",92,"MAE",0.932308401259919,0.229205146751247,0.60161044292159,0.495572928760488,0.687089883352797,0.211783353836726,0.66499942378547,0.495572928760488,0.951884578267428,0.208442200397093,4.95557729633991e-06,1.24548677641922
"Environment1",92,"MSE",0.917272436686226,0.248901055385712,0.577670927026786,0.586705722475793,0.621933652862262,0.204941714484659,0.699768427468038,0.586705722475793,0.943168817932528,0.157394712811899,2.06792919260692e-09,1.24548677641922
"Environment1",92,"GAUSSIAN",0.936617092230961,0.323922346323548,0.558831568866093,0.654113548363608,0.568959216147273,0.274007195746153,0.731281391452194,0.654113548363608,0.997024731572128,0.159417951399128,3.9967145298618e-10,1.24548677641922
"Environment2",92,"GLM",0.866489999618993,0.073896769067892,0.609624976503763,0.282464762254888,0.718053296607056,0.078778420401344,0.631955204426983,0.282464762254888,0.25997711204867,0.115278538748672,0.0241202601104387,0.249097355283844
"Environment2",92,"POISSON",0.926708069131178,0.211948806874505,0.566742017596549,0.230498921365587,0.645419564086106,0.188369787967003,0.676709622867661,0.327327967830655,0.19140862989329,0.0855189792689636,0.0252079771792803,0.249097355283844
"Environment2",92,"MAE",0.932308401259919,0.229205146751247,0.60161044292159,0.495572928760488,0.687089883352797,0.211783353836726,0.66499942378547,0.495572928760488,0.229431383410807,0.128626789740475,0.0744727060600437,0.249097355283844
"Environment2",92,"MSE",0.917272436686226,0.248901055385712,0.577670927026786,0.586705722475793,0.621933652862262,0.204941714484659,0.699768427468038,0.586705722475793,0.199104206304249,0.0706274657962718,0.00481620866310315,0.249097355283844
"Environment2",92,"GAUSSIAN",0.936617092230961,0.323922346323548,0.558831568866093,0.654113548363608,0.568959216147273,0.274007195746153,0.731281391452194,0.654113548363608,0.205954180717472,0.127513677009788,0.10627742531608,0.249097355283844
"Environment3",92,"GLM",0.866489999618993,0.073896769067892,0.609624976503763,0.282464762254888,0.718053296607056,0.078778420401344,0.631955204426983,0.282464762254888,0.147849774325538,0.112899994758208,0.190343356931787,0.0622743388209609
"Environment3",92,"POISSON",0.926708069131178,0.211948806874505,0.566742017596549,0.230498921365587,0.645419564086106,0.188369787967003,0.676709622867661,0.327327967830655,0.0591103823956837,0.138467791975732,0.669460150817382,0.0622743388209609
"Environment3",92,"MAE",0.932308401259919,0.229205146751247,0.60161044292159,0.495572928760488,0.687089883352797,0.211783353836726,0.66499942378547,0.495572928760488,0.0439883630062044,0.183452821820099,0.810500620596798,0.0622743388209609
"Environment3",92,"MSE",0.917272436686226,0.248901055385712,0.577670927026786,0.586705722475793,0.621933652862262,0.204941714484659,0.699768427468038,0.586705722475793,0.0155059940425963,0.110732417522757,0.888635333947727,0.0622743388209609
"Environment3",92,"GAUSSIAN",0.936617092230961,0.323922346323548,0.558831568866093,0.654113548363608,0.568959216147273,0.274007195746153,0.731281391452194,0.654113548363608,-0.0956811285485765,0.279306863276885,0.73192473182566,0.0622743388209609
"Environment1",93,"GLM",1.07690210797221,0.237139583110054,0.599185061209742,0.291062917589363,0.867620278617219,0.189379645661227,0.652269927918799,0.291062917589363,1.78762193141307,0.247101447982564,4.67714210658726e-13,1.47704379552835
"Environment1",93,"POISSON",1.11886293519326,0.377713338239866,0.560504290113452,0.161426791483998,0.740504854873336,0.399507682182266,0.72805661845129,0.3639657327668,1.41300927950462,0.254709791134304,2.89739495188634e-08,1.47704379552835
"Environment1",93,"MAE",1.07797408233607,0.329998078017311,0.52454899340335,0.593022462196469,0.788523602636843,0.359849757068456,0.732907265446523,0.593022462196469,1.31707504909072,0.272085842576388,1.29408629241353e-06,1.47704379552835
"Environment1",93,"MSE",1.12906777083893,0.413662476637307,0.529056508734354,0.679179777303573,0.70010043168708,0.449544887287427,0.761457390931357,0.679179777303573,1.38028113384215,0.293757378293438,2.61808139487957e-06,1.47704379552835
"Environment1",93,"GAUSSIAN",1.1416243204979,0.457480128015499,0.540063232217038,0.704850079577224,0.671507415076078,0.490950482221236,0.774671222401131,0.704850079577224,1.4461859184951,0.234207884829491,6.62489400241997e-10,1.47704379552835
"Environment2",93,"GLM",1.07690210797221,0.237139583110054,0.599185061209742,0.291062917589363,0.867620278617219,0.189379645661227,0.652269927918799,0.291062917589363,0.346587592189709,0.13203409905663,0.00866526637799827,0.29540875910567
"Environment2",93,"POISSON",1.11886293519326,0.377713338239866,0.560504290113452,0.161426791483998,0.740504854873336,0.399507682182266,0.72805661845129,0.3639657327668,0.205051034453179,0.15973708876122,0.19925454041545,0.29540875910567
"Environment2",93,"MAE",1.07797408233607,0.329998078017311,0.52454899340335,0.593022462196469,0.788523602636843,0.359849757068456,0.732907265446523,0.593022462196469,0.253459799991969,0.121456017796587,0.036902210044999,0.29540875910567
"Environment2",93,"MSE",1.12906777083893,0.413662476637307,0.529056508734354,0.679179777303573,0.70010043168708,0.449544887287427,0.761457390931357,0.679179777303573,0.292914935735737,0.235095524180659,0.212786394945627,0.29540875910567
"Environment2",93,"GAUSSIAN",1.1416243204979,0.457480128015499,0.540063232217038,0.704850079577224,0.671507415076078,0.490950482221236,0.774671222401131,0.704850079577224,0.222046865545981,0.199046041809025,0.264612537778932,0.29540875910567
"Environment3",93,"GLM",1.07690210797221,0.237139583110054,0.599185061209742,0.291062917589363,0.867620278617219,0.189379645661227,0.652269927918799,0.291062917589363,-0.0365583025496391,0.128419671798666,0.775890565251436,0.0738521897764175
"Environment3",93,"POISSON",1.11886293519326,0.377713338239866,0.560504290113452,0.161426791483998,0.740504854873336,0.399507682182266,0.72805661845129,0.3639657327668,-0.0209903320826652,0.0846669194887764,0.804198960782208,0.0738521897764175
"Environment3",93,"MAE",1.07797408233607,0.329998078017311,0.52454899340335,0.593022462196469,0.788523602636843,0.359849757068456,0.732907265446523,0.593022462196469,-0.0467766414912604,0.133795608437499,0.726629392106634,0.0738521897764175
"Environment3",93,"MSE",1.12906777083893,0.413662476637307,0.529056508734354,0.679179777303573,0.70010043168708,0.449544887287427,0.761457390931357,0.679179777303573,0.021665888704797,0.158668545688394,0.891388001002464,0.0738521897764175
"Environment3",93,"GAUSSIAN",1.1416243204979,0.457480128015499,0.540063232217038,0.704850079577224,0.671507415076078,0.490950482221236,0.774671222401131,0.704850079577224,-0.00259366058289743,0.187281001642049,0.988950424404241,0.0738521897764175
"Environment1",94,"GLM",0.892815363736359,0.111010486361644,0.639968760584409,0.265580557162918,0.757838117562986,0.118103566196946,0.571064940011755,0.265580557162918,1.34343407132646,0.204717853625863,5.29596047734739e-11,1.37102631162045
"Environment1",94,"POISSON",0.77945593892726,0.249598419842321,0.624705074279423,0.392507642257558,0.681158338567772,0.247880926068597,0.642271667611833,0.323364185810607,1.35983139420869,0.24468859130293,2.73829066110708e-08,1.37102631162045
"Environment1",94,"MAE",0.759456493790553,0.308726995698625,0.657555181761893,0.542914669773729,0.725003637828459,0.305491876617964,0.628983206892451,0.542914669773729,1.25318270207972,0.294934745750081,2.14710777256266e-05,1.37102631162045
"Environment1",94,"MSE",0.794802970697316,0.268954344154177,0.632005098164416,0.642751714094693,0.640953644017985,0.289144535259144,0.696917554099695,0.642751714094693,1.45512221569484,0.230070063042979,2.53738688255539e-10,1.37102631162045
"Environment1",94,"GAUSSIAN",0.807484393772233,0.264321278644856,0.635655110106913,0.654447652973218,0.630374254663246,0.292784971060974,0.714521982776653,0.654447652973218,1.38130404657839,0.3241440920194,2.0316031413878e-05,1.37102631162045
"Environment2",94,"GLM",0.892815363736359,0.111010486361644,0.639968760584409,0.265580557162918,0.757838117562986,0.118103566196946,0.571064940011755,0.265580557162918,0.333297052354229,0.122809844577862,0.00664906541466606,0.27420526232409
"Environment2",94,"POISSON",0.77945593892726,0.249598419842321,0.624705074279423,0.392507642257558,0.681158338567772,0.247880926068597,0.642271667611833,0.323364185810607,0.169952002725558,0.172714211182732,0.325112042879972,0.27420526232409
"Environment2",94,"MAE",0.759456493790553,0.308726995698625,0.657555181761893,0.542914669773729,0.725003637828459,0.305491876617964,0.628983206892451,0.542914669773729,0.350670598133804,0.183939325408344,0.0565922195642675,0.27420526232409
"Environment2",94,"MSE",0.794802970697316,0.268954344154177,0.632005098164416,0.642751714094693,0.640953644017985,0.289144535259144,0.696917554099695,0.642751714094693,0.17590322175279,0.186055279502708,0.344436707435932,0.27420526232409
"Environment2",94,"GAUSSIAN",0.807484393772233,0.264321278644856,0.635655110106913,0.654447652973218,0.630374254663246,0.292784971060974,0.714521982776653,0.654447652973218,0.111132028875672,0.169538568982805,0.512147796325562,0.27420526232409
"Environment3",94,"GLM",0.892815363736359,0.111010486361644,0.639968760584409,0.265580557162918,0.757838117562986,0.118103566196946,0.571064940011755,0.265580557162918,-0.0913579641418573,0.125548850333814,0.466816437215742,0.0685513155810224
"Environment3",94,"POISSON",0.77945593892726,0.249598419842321,0.624705074279423,0.392507642257558,0.681158338567772,0.247880926068597,0.642271667611833,0.323364185810607,-0.0591895049953746,0.207998853217628,0.775976282103485,0.0685513155810224
"Environment3",94,"MAE",0.759456493790553,0.308726995698625,0.657555181761893,0.542914669773729,0.725003637828459,0.305491876617964,0.628983206892451,0.542914669773729,-0.0171595265057101,0.211315061309112,0.935280101343262,0.0685513155810224
"Environment3",94,"MSE",0.794802970697316,0.268954344154177,0.632005098164416,0.642751714094693,0.640953644017985,0.289144535259144,0.696917554099695,0.642751714094693,0.00216496992482462,0.135992311790551,0.987298376706273,0.0685513155810224
"Environment3",94,"GAUSSIAN",0.807484393772233,0.264321278644856,0.635655110106913,0.654447652973218,0.630374254663246,0.292784971060974,0.714521982776653,0.654447652973218,-0.0716818137545306,0.12821860325979,0.576121190737793,0.0685513155810224
"Environment1",95,"GLM",0.85548487410709,0.194091186004884,0.650915184416051,0.293645692464716,0.819583577873894,0.260813991591059,0.619847709509216,0.293645692464716,1.20295748322418,0.199630796303137,1.68159330821078e-09,1.50887163751198
"Environment1",95,"POISSON",0.793869564096778,0.183524460037972,0.65677372942027,0.22180174258237,0.766540270179814,0.310939914111759,0.658822306009189,0.329833075905286,0.996889322881034,0.246924926661716,5.40892092423635e-05,1.50887163751198
"Environment1",95,"MAE",0.815476109645291,0.349868613706542,0.645981672833552,0.449628510865865,0.824118509028464,0.457757243906891,0.655536249037512,0.449628510865865,0.843744078178343,0.250056866276276,0.000740281936295922,1.50887163751198
"Environment1",95,"MSE",0.780614798376298,0.202615239189919,0.62809769334699,0.589350633025678,0.711864413663762,0.316789792247575,0.691736967198739,0.589350633025678,1.0828869559225,0.267093006070644,5.02751639740799e-05,1.50887163751198
"Environment1",95,"GAUSSIAN",0.776742697884548,0.221778600127606,0.620491862990637,0.586193280484402,0.714595823159663,0.373377172595114,0.691446225532521,0.586193280484402,1.05824222242988,0.237454778953248,8.32677156092913e-06,1.50887163751198
"Environment2",95,"GLM",0.85548487410709,0.194091186004884,0.650915184416051,0.293645692464716,0.819583577873894,0.260813991591059,0.619847709509216,0.293645692464716,0.328422422701026,0.124539886140313,0.00836215642139383,0.301774327502397
"Environment2",95,"POISSON",0.793869564096778,0.183524460037972,0.65677372942027,0.22180174258237,0.766540270179814,0.310939914111759,0.658822306009189,0.329833075905286,0.249794656424951,0.161592387743323,0.122145187688067,0.301774327502397
"Environment2",95,"MAE",0.815476109645291,0.349868613706542,0.645981672833552,0.449628510865865,0.824118509028464,0.457757243906891,0.655536249037512,0.449628510865865,0.1129075366256,0.113741832586109,0.320873235202934,0.301774327502397
"Environment2",95,"MSE",0.780614798376298,0.202615239189919,0.62809769334699,0.589350633025678,0.711864413663762,0.316789792247575,0.691736967198739,0.589350633025678,0.144044514040173,0.310064802956707,0.642244713526482,0.301774327502397
"Environment2",95,"GAUSSIAN",0.776742697884548,0.221778600127606,0.620491862990637,0.586193280484402,0.714595823159663,0.373377172595114,0.691446225532521,0.586193280484402,0.183477864938318,0.202665651624223,0.365294323231558,0.301774327502397
"Environment3",95,"GLM",0.85548487410709,0.194091186004884,0.650915184416051,0.293645692464716,0.819583577873894,0.260813991591059,0.619847709509216,0.293645692464716,0.320929293280249,0.119704131624981,0.00733979049457354,0.0754435818755992
"Environment3",95,"POISSON",0.793869564096778,0.183524460037972,0.65677372942027,0.22180174258237,0.766540270179814,0.310939914111759,0.658822306009189,0.329833075905286,0.214334500116936,0.0911762877433454,0.0187346000928678,0.0754435818755992
"Environment3",95,"MAE",0.815476109645291,0.349868613706542,0.645981672833552,0.449628510865865,0.824118509028464,0.457757243906891,0.655536249037512,0.449628510865865,0.319279528967691,0.132585804010046,0.0160359024799757,0.0754435818755992
"Environment3",95,"MSE",0.780614798376298,0.202615239189919,0.62809769334699,0.589350633025678,0.711864413663762,0.316789792247575,0.691736967198739,0.589350633025678,0.294906844436573,0.206326412150018,0.152911755203715,0.0754435818755992
"Environment3",95,"GAUSSIAN",0.776742697884548,0.221778600127606,0.620491862990637,0.586193280484402,0.714595823159663,0.373377172595114,0.691446225532521,0.586193280484402,0.248626098478489,0.136794628270458,0.0691385064666412,0.0754435818755992
"Environment1",96,"GLM",0.849384703993297,0.229243484257854,0.600417713217511,0.303100208744291,0.773140050676087,0.208700393654718,0.710861574855825,0.303100208744291,1.57586510870806,0.226932025757543,3.80566597738868e-12,1.51070577810177
"Environment1",96,"POISSON",0.854282134988799,0.260092753399892,0.568795443378912,0.0826836842442011,0.712567768769997,0.299724963084338,0.732091765811618,0.338273474547564,1.19410401506466,0.193069227596148,6.21619514708866e-10,1.51070577810177
"Environment1",96,"MAE",0.906344510929586,0.345994572715311,0.495820974520605,0.492322976866256,0.766108499798512,0.328051424578224,0.731433084267724,0.492322976866256,1.11816844591919,0.243118815880527,4.23979270092446e-06,1.51070577810177
"Environment1",96,"MSE",0.939680455022977,0.366729391134743,0.526632416927446,0.606297656577875,0.674653109820649,0.321762391162601,0.755353710783401,0.606297656577875,1.29209455151668,0.236717022091401,4.8046309278724e-08,1.51070577810177
"Environment1",96,"GAUSSIAN",0.957926648201758,0.367945762187031,0.516091660314579,0.611974086174775,0.669771852059626,0.307447302983635,0.762251843369947,0.611974086174775,1.25169759806361,0.162103742360602,1.1489320940683e-14,1.51070577810177
"Environment2",96,"GLM",0.849384703993297,0.229243484257854,0.600417713217511,0.303100208744291,0.773140050676087,0.208700393654718,0.710861574855825,0.303100208744291,0.0544694965033337,0.128890767338463,0.672585664645977,0.302141155620355
"Environment2",96,"POISSON",0.854282134988799,0.260092753399892,0.568795443378912,0.0826836842442011,0.712567768769997,0.299724963084338,0.732091765811618,0.338273474547564,-0.000214078371701873,0.160598157294388,0.998936415087975,0.302141155620355
"Environment2",96,"MAE",0.906344510929586,0.345994572715311,0.495820974520605,0.492322976866256,0.766108499798512,0.328051424578224,0.731433084267724,0.492322976866256,0.0897864964510798,0.143701943399761,0.532095377514415,0.302141155620355
"Environment2",96,"MSE",0.939680455022977,0.366729391134743,0.526632416927446,0.606297656577875,0.674653109820649,0.321762391162601,0.755353710783401,0.606297656577875,-0.0355972704300666,0.161739901988727,0.825801373769194,0.302141155620355
"Environment2",96,"GAUSSIAN",0.957926648201758,0.367945762187031,0.516091660314579,0.611974086174775,0.669771852059626,0.307447302983635,0.762251843369947,0.611974086174775,0.023809526496553,0.233681641320264,0.918844992716488,0.302141155620355
"Environment3",96,"GLM",0.849384703993297,0.229243484257854,0.600417713217511,0.303100208744291,0.773140050676087,0.208700393654718,0.710861574855825,0.303100208744291,-0.00658655602213591,0.108106669368421,0.951417781303722,0.0755352889050887
"Environment3",96,"POISSON",0.854282134988799,0.260092753399892,0.568795443378912,0.0826836842442011,0.712567768769997,0.299724963084338,0.732091765811618,0.338273474547564,0.00745878894004704,0.118196588204762,0.949682938345998,0.0755352889050887
"Environment3",96,"MAE",0.906344510929586,0.345994572715311,0.495820974520605,0.492322976866256,0.766108499798512,0.328051424578224,0.731433084267724,0.492322976866256,0.0659664694738134,0.144830623576293,0.648768834461984,0.0755352889050887
"Environment3",96,"MSE",0.939680455022977,0.366729391134743,0.526632416927446,0.606297656577875,0.674653109820649,0.321762391162601,0.755353710783401,0.606297656577875,0.0541510708419082,0.237825200668496,0.819885119265068,0.0755352889050887
"Environment3",96,"GAUSSIAN",0.957926648201758,0.367945762187031,0.516091660314579,0.611974086174775,0.669771852059626,0.307447302983635,0.762251843369947,0.611974086174775,0.110404058545152,0.150065589418451,0.461910026771906,0.0755352889050887
"Environment1",97,"GLM",0.837185320993691,0.104523479957979,0.594336643918374,0.262186918778583,0.847823564822733,0.104223650846487,0.625955285814113,0.262186918778583,1.62219833278173,0.238967178113638,1.13405167622387e-11,1.43380124662637
"Environment1",97,"POISSON",0.724603069820068,0.155225586294747,0.59724321983738,0.302681437740814,0.790981247470578,0.185868450209945,0.668478494110601,0.306732584875606,1.26884987869475,0.205664280958447,6.84976458206907e-10,1.43380124662637
"Environment1",97,"MAE",0.733117462408133,0.161052572604173,0.58747712474952,0.43386706309269,0.848231964106981,0.199691262662785,0.664979435886018,0.43386706309269,1.25301154877868,0.32622525735706,0.000122564211777218,1.43380124662637
"Environment1",97,"MSE",0.768261029497274,0.194408957726881,0.590616226742046,0.532924441196938,0.77045804420309,0.216251688070473,0.687864365490645,0.532924441196938,1.3308767633969,0.264979034570084,5.0983589938892e-07,1.43380124662637
"Environment1",97,"GAUSSIAN",0.734454330058806,0.229093644046152,0.59724321983738,0.531219474578063,0.771862965356655,0.236607932871041,0.687458534126549,0.531219474578063,1.29238606973308,0.303916187560142,2.11451652212044e-05,1.43380124662637
"Environment2",97,"GLM",0.837185320993691,0.104523479957979,0.594336643918374,0.262186918778583,0.847823564822733,0.104223650846487,0.625955285814113,0.262186918778583,0.307432804580264,0.122864627820987,0.0123421531921643,0.286760249325274
"Environment2",97,"POISSON",0.724603069820068,0.155225586294747,0.59724321983738,0.302681437740814,0.790981247470578,0.185868450209945,0.668478494110601,0.306732584875606,0.289219263786574,0.118269692735703,0.0144682892464286,0.286760249325274
"Environment2",97,"MAE",0.733117462408133,0.161052572604173,0.58747712474952,0.43386706309269,0.848231964106981,0.199691262662785,0.664979435886018,0.43386706309269,0.26818115714602,0.139225567427628,0.0540750407639211,0.286760249325274
"Environment2",97,"MSE",0.768261029497274,0.194408957726881,0.590616226742046,0.532924441196938,0.77045804420309,0.216251688070473,0.687864365490645,0.532924441196938,0.404270080552333,0.191165835281244,0.0344503100951735,0.286760249325274
"Environment2",97,"GAUSSIAN",0.734454330058806,0.229093644046152,0.59724321983738,0.531219474578063,0.771862965356655,0.236607932871041,0.687458534126549,0.531219474578063,0.425338483262385,0.275230178862586,0.122251503454274,0.286760249325274
"Environment3",97,"GLM",0.837185320993691,0.104523479957979,0.594336643918374,0.262186918778583,0.847823564822733,0.104223650846487,0.625955285814113,0.262186918778583,0.070067273397083,0.1197949298902,0.558619343085846,0.0716900623313185
"Environment3",97,"POISSON",0.724603069820068,0.155225586294747,0.59724321983738,0.302681437740814,0.790981247470578,0.185868450209945,0.668478494110601,0.306732584875606,0.0065741703839015,0.200618589974624,0.973858402606804,0.0716900623313185
"Environment3",97,"MAE",0.733117462408133,0.161052572604173,0.58747712474952,0.43386706309269,0.848231964106981,0.199691262662785,0.664979435886018,0.43386706309269,0.0188335181206111,0.202162193066217,0.925776104866736,0.0716900623313185
"Environment3",97,"MSE",0.768261029497274,0.194408957726881,0.590616226742046,0.532924441196938,0.77045804420309,0.216251688070473,0.687864365490645,0.532924441196938,0.00957170490069757,0.132839194433481,0.94255827719953,0.0716900623313185
"Environment3",97,"GAUSSIAN",0.734454330058806,0.229093644046152,0.59724321983738,0.531219474578063,0.771862965356655,0.236607932871041,0.687458534126549,0.531219474578063,-0.0321175973322443,0.237873970533333,0.892596547251914,0.0716900623313185
"Environment1",98,"GLM",0.980754027469418,0.124796042458676,0.51786819699725,0.24269790116545,0.778108018621519,0.116868290114852,0.574211704028179,0.24269790116545,1.17964255892633,0.183704544604451,1.35016096848321e-10,1.23053930828687
"Environment1",98,"POISSON",1.10548467425266,0.197435600570445,0.443196875142647,0.20490087276015,0.723057803603492,0.201685823494777,0.625572502072383,0.287219512515598,1.04095044501402,0.261132704186351,6.71147370240073e-05,1.23053930828687
"Environment1",98,"MAE",1.23436307596481,0.369442313731456,0.409799575072656,0.376133569238376,0.793545952387141,0.308838769252615,0.633367436549622,0.376133569238376,0.888289950902145,0.222475376073182,6.53096910800488e-05,1.23053930828687
"Environment1",98,"MSE",1.09684057934144,0.235268395310374,0.426393202151457,0.567149411898982,0.660990591736724,0.247128391713797,0.67092943472635,0.567149411898982,1.18431887958453,0.258436934926132,4.591808297915e-06,1.23053930828687
"Environment1",98,"GAUSSIAN",1.09727411068899,0.297212058539855,0.41988177886737,0.605257316483527,0.631223729096459,0.28201622313034,0.709295311798466,0.605257316483527,1.193348699369,0.315152526754327,0.000152737969904768,1.23053930828687
"Environment2",98,"GLM",0.980754027469418,0.124796042458676,0.51786819699725,0.24269790116545,0.778108018621519,0.116868290114852,0.574211704028179,0.24269790116545,0.199509902336709,0.114451058927517,0.081300491271928,0.246107861657374
"Environment2",98,"POISSON",1.10548467425266,0.197435600570445,0.443196875142647,0.20490087276015,0.723057803603492,0.201685823494777,0.625572502072383,0.287219512515598,0.23956503399323,0.114756657105114,0.0368346899234438,0.246107861657374
"Environment2",98,"MAE",1.23436307596481,0.369442313731456,0.409799575072656,0.376133569238376,0.793545952387141,0.308838769252615,0.633367436549622,0.376133569238376,0.324783386098021,0.204731785741838,0.112652053944528,0.246107861657374
"Environment2",98,"MSE",1.09684057934144,0.235268395310374,0.426393202151457,0.567149411898982,0.660990591736724,0.247128391713797,0.67092943472635,0.567149411898982,0.261420812951947,0.146654677286053,0.0746578989386967,0.246107861657374
"Environment2",98,"GAUSSIAN",1.09727411068899,0.297212058539855,0.41988177886737,0.605257316483527,0.631223729096459,0.28201622313034,0.709295311798466,0.605257316483527,0.261323608503141,0.207990845883174,0.208964169844471,0.246107861657374
"Environment3",98,"GLM",0.980754027469418,0.124796042458676,0.51786819699725,0.24269790116545,0.778108018621519,0.116868290114852,0.574211704028179,0.24269790116545,0.183261892835447,0.115945745349053,0.113973378232043,0.0615269654143435
"Environment3",98,"POISSON",1.10548467425266,0.197435600570445,0.443196875142647,0.20490087276015,0.723057803603492,0.201685823494777,0.625572502072383,0.287219512515598,0.187721677312798,0.15451804545573,0.224409902096312,0.0615269654143435
"Environment3",98,"MAE",1.23436307596481,0.369442313731456,0.409799575072656,0.376133569238376,0.793545952387141,0.308838769252615,0.633367436549622,0.376133569238376,0.0374099645973246,0.176953599750792,0.832566454379805,0.0615269654143435
"Environment3",98,"MSE",1.09684057934144,0.235268395310374,0.426393202151457,0.567149411898982,0.660990591736724,0.247128391713797,0.67092943472635,0.567149411898982,0.154068003011948,0.195385548702404,0.430384853717886,0.0615269654143435
"Environment3",98,"GAUSSIAN",1.09727411068899,0.297212058539855,0.41988177886737,0.605257316483527,0.631223729096459,0.28201622313034,0.709295311798466,0.605257316483527,0.0573211757304137,0.287421050218993,0.841924229839095,0.0615269654143435
"Environment1",99,"GLM",0.961303961616777,0.125955102054129,0.799294482397793,0.355226854324569,0.640205332192872,0.121934728065158,0.701776495805025,0.355226854324569,1.38916029407493,0.213880258112117,8.30127381010895e-11,1.39185700740123
"Environment1",99,"POISSON",1.03960633912539,0.283520891331219,0.767531774093253,0.328555912206609,0.590821482840005,0.225470532518458,0.740194555319361,0.39591953550069,1.04921151825212,0.235862061077583,8.65076558796466e-06,1.39185700740123
"Environment1",99,"MAE",1.10039751987091,0.33419524592243,0.768737952889628,0.621937501832997,0.600824944126115,0.298282867729492,0.757685898902853,0.621937501832997,0.980284208465571,0.300866612963138,0.00112120554475743,1.39185700740123
"Environment1",99,"MSE",0.996763738694712,0.23479367884312,0.744815406761525,0.693652572015677,0.540845566626376,0.233747243143395,0.759090812370278,0.693652572015677,1.17436130400224,0.225065967047737,1.81008278039536e-07,1.39185700740123
"Environment1",99,"GAUSSIAN",1.02055326982424,0.268199287425479,0.754866896731316,0.768571774520255,0.470082753005175,0.317366940161606,0.798105361909104,0.768571774520255,1.18254961994337,0.232570161888831,3.68206610520166e-07,1.39185700740123
"Environment2",99,"GLM",0.961303961616777,0.125955102054129,0.799294482397793,0.355226854324569,0.640205332192872,0.121934728065158,0.701776495805025,0.355226854324569,0.25485025384991,0.115641093247044,0.0275381615863923,0.278371401480246
"Environment2",99,"POISSON",1.03960633912539,0.283520891331219,0.767531774093253,0.328555912206609,0.590821482840005,0.225470532518458,0.740194555319361,0.39591953550069,0.244766151384063,0.127315588788227,0.054540966081,0.278371401480246
"Environment2",99,"MAE",1.10039751987091,0.33419524592243,0.768737952889628,0.621937501832997,0.600824944126115,0.298282867729492,0.757685898902853,0.621937501832997,0.227103084359272,0.12387291577929,0.0667497292760774,0.278371401480246
"Environment2",99,"MSE",0.996763738694712,0.23479367884312,0.744815406761525,0.693652572015677,0.540845566626376,0.233747243143395,0.759090812370278,0.693652572015677,0.235052351047926,0.0976100450522925,0.016036867311343,0.278371401480246
"Environment2",99,"GAUSSIAN",1.02055326982424,0.268199287425479,0.754866896731316,0.768571774520255,0.470082753005175,0.317366940161606,0.798105361909104,0.768571774520255,0.240102575049315,0.134852085795296,0.0749960653647419,0.278371401480246
"Environment3",99,"GLM",0.961303961616777,0.125955102054129,0.799294482397793,0.355226854324569,0.640205332192872,0.121934728065158,0.701776495805025,0.355226854324569,0.0654800360681005,0.101513867855545,0.518904259994538,0.0695928503700615
"Environment3",99,"POISSON",1.03960633912539,0.283520891331219,0.767531774093253,0.328555912206609,0.590821482840005,0.225470532518458,0.740194555319361,0.39591953550069,0.0539523813161873,0.087974624034871,0.539696446418185,0.0695928503700615
"Environment3",99,"MAE",1.10039751987091,0.33419524592243,0.768737952889628,0.621937501832997,0.600824944126115,0.298282867729492,0.757685898902853,0.621937501832997,0.00872049278283214,0.152962326378344,0.954536653502936,0.0695928503700615
"Environment3",99,"MSE",0.996763738694712,0.23479367884312,0.744815406761525,0.693652572015677,0.540845566626376,0.233747243143395,0.759090812370278,0.693652572015677,-0.012680255982209,0.179742165261618,0.943758357547131,0.0695928503700615
"Environment3",99,"GAUSSIAN",1.02055326982424,0.268199287425479,0.754866896731316,0.768571774520255,0.470082753005175,0.317366940161606,0.798105361909104,0.768571774520255,-0.0220943625899645,0.236927146189193,0.925701914606221,0.0695928503700615
"Environment1",100,"GLM",0.801422353000925,0.209212085809028,0.619967845680526,0.254298695460221,0.630176440554455,0.187626802939576,0.655107481501185,0.254298695460221,1.07787972231563,0.176426133013674,9.99286276766907e-10,1.37289935336239
"Environment1",100,"POISSON",0.753974174326032,0.246683046303635,0.624159964847412,0.377599763966163,0.5624559494806,0.284794114161756,0.695598326776599,0.298228991234797,0.945580036114552,0.14044623153252,1.66562035419322e-11,1.37289935336239
"Environment1",100,"MAE",0.814975412428268,0.34167364358326,0.639298172950054,0.516795240493974,0.59745178960244,0.346925985502521,0.700617605152166,0.516795240493974,0.853533315005921,0.126363848075334,1.43260602672414e-11,1.37289935336239
"Environment1",100,"MSE",0.778422687900081,0.304517693610275,0.655251515335147,0.597225168518013,0.545466931504984,0.314391784283192,0.713727387018233,0.597225168518013,0.876048084183203,0.116968186017536,6.90696217257812e-14,1.37289935336239
"Environment1",100,"GAUSSIAN",0.793971614237438,0.384714245350029,0.589807877229877,0.653530563448236,0.505905882838152,0.366545995305662,0.741456733688036,0.653530563448236,0.933710641280413,0.118042782542869,2.57524997888719e-15,1.37289935336239
"Environment2",100,"GLM",0.801422353000925,0.209212085809028,0.619967845680526,0.254298695460221,0.630176440554455,0.187626802939576,0.655107481501185,0.254298695460221,0.251501990042805,0.109801825488795,0.0219918693547812,0.274579870672478
"Environment2",100,"POISSON",0.753974174326032,0.246683046303635,0.624159964847412,0.377599763966163,0.5624559494806,0.284794114161756,0.695598326776599,0.298228991234797,0.244895546507955,0.0734074136835505,0.000849581261804434,0.274579870672478
"Environment2",100,"MAE",0.814975412428268,0.34167364358326,0.639298172950054,0.516795240493974,0.59745178960244,0.346925985502521,0.700617605152166,0.516795240493974,0.282217276639575,0.102616377757435,0.00595558634587583,0.274579870672478
"Environment2",100,"MSE",0.778422687900081,0.304517693610275,0.655251515335147,0.597225168518013,0.545466931504984,0.314391784283192,0.713727387018233,0.597225168518013,0.222698875605311,0.132270935019267,0.092247990703298,0.274579870672478
"Environment2",100,"GAUSSIAN",0.793971614237438,0.384714245350029,0.589807877229877,0.653530563448236,0.505905882838152,0.366545995305662,0.741456733688036,0.653530563448236,0.254794573064173,0.158754499083743,0.108502674050953,0.274579870672478
"Environment3",100,"GLM",0.801422353000925,0.209212085809028,0.619967845680526,0.254298695460221,0.630176440554455,0.187626802939576,0.655107481501185,0.254298695460221,0.157784788210946,0.102588391474494,0.124039457830138,0.0686449676681194
"Environment3",100,"POISSON",0.753974174326032,0.246683046303635,0.624159964847412,0.377599763966163,0.5624559494806,0.284794114161756,0.695598326776599,0.298228991234797,0.0985223167445565,0.106034934755723,0.352811564924838,0.0686449676681194
"Environment3",100,"MAE",0.814975412428268,0.34167364358326,0.639298172950054,0.516795240493974,0.59745178960244,0.346925985502521,0.700617605152166,0.516795240493974,0.0734991843752073,0.0989726541286024,0.457711091309613,0.0686449676681194
"Environment3",100,"MSE",0.778422687900081,0.304517693610275,0.655251515335147,0.597225168518013,0.545466931504984,0.314391784283192,0.713727387018233,0.597225168518013,0.0392457988480783,0.166734385845676,0.813914463537073,0.0686449676681194
"Environment3",100,"GAUSSIAN",0.793971614237438,0.384714245350029,0.589807877229877,0.653530563448236,0.505905882838152,0.366545995305662,0.741456733688036,0.653530563448236,-0.0594272483284294,0.223292723192447,0.790130965820262,0.0686449676681194
